date,state,parlimen,sex,age,ethnicity,population
2020-01-01,Perlis,P.001 Padang Besar,both,overall,overall,86.8
2020-01-01,Perlis,P.001 Padang Besar,both,overall,citizen,84.1
2020-01-01,Perlis,P.001 Padang Besar,both,overall,noncitizen,2.7
2020-01-01,Perlis,P.001 Padang Besar,female,overall,overall,42.3
2020-01-01,Perlis,P.001 Padang Besar,male,overall,overall,44.5
2021-01-01,Perlis,P.001 Padang Besar,both,citizen,overall,84.5
2021-01-01,Perlis,P.001 Padang Besar,both,noncitizen,overall,3.1
2021-01-01,Perlis,P.001 Padang Besar,both,overall,overall,87.7
2021-01-01,Perlis,P.001 Padang Besar,female,overall,overall,42.6
2021-01-01,Perlis,P.001 Padang Besar,male,overall,overall,44.9
2022-01-01,Perlis,P.001 Padang Besar,both,citizen,overall,85.0
2022-01-01,Perlis,P.001 Padang Besar,both,noncitizen,overall,3.3
2022-01-01,Perlis,P.001 Padang Besar,both,overall,overall,88.3
2022-01-01,Perlis,P.001 Padang Besar,female,overall,overall,43.1
2022-01-01,Perlis,P.001 Padang Besar,male,overall,overall,45.1
2023-01-01,Perlis,P.001 Padang Besar,both,citizen,overall,85.3
2023-01-01,Perlis,P.001 Padang Besar,both,noncitizen,overall,3.9
2023-01-01,Perlis,P.001 Padang Besar,both,overall,overall,89.1
2023-01-01,Perlis,P.001 Padang Besar,female,overall,overall,43.6
2023-01-01,Perlis,P.001 Padang Besar,male,overall,overall,45.7
2024-01-01,Perlis,P.001 Padang Besar,both,citizen,overall,85.5
2024-01-01,Perlis,P.001 Padang Besar,both,noncitizen,overall,4.9
2024-01-01,Perlis,P.001 Padang Besar,both,overall,overall,90.4
2024-01-01,Perlis,P.001 Padang Besar,female,overall,overall,44.1
2024-01-01,Perlis,P.001 Padang Besar,male,overall,overall,46.4
2020-01-01,Perlis,P.002 Kangar,both,overall,overall,100.8
2020-01-01,Perlis,P.002 Kangar,both,overall,citizen,98.5
2020-01-01,Perlis,P.002 Kangar,both,overall,noncitizen,2.3
2020-01-01,Perlis,P.002 Kangar,female,overall,overall,50.9
2020-01-01,Perlis,P.002 Kangar,male,overall,overall,49.9
2021-01-01,Perlis,P.002 Kangar,both,citizen,overall,99.1
2021-01-01,Perlis,P.002 Kangar,both,noncitizen,overall,2.5
2021-01-01,Perlis,P.002 Kangar,both,overall,overall,101.8
2021-01-01,Perlis,P.002 Kangar,female,overall,overall,51.3
2021-01-01,Perlis,P.002 Kangar,male,overall,overall,50.3
2022-01-01,Perlis,P.002 Kangar,both,citizen,overall,99.6
2022-01-01,Perlis,P.002 Kangar,both,noncitizen,overall,2.9
2022-01-01,Perlis,P.002 Kangar,both,overall,overall,102.5
2022-01-01,Perlis,P.002 Kangar,female,overall,overall,51.9
2022-01-01,Perlis,P.002 Kangar,male,overall,overall,50.7
2023-01-01,Perlis,P.002 Kangar,both,citizen,overall,100.2
2023-01-01,Perlis,P.002 Kangar,both,noncitizen,overall,3.5
2023-01-01,Perlis,P.002 Kangar,both,overall,overall,103.7
2023-01-01,Perlis,P.002 Kangar,female,overall,overall,52.4
2023-01-01,Perlis,P.002 Kangar,male,overall,overall,51.3
2024-01-01,Perlis,P.002 Kangar,both,citizen,overall,100.7
2024-01-01,Perlis,P.002 Kangar,both,noncitizen,overall,4.2
2024-01-01,Perlis,P.002 Kangar,both,overall,overall,105.0
2024-01-01,Perlis,P.002 Kangar,female,overall,overall,53.1
2024-01-01,Perlis,P.002 Kangar,male,overall,overall,51.8
2020-01-01,Perlis,P.003 Arau,both,overall,overall,97.3
2020-01-01,Perlis,P.003 Arau,both,overall,citizen,95.9
2020-01-01,Perlis,P.003 Arau,both,overall,noncitizen,1.4
2020-01-01,Perlis,P.003 Arau,female,overall,overall,49.3
2020-01-01,Perlis,P.003 Arau,male,overall,overall,48.0
2021-01-01,Perlis,P.003 Arau,both,citizen,overall,96.6
2021-01-01,Perlis,P.003 Arau,both,noncitizen,overall,1.6
2021-01-01,Perlis,P.003 Arau,both,overall,overall,98.2
2021-01-01,Perlis,P.003 Arau,female,overall,overall,49.8
2021-01-01,Perlis,P.003 Arau,male,overall,overall,48.4
2022-01-01,Perlis,P.003 Arau,both,citizen,overall,97.2
2022-01-01,Perlis,P.003 Arau,both,noncitizen,overall,1.8
2022-01-01,Perlis,P.003 Arau,both,overall,overall,99.0
2022-01-01,Perlis,P.003 Arau,female,overall,overall,50.2
2022-01-01,Perlis,P.003 Arau,male,overall,overall,48.7
2023-01-01,Perlis,P.003 Arau,both,citizen,overall,97.8
2023-01-01,Perlis,P.003 Arau,both,noncitizen,overall,2.3
2023-01-01,Perlis,P.003 Arau,both,overall,overall,100.1
2023-01-01,Perlis,P.003 Arau,female,overall,overall,50.9
2023-01-01,Perlis,P.003 Arau,male,overall,overall,49.3
2024-01-01,Perlis,P.003 Arau,both,citizen,overall,98.5
2024-01-01,Perlis,P.003 Arau,both,noncitizen,overall,2.9
2024-01-01,Perlis,P.003 Arau,both,overall,overall,101.5
2024-01-01,Perlis,P.003 Arau,female,overall,overall,51.6
2024-01-01,Perlis,P.003 Arau,male,overall,overall,49.8
2020-01-01,Kedah,P.004 Langkawi,both,overall,overall,94.1
2020-01-01,Kedah,P.004 Langkawi,both,overall,citizen,90.0
2020-01-01,Kedah,P.004 Langkawi,both,overall,noncitizen,4.1
2020-01-01,Kedah,P.004 Langkawi,female,overall,overall,45.4
2020-01-01,Kedah,P.004 Langkawi,male,overall,overall,48.7
2021-01-01,Kedah,P.004 Langkawi,both,citizen,overall,91.2
2021-01-01,Kedah,P.004 Langkawi,both,noncitizen,overall,3.9
2021-01-01,Kedah,P.004 Langkawi,both,overall,overall,95.1
2021-01-01,Kedah,P.004 Langkawi,female,overall,overall,46.0
2021-01-01,Kedah,P.004 Langkawi,male,overall,overall,49.1
2022-01-01,Kedah,P.004 Langkawi,both,citizen,overall,91.8
2022-01-01,Kedah,P.004 Langkawi,both,noncitizen,overall,3.7
2022-01-01,Kedah,P.004 Langkawi,both,overall,overall,95.5
2022-01-01,Kedah,P.004 Langkawi,female,overall,overall,46.2
2022-01-01,Kedah,P.004 Langkawi,male,overall,overall,49.3
2023-01-01,Kedah,P.004 Langkawi,both,citizen,overall,92.4
2023-01-01,Kedah,P.004 Langkawi,both,noncitizen,overall,4.3
2023-01-01,Kedah,P.004 Langkawi,both,overall,overall,96.7
2023-01-01,Kedah,P.004 Langkawi,female,overall,overall,46.8
2023-01-01,Kedah,P.004 Langkawi,male,overall,overall,50.0
2024-01-01,Kedah,P.004 Langkawi,both,citizen,overall,93.0
2024-01-01,Kedah,P.004 Langkawi,both,noncitizen,overall,4.8
2024-01-01,Kedah,P.004 Langkawi,both,overall,overall,97.9
2024-01-01,Kedah,P.004 Langkawi,female,overall,overall,47.2
2024-01-01,Kedah,P.004 Langkawi,male,overall,overall,50.8
2020-01-01,Kedah,P.005 Jerlun,both,overall,overall,66.1
2020-01-01,Kedah,P.005 Jerlun,both,overall,citizen,65.4
2020-01-01,Kedah,P.005 Jerlun,both,overall,noncitizen,0.7
2020-01-01,Kedah,P.005 Jerlun,female,overall,overall,33.3
2020-01-01,Kedah,P.005 Jerlun,male,overall,overall,32.8
2021-01-01,Kedah,P.005 Jerlun,both,citizen,overall,66.1
2021-01-01,Kedah,P.005 Jerlun,both,noncitizen,overall,0.6
2021-01-01,Kedah,P.005 Jerlun,both,overall,overall,66.8
2021-01-01,Kedah,P.005 Jerlun,female,overall,overall,33.7
2021-01-01,Kedah,P.005 Jerlun,male,overall,overall,33.0
2022-01-01,Kedah,P.005 Jerlun,both,citizen,overall,66.6
2022-01-01,Kedah,P.005 Jerlun,both,noncitizen,overall,0.5
2022-01-01,Kedah,P.005 Jerlun,both,overall,overall,67.0
2022-01-01,Kedah,P.005 Jerlun,female,overall,overall,33.9
2022-01-01,Kedah,P.005 Jerlun,male,overall,overall,33.2
2023-01-01,Kedah,P.005 Jerlun,both,citizen,overall,67.2
2023-01-01,Kedah,P.005 Jerlun,both,noncitizen,overall,0.8
2023-01-01,Kedah,P.005 Jerlun,both,overall,overall,67.9
2023-01-01,Kedah,P.005 Jerlun,female,overall,overall,34.2
2023-01-01,Kedah,P.005 Jerlun,male,overall,overall,33.7
2024-01-01,Kedah,P.005 Jerlun,both,citizen,overall,67.9
2024-01-01,Kedah,P.005 Jerlun,both,noncitizen,overall,0.8
2024-01-01,Kedah,P.005 Jerlun,both,overall,overall,68.7
2024-01-01,Kedah,P.005 Jerlun,female,overall,overall,34.6
2024-01-01,Kedah,P.005 Jerlun,male,overall,overall,34.1
2020-01-01,Kedah,P.006 Kubang Pasu,both,overall,overall,171.4
2020-01-01,Kedah,P.006 Kubang Pasu,both,overall,citizen,165.1
2020-01-01,Kedah,P.006 Kubang Pasu,both,overall,noncitizen,6.2
2020-01-01,Kedah,P.006 Kubang Pasu,female,overall,overall,87.0
2020-01-01,Kedah,P.006 Kubang Pasu,male,overall,overall,84.4
2021-01-01,Kedah,P.006 Kubang Pasu,both,citizen,overall,167.1
2021-01-01,Kedah,P.006 Kubang Pasu,both,noncitizen,overall,5.9
2021-01-01,Kedah,P.006 Kubang Pasu,both,overall,overall,173.0
2021-01-01,Kedah,P.006 Kubang Pasu,female,overall,overall,88.0
2021-01-01,Kedah,P.006 Kubang Pasu,male,overall,overall,85.0
2022-01-01,Kedah,P.006 Kubang Pasu,both,citizen,overall,168.0
2022-01-01,Kedah,P.006 Kubang Pasu,both,noncitizen,overall,5.9
2022-01-01,Kedah,P.006 Kubang Pasu,both,overall,overall,173.9
2022-01-01,Kedah,P.006 Kubang Pasu,female,overall,overall,88.4
2022-01-01,Kedah,P.006 Kubang Pasu,male,overall,overall,85.5
2023-01-01,Kedah,P.006 Kubang Pasu,both,citizen,overall,169.5
2023-01-01,Kedah,P.006 Kubang Pasu,both,noncitizen,overall,6.5
2023-01-01,Kedah,P.006 Kubang Pasu,both,overall,overall,176.1
2023-01-01,Kedah,P.006 Kubang Pasu,female,overall,overall,89.3
2023-01-01,Kedah,P.006 Kubang Pasu,male,overall,overall,86.6
2024-01-01,Kedah,P.006 Kubang Pasu,both,citizen,overall,170.7
2024-01-01,Kedah,P.006 Kubang Pasu,both,noncitizen,overall,7.5
2024-01-01,Kedah,P.006 Kubang Pasu,both,overall,overall,178.3
2024-01-01,Kedah,P.006 Kubang Pasu,female,overall,overall,90.4
2024-01-01,Kedah,P.006 Kubang Pasu,male,overall,overall,87.9
2020-01-01,Kedah,P.007 Padang Terap,both,overall,overall,66.0
2020-01-01,Kedah,P.007 Padang Terap,both,overall,citizen,62.7
2020-01-01,Kedah,P.007 Padang Terap,both,overall,noncitizen,3.3
2020-01-01,Kedah,P.007 Padang Terap,female,overall,overall,31.6
2020-01-01,Kedah,P.007 Padang Terap,male,overall,overall,34.4
2021-01-01,Kedah,P.007 Padang Terap,both,citizen,overall,63.4
2021-01-01,Kedah,P.007 Padang Terap,both,noncitizen,overall,3.1
2021-01-01,Kedah,P.007 Padang Terap,both,overall,overall,66.7
2021-01-01,Kedah,P.007 Padang Terap,female,overall,overall,32.0
2021-01-01,Kedah,P.007 Padang Terap,male,overall,overall,34.6
2022-01-01,Kedah,P.007 Padang Terap,both,citizen,overall,63.9
2022-01-01,Kedah,P.007 Padang Terap,both,noncitizen,overall,3.0
2022-01-01,Kedah,P.007 Padang Terap,both,overall,overall,66.9
2022-01-01,Kedah,P.007 Padang Terap,female,overall,overall,32.2
2022-01-01,Kedah,P.007 Padang Terap,male,overall,overall,34.8
2023-01-01,Kedah,P.007 Padang Terap,both,citizen,overall,64.3
2023-01-01,Kedah,P.007 Padang Terap,both,noncitizen,overall,3.5
2023-01-01,Kedah,P.007 Padang Terap,both,overall,overall,67.8
2023-01-01,Kedah,P.007 Padang Terap,female,overall,overall,32.5
2023-01-01,Kedah,P.007 Padang Terap,male,overall,overall,35.2
2024-01-01,Kedah,P.007 Padang Terap,both,citizen,overall,64.9
2024-01-01,Kedah,P.007 Padang Terap,both,noncitizen,overall,3.7
2024-01-01,Kedah,P.007 Padang Terap,both,overall,overall,68.6
2024-01-01,Kedah,P.007 Padang Terap,female,overall,overall,32.8
2024-01-01,Kedah,P.007 Padang Terap,male,overall,overall,35.8
2020-01-01,Kedah,P.008 Pokok Sena,both,overall,overall,133.1
2020-01-01,Kedah,P.008 Pokok Sena,both,overall,citizen,128.3
2020-01-01,Kedah,P.008 Pokok Sena,both,overall,noncitizen,4.8
2020-01-01,Kedah,P.008 Pokok Sena,female,overall,overall,64.7
2020-01-01,Kedah,P.008 Pokok Sena,male,overall,overall,68.4
2021-01-01,Kedah,P.008 Pokok Sena,both,citizen,overall,129.8
2021-01-01,Kedah,P.008 Pokok Sena,both,noncitizen,overall,4.6
2021-01-01,Kedah,P.008 Pokok Sena,both,overall,overall,134.3
2021-01-01,Kedah,P.008 Pokok Sena,female,overall,overall,65.4
2021-01-01,Kedah,P.008 Pokok Sena,male,overall,overall,68.9
2022-01-01,Kedah,P.008 Pokok Sena,both,citizen,overall,130.5
2022-01-01,Kedah,P.008 Pokok Sena,both,noncitizen,overall,4.5
2022-01-01,Kedah,P.008 Pokok Sena,both,overall,overall,135.0
2022-01-01,Kedah,P.008 Pokok Sena,female,overall,overall,65.9
2022-01-01,Kedah,P.008 Pokok Sena,male,overall,overall,69.2
2023-01-01,Kedah,P.008 Pokok Sena,both,citizen,overall,131.7
2023-01-01,Kedah,P.008 Pokok Sena,both,noncitizen,overall,4.9
2023-01-01,Kedah,P.008 Pokok Sena,both,overall,overall,136.7
2023-01-01,Kedah,P.008 Pokok Sena,female,overall,overall,66.5
2023-01-01,Kedah,P.008 Pokok Sena,male,overall,overall,70.2
2024-01-01,Kedah,P.008 Pokok Sena,both,citizen,overall,132.4
2024-01-01,Kedah,P.008 Pokok Sena,both,noncitizen,overall,5.9
2024-01-01,Kedah,P.008 Pokok Sena,both,overall,overall,138.5
2024-01-01,Kedah,P.008 Pokok Sena,female,overall,overall,67.1
2024-01-01,Kedah,P.008 Pokok Sena,male,overall,overall,71.2
2020-01-01,Kedah,P.009 Alor Setar,both,overall,overall,119.0
2020-01-01,Kedah,P.009 Alor Setar,both,overall,citizen,112.5
2020-01-01,Kedah,P.009 Alor Setar,both,overall,noncitizen,6.5
2020-01-01,Kedah,P.009 Alor Setar,female,overall,overall,60.1
2020-01-01,Kedah,P.009 Alor Setar,male,overall,overall,58.9
2021-01-01,Kedah,P.009 Alor Setar,both,citizen,overall,114.0
2021-01-01,Kedah,P.009 Alor Setar,both,noncitizen,overall,6.2
2021-01-01,Kedah,P.009 Alor Setar,both,overall,overall,120.2
2021-01-01,Kedah,P.009 Alor Setar,female,overall,overall,60.8
2021-01-01,Kedah,P.009 Alor Setar,male,overall,overall,59.4
2022-01-01,Kedah,P.009 Alor Setar,both,citizen,overall,114.5
2022-01-01,Kedah,P.009 Alor Setar,both,noncitizen,overall,6.2
2022-01-01,Kedah,P.009 Alor Setar,both,overall,overall,120.7
2022-01-01,Kedah,P.009 Alor Setar,female,overall,overall,61.1
2022-01-01,Kedah,P.009 Alor Setar,male,overall,overall,59.6
2023-01-01,Kedah,P.009 Alor Setar,both,citizen,overall,115.2
2023-01-01,Kedah,P.009 Alor Setar,both,noncitizen,overall,7.1
2023-01-01,Kedah,P.009 Alor Setar,both,overall,overall,122.2
2023-01-01,Kedah,P.009 Alor Setar,female,overall,overall,61.8
2023-01-01,Kedah,P.009 Alor Setar,male,overall,overall,60.4
2024-01-01,Kedah,P.009 Alor Setar,both,citizen,overall,115.9
2024-01-01,Kedah,P.009 Alor Setar,both,noncitizen,overall,7.9
2024-01-01,Kedah,P.009 Alor Setar,both,overall,overall,123.8
2024-01-01,Kedah,P.009 Alor Setar,female,overall,overall,62.5
2024-01-01,Kedah,P.009 Alor Setar,male,overall,overall,61.3
2020-01-01,Kedah,P.010 Kuala Kedah,both,overall,overall,172.1
2020-01-01,Kedah,P.010 Kuala Kedah,both,overall,citizen,167.7
2020-01-01,Kedah,P.010 Kuala Kedah,both,overall,noncitizen,4.4
2020-01-01,Kedah,P.010 Kuala Kedah,female,overall,overall,85.8
2020-01-01,Kedah,P.010 Kuala Kedah,male,overall,overall,86.3
2021-01-01,Kedah,P.010 Kuala Kedah,both,citizen,overall,169.6
2021-01-01,Kedah,P.010 Kuala Kedah,both,noncitizen,overall,4.2
2021-01-01,Kedah,P.010 Kuala Kedah,both,overall,overall,173.7
2021-01-01,Kedah,P.010 Kuala Kedah,female,overall,overall,86.8
2021-01-01,Kedah,P.010 Kuala Kedah,male,overall,overall,86.9
2022-01-01,Kedah,P.010 Kuala Kedah,both,citizen,overall,170.5
2022-01-01,Kedah,P.010 Kuala Kedah,both,noncitizen,overall,4.2
2022-01-01,Kedah,P.010 Kuala Kedah,both,overall,overall,174.7
2022-01-01,Kedah,P.010 Kuala Kedah,female,overall,overall,87.3
2022-01-01,Kedah,P.010 Kuala Kedah,male,overall,overall,87.3
2023-01-01,Kedah,P.010 Kuala Kedah,both,citizen,overall,172.0
2023-01-01,Kedah,P.010 Kuala Kedah,both,noncitizen,overall,4.8
2023-01-01,Kedah,P.010 Kuala Kedah,both,overall,overall,176.8
2023-01-01,Kedah,P.010 Kuala Kedah,female,overall,overall,88.2
2023-01-01,Kedah,P.010 Kuala Kedah,male,overall,overall,88.5
2024-01-01,Kedah,P.010 Kuala Kedah,both,citizen,overall,173.6
2024-01-01,Kedah,P.010 Kuala Kedah,both,noncitizen,overall,5.4
2024-01-01,Kedah,P.010 Kuala Kedah,both,overall,overall,179.1
2024-01-01,Kedah,P.010 Kuala Kedah,female,overall,overall,89.2
2024-01-01,Kedah,P.010 Kuala Kedah,male,overall,overall,89.9
2020-01-01,Kedah,P.011 Pendang,both,overall,overall,99.4
2020-01-01,Kedah,P.011 Pendang,both,overall,citizen,97.5
2020-01-01,Kedah,P.011 Pendang,both,overall,noncitizen,1.9
2020-01-01,Kedah,P.011 Pendang,female,overall,overall,46.7
2020-01-01,Kedah,P.011 Pendang,male,overall,overall,52.7
2021-01-01,Kedah,P.011 Pendang,both,citizen,overall,98.5
2021-01-01,Kedah,P.011 Pendang,both,noncitizen,overall,1.8
2021-01-01,Kedah,P.011 Pendang,both,overall,overall,100.3
2021-01-01,Kedah,P.011 Pendang,female,overall,overall,47.2
2021-01-01,Kedah,P.011 Pendang,male,overall,overall,53.0
2022-01-01,Kedah,P.011 Pendang,both,citizen,overall,99.0
2022-01-01,Kedah,P.011 Pendang,both,noncitizen,overall,1.8
2022-01-01,Kedah,P.011 Pendang,both,overall,overall,99.8
2022-01-01,Kedah,P.011 Pendang,female,overall,overall,47.5
2022-01-01,Kedah,P.011 Pendang,male,overall,overall,53.4
2023-01-01,Kedah,P.011 Pendang,both,citizen,overall,100.1
2023-01-01,Kedah,P.011 Pendang,both,noncitizen,overall,2.0
2023-01-01,Kedah,P.011 Pendang,both,overall,overall,102.0
2023-01-01,Kedah,P.011 Pendang,female,overall,overall,48.0
2023-01-01,Kedah,P.011 Pendang,male,overall,overall,54.1
2024-01-01,Kedah,P.011 Pendang,both,citizen,overall,101.1
2024-01-01,Kedah,P.011 Pendang,both,noncitizen,overall,2.3
2024-01-01,Kedah,P.011 Pendang,both,overall,overall,103.3
2024-01-01,Kedah,P.011 Pendang,female,overall,overall,48.5
2024-01-01,Kedah,P.011 Pendang,male,overall,overall,54.9
2020-01-01,Kedah,P.012 Jerai,both,overall,overall,126.2
2020-01-01,Kedah,P.012 Jerai,both,overall,citizen,124.6
2020-01-01,Kedah,P.012 Jerai,both,overall,noncitizen,1.6
2020-01-01,Kedah,P.012 Jerai,female,overall,overall,62.2
2020-01-01,Kedah,P.012 Jerai,male,overall,overall,64.0
2021-01-01,Kedah,P.012 Jerai,both,citizen,overall,125.9
2021-01-01,Kedah,P.012 Jerai,both,noncitizen,overall,1.5
2021-01-01,Kedah,P.012 Jerai,both,overall,overall,127.4
2021-01-01,Kedah,P.012 Jerai,female,overall,overall,62.8
2021-01-01,Kedah,P.012 Jerai,male,overall,overall,64.5
2022-01-01,Kedah,P.012 Jerai,both,citizen,overall,126.6
2022-01-01,Kedah,P.012 Jerai,both,noncitizen,overall,1.4
2022-01-01,Kedah,P.012 Jerai,both,overall,overall,128.0
2022-01-01,Kedah,P.012 Jerai,female,overall,overall,63.2
2022-01-01,Kedah,P.012 Jerai,male,overall,overall,64.8
2023-01-01,Kedah,P.012 Jerai,both,citizen,overall,128.0
2023-01-01,Kedah,P.012 Jerai,both,noncitizen,overall,1.6
2023-01-01,Kedah,P.012 Jerai,both,overall,overall,129.7
2023-01-01,Kedah,P.012 Jerai,female,overall,overall,63.9
2023-01-01,Kedah,P.012 Jerai,male,overall,overall,65.7
2024-01-01,Kedah,P.012 Jerai,both,citizen,overall,129.3
2024-01-01,Kedah,P.012 Jerai,both,noncitizen,overall,2.0
2024-01-01,Kedah,P.012 Jerai,both,overall,overall,131.2
2024-01-01,Kedah,P.012 Jerai,female,overall,overall,64.6
2024-01-01,Kedah,P.012 Jerai,male,overall,overall,66.6
2020-01-01,Kedah,P.013 Sik,both,overall,overall,67.6
2020-01-01,Kedah,P.013 Sik,both,overall,citizen,65.5
2020-01-01,Kedah,P.013 Sik,both,overall,noncitizen,2.1
2020-01-01,Kedah,P.013 Sik,female,overall,overall,33.1
2020-01-01,Kedah,P.013 Sik,male,overall,overall,34.5
2021-01-01,Kedah,P.013 Sik,both,citizen,overall,66.2
2021-01-01,Kedah,P.013 Sik,both,noncitizen,overall,2.0
2021-01-01,Kedah,P.013 Sik,both,overall,overall,68.3
2021-01-01,Kedah,P.013 Sik,female,overall,overall,33.5
2021-01-01,Kedah,P.013 Sik,male,overall,overall,34.8
2022-01-01,Kedah,P.013 Sik,both,citizen,overall,66.7
2022-01-01,Kedah,P.013 Sik,both,noncitizen,overall,2.0
2022-01-01,Kedah,P.013 Sik,both,overall,overall,68.6
2022-01-01,Kedah,P.013 Sik,female,overall,overall,33.6
2022-01-01,Kedah,P.013 Sik,male,overall,overall,35.0
2023-01-01,Kedah,P.013 Sik,both,citizen,overall,67.4
2023-01-01,Kedah,P.013 Sik,both,noncitizen,overall,2.1
2023-01-01,Kedah,P.013 Sik,both,overall,overall,69.5
2023-01-01,Kedah,P.013 Sik,female,overall,overall,34.0
2023-01-01,Kedah,P.013 Sik,male,overall,overall,35.5
2024-01-01,Kedah,P.013 Sik,both,citizen,overall,68.0
2024-01-01,Kedah,P.013 Sik,both,noncitizen,overall,2.4
2024-01-01,Kedah,P.013 Sik,both,overall,overall,70.4
2024-01-01,Kedah,P.013 Sik,female,overall,overall,34.4
2024-01-01,Kedah,P.013 Sik,male,overall,overall,35.9
2020-01-01,Kedah,P.014 Merbok,both,overall,overall,216.4
2020-01-01,Kedah,P.014 Merbok,both,overall,citizen,204.8
2020-01-01,Kedah,P.014 Merbok,both,overall,noncitizen,11.5
2020-01-01,Kedah,P.014 Merbok,female,overall,overall,105.6
2020-01-01,Kedah,P.014 Merbok,male,overall,overall,110.7
2021-01-01,Kedah,P.014 Merbok,both,citizen,overall,207.4
2021-01-01,Kedah,P.014 Merbok,both,noncitizen,overall,10.9
2021-01-01,Kedah,P.014 Merbok,both,overall,overall,218.4
2021-01-01,Kedah,P.014 Merbok,female,overall,overall,106.8
2021-01-01,Kedah,P.014 Merbok,male,overall,overall,111.6
2022-01-01,Kedah,P.014 Merbok,both,citizen,overall,208.5
2022-01-01,Kedah,P.014 Merbok,both,noncitizen,overall,11.0
2022-01-01,Kedah,P.014 Merbok,both,overall,overall,219.6
2022-01-01,Kedah,P.014 Merbok,female,overall,overall,107.4
2022-01-01,Kedah,P.014 Merbok,male,overall,overall,112.2
2023-01-01,Kedah,P.014 Merbok,both,citizen,overall,209.9
2023-01-01,Kedah,P.014 Merbok,both,noncitizen,overall,12.3
2023-01-01,Kedah,P.014 Merbok,both,overall,overall,222.2
2023-01-01,Kedah,P.014 Merbok,female,overall,overall,108.6
2023-01-01,Kedah,P.014 Merbok,male,overall,overall,113.7
2024-01-01,Kedah,P.014 Merbok,both,citizen,overall,210.8
2024-01-01,Kedah,P.014 Merbok,both,noncitizen,overall,14.2
2024-01-01,Kedah,P.014 Merbok,both,overall,overall,225.1
2024-01-01,Kedah,P.014 Merbok,female,overall,overall,109.8
2024-01-01,Kedah,P.014 Merbok,male,overall,overall,115.3
2020-01-01,Kedah,P.015 Sungai Petani,both,overall,overall,275.4
2020-01-01,Kedah,P.015 Sungai Petani,both,overall,citizen,252.7
2020-01-01,Kedah,P.015 Sungai Petani,both,overall,noncitizen,22.7
2020-01-01,Kedah,P.015 Sungai Petani,female,overall,overall,132.6
2020-01-01,Kedah,P.015 Sungai Petani,male,overall,overall,142.8
2021-01-01,Kedah,P.015 Sungai Petani,both,citizen,overall,256.4
2021-01-01,Kedah,P.015 Sungai Petani,both,noncitizen,overall,21.6
2021-01-01,Kedah,P.015 Sungai Petani,both,overall,overall,278.0
2021-01-01,Kedah,P.015 Sungai Petani,female,overall,overall,134.1
2021-01-01,Kedah,P.015 Sungai Petani,male,overall,overall,144.0
2022-01-01,Kedah,P.015 Sungai Petani,both,citizen,overall,257.6
2022-01-01,Kedah,P.015 Sungai Petani,both,noncitizen,overall,22.1
2022-01-01,Kedah,P.015 Sungai Petani,both,overall,overall,279.5
2022-01-01,Kedah,P.015 Sungai Petani,female,overall,overall,134.9
2022-01-01,Kedah,P.015 Sungai Petani,male,overall,overall,144.6
2023-01-01,Kedah,P.015 Sungai Petani,both,citizen,overall,258.5
2023-01-01,Kedah,P.015 Sungai Petani,both,noncitizen,overall,24.5
2023-01-01,Kedah,P.015 Sungai Petani,both,overall,overall,282.9
2023-01-01,Kedah,P.015 Sungai Petani,female,overall,overall,136.3
2023-01-01,Kedah,P.015 Sungai Petani,male,overall,overall,146.7
2024-01-01,Kedah,P.015 Sungai Petani,both,citizen,overall,259.3
2024-01-01,Kedah,P.015 Sungai Petani,both,noncitizen,overall,27.3
2024-01-01,Kedah,P.015 Sungai Petani,both,overall,overall,286.5
2024-01-01,Kedah,P.015 Sungai Petani,female,overall,overall,137.7
2024-01-01,Kedah,P.015 Sungai Petani,male,overall,overall,148.8
2020-01-01,Kedah,P.016 Baling,both,overall,overall,142.5
2020-01-01,Kedah,P.016 Baling,both,overall,citizen,139.7
2020-01-01,Kedah,P.016 Baling,both,overall,noncitizen,2.8
2020-01-01,Kedah,P.016 Baling,female,overall,overall,69.5
2020-01-01,Kedah,P.016 Baling,male,overall,overall,73.0
2021-01-01,Kedah,P.016 Baling,both,citizen,overall,141.2
2021-01-01,Kedah,P.016 Baling,both,noncitizen,overall,2.6
2021-01-01,Kedah,P.016 Baling,both,overall,overall,143.8
2021-01-01,Kedah,P.016 Baling,female,overall,overall,70.3
2021-01-01,Kedah,P.016 Baling,male,overall,overall,73.6
2022-01-01,Kedah,P.016 Baling,both,citizen,overall,142.0
2022-01-01,Kedah,P.016 Baling,both,noncitizen,overall,2.6
2022-01-01,Kedah,P.016 Baling,both,overall,overall,144.7
2022-01-01,Kedah,P.016 Baling,female,overall,overall,70.8
2022-01-01,Kedah,P.016 Baling,male,overall,overall,73.9
2023-01-01,Kedah,P.016 Baling,both,citizen,overall,143.6
2023-01-01,Kedah,P.016 Baling,both,noncitizen,overall,2.8
2023-01-01,Kedah,P.016 Baling,both,overall,overall,146.4
2023-01-01,Kedah,P.016 Baling,female,overall,overall,71.4
2023-01-01,Kedah,P.016 Baling,male,overall,overall,75.0
2024-01-01,Kedah,P.016 Baling,both,citizen,overall,145.0
2024-01-01,Kedah,P.016 Baling,both,noncitizen,overall,3.3
2024-01-01,Kedah,P.016 Baling,both,overall,overall,148.3
2024-01-01,Kedah,P.016 Baling,female,overall,overall,72.3
2024-01-01,Kedah,P.016 Baling,male,overall,overall,76.0
2020-01-01,Kedah,P.017 Padang Serai,both,overall,overall,261.9
2020-01-01,Kedah,P.017 Padang Serai,both,overall,citizen,245.8
2020-01-01,Kedah,P.017 Padang Serai,both,overall,noncitizen,16.1
2020-01-01,Kedah,P.017 Padang Serai,female,overall,overall,127.5
2020-01-01,Kedah,P.017 Padang Serai,male,overall,overall,134.4
2021-01-01,Kedah,P.017 Padang Serai,both,citizen,overall,249.1
2021-01-01,Kedah,P.017 Padang Serai,both,noncitizen,overall,15.4
2021-01-01,Kedah,P.017 Padang Serai,both,overall,overall,264.4
2021-01-01,Kedah,P.017 Padang Serai,female,overall,overall,129.0
2021-01-01,Kedah,P.017 Padang Serai,male,overall,overall,135.4
2022-01-01,Kedah,P.017 Padang Serai,both,citizen,overall,250.2
2022-01-01,Kedah,P.017 Padang Serai,both,noncitizen,overall,15.7
2022-01-01,Kedah,P.017 Padang Serai,both,overall,overall,265.9
2022-01-01,Kedah,P.017 Padang Serai,female,overall,overall,129.7
2022-01-01,Kedah,P.017 Padang Serai,male,overall,overall,136.1
2023-01-01,Kedah,P.017 Padang Serai,both,citizen,overall,251.7
2023-01-01,Kedah,P.017 Padang Serai,both,noncitizen,overall,17.3
2023-01-01,Kedah,P.017 Padang Serai,both,overall,overall,269.0
2023-01-01,Kedah,P.017 Padang Serai,female,overall,overall,131.0
2023-01-01,Kedah,P.017 Padang Serai,male,overall,overall,138.0
2024-01-01,Kedah,P.017 Padang Serai,both,citizen,overall,253.2
2024-01-01,Kedah,P.017 Padang Serai,both,noncitizen,overall,19.2
2024-01-01,Kedah,P.017 Padang Serai,both,overall,overall,272.5
2024-01-01,Kedah,P.017 Padang Serai,female,overall,overall,132.5
2024-01-01,Kedah,P.017 Padang Serai,male,overall,overall,140.0
2020-01-01,Kedah,P.018 Kulim-Bandar Baharu,both,overall,overall,120.2
2020-01-01,Kedah,P.018 Kulim-Bandar Baharu,both,overall,citizen,115.6
2020-01-01,Kedah,P.018 Kulim-Bandar Baharu,both,overall,noncitizen,4.6
2020-01-01,Kedah,P.018 Kulim-Bandar Baharu,female,overall,overall,58.8
2020-01-01,Kedah,P.018 Kulim-Bandar Baharu,male,overall,overall,61.4
2021-01-01,Kedah,P.018 Kulim-Bandar Baharu,both,citizen,overall,117.0
2021-01-01,Kedah,P.018 Kulim-Bandar Baharu,both,noncitizen,overall,4.3
2021-01-01,Kedah,P.018 Kulim-Bandar Baharu,both,overall,overall,121.3
2021-01-01,Kedah,P.018 Kulim-Bandar Baharu,female,overall,overall,59.4
2021-01-01,Kedah,P.018 Kulim-Bandar Baharu,male,overall,overall,61.9
2022-01-01,Kedah,P.018 Kulim-Bandar Baharu,both,citizen,overall,117.6
2022-01-01,Kedah,P.018 Kulim-Bandar Baharu,both,noncitizen,overall,4.3
2022-01-01,Kedah,P.018 Kulim-Bandar Baharu,both,overall,overall,122.0
2022-01-01,Kedah,P.018 Kulim-Bandar Baharu,female,overall,overall,59.8
2022-01-01,Kedah,P.018 Kulim-Bandar Baharu,male,overall,overall,62.2
2023-01-01,Kedah,P.018 Kulim-Bandar Baharu,both,citizen,overall,118.5
2023-01-01,Kedah,P.018 Kulim-Bandar Baharu,both,noncitizen,overall,5.0
2023-01-01,Kedah,P.018 Kulim-Bandar Baharu,both,overall,overall,123.5
2023-01-01,Kedah,P.018 Kulim-Bandar Baharu,female,overall,overall,60.5
2023-01-01,Kedah,P.018 Kulim-Bandar Baharu,male,overall,overall,63.0
2024-01-01,Kedah,P.018 Kulim-Bandar Baharu,both,citizen,overall,119.3
2024-01-01,Kedah,P.018 Kulim-Bandar Baharu,both,noncitizen,overall,5.8
2024-01-01,Kedah,P.018 Kulim-Bandar Baharu,both,overall,overall,125.0
2024-01-01,Kedah,P.018 Kulim-Bandar Baharu,female,overall,overall,61.1
2024-01-01,Kedah,P.018 Kulim-Bandar Baharu,male,overall,overall,64.0
2020-01-01,Kelantan,P.019 Tumpat,both,overall,overall,179.9
2020-01-01,Kelantan,P.019 Tumpat,both,overall,citizen,178.5
2020-01-01,Kelantan,P.019 Tumpat,both,overall,noncitizen,1.4
2020-01-01,Kelantan,P.019 Tumpat,female,overall,overall,90.8
2020-01-01,Kelantan,P.019 Tumpat,male,overall,overall,89.2
2021-01-01,Kelantan,P.019 Tumpat,both,citizen,overall,180.5
2021-01-01,Kelantan,P.019 Tumpat,both,noncitizen,overall,1.4
2021-01-01,Kelantan,P.019 Tumpat,both,overall,overall,181.9
2021-01-01,Kelantan,P.019 Tumpat,female,overall,overall,91.8
2021-01-01,Kelantan,P.019 Tumpat,male,overall,overall,90.2
2022-01-01,Kelantan,P.019 Tumpat,both,citizen,overall,182.4
2022-01-01,Kelantan,P.019 Tumpat,both,noncitizen,overall,1.4
2022-01-01,Kelantan,P.019 Tumpat,both,overall,overall,183.7
2022-01-01,Kelantan,P.019 Tumpat,female,overall,overall,92.7
2022-01-01,Kelantan,P.019 Tumpat,male,overall,overall,91.0
2023-01-01,Kelantan,P.019 Tumpat,both,citizen,overall,185.0
2023-01-01,Kelantan,P.019 Tumpat,both,noncitizen,overall,1.7
2023-01-01,Kelantan,P.019 Tumpat,both,overall,overall,186.6
2023-01-01,Kelantan,P.019 Tumpat,female,overall,overall,94.2
2023-01-01,Kelantan,P.019 Tumpat,male,overall,overall,92.7
2024-01-01,Kelantan,P.019 Tumpat,both,citizen,overall,187.3
2024-01-01,Kelantan,P.019 Tumpat,both,noncitizen,overall,2.2
2024-01-01,Kelantan,P.019 Tumpat,both,overall,overall,189.5
2024-01-01,Kelantan,P.019 Tumpat,female,overall,overall,95.5
2024-01-01,Kelantan,P.019 Tumpat,male,overall,overall,94.0
2020-01-01,Kelantan,P.020 Pengkalan Chepa,both,overall,overall,159.7
2020-01-01,Kelantan,P.020 Pengkalan Chepa,both,overall,citizen,156.2
2020-01-01,Kelantan,P.020 Pengkalan Chepa,both,overall,noncitizen,3.5
2020-01-01,Kelantan,P.020 Pengkalan Chepa,female,overall,overall,79.6
2020-01-01,Kelantan,P.020 Pengkalan Chepa,male,overall,overall,80.1
2021-01-01,Kelantan,P.020 Pengkalan Chepa,both,citizen,overall,158.0
2021-01-01,Kelantan,P.020 Pengkalan Chepa,both,noncitizen,overall,3.4
2021-01-01,Kelantan,P.020 Pengkalan Chepa,both,overall,overall,161.5
2021-01-01,Kelantan,P.020 Pengkalan Chepa,female,overall,overall,80.4
2021-01-01,Kelantan,P.020 Pengkalan Chepa,male,overall,overall,81.0
2022-01-01,Kelantan,P.020 Pengkalan Chepa,both,citizen,overall,159.7
2022-01-01,Kelantan,P.020 Pengkalan Chepa,both,noncitizen,overall,3.4
2022-01-01,Kelantan,P.020 Pengkalan Chepa,both,overall,overall,163.1
2022-01-01,Kelantan,P.020 Pengkalan Chepa,female,overall,overall,81.3
2022-01-01,Kelantan,P.020 Pengkalan Chepa,male,overall,overall,81.8
2023-01-01,Kelantan,P.020 Pengkalan Chepa,both,citizen,overall,161.7
2023-01-01,Kelantan,P.020 Pengkalan Chepa,both,noncitizen,overall,3.9
2023-01-01,Kelantan,P.020 Pengkalan Chepa,both,overall,overall,165.7
2023-01-01,Kelantan,P.020 Pengkalan Chepa,female,overall,overall,82.6
2023-01-01,Kelantan,P.020 Pengkalan Chepa,male,overall,overall,83.1
2024-01-01,Kelantan,P.020 Pengkalan Chepa,both,citizen,overall,163.7
2024-01-01,Kelantan,P.020 Pengkalan Chepa,both,noncitizen,overall,4.6
2024-01-01,Kelantan,P.020 Pengkalan Chepa,both,overall,overall,168.2
2024-01-01,Kelantan,P.020 Pengkalan Chepa,female,overall,overall,83.7
2024-01-01,Kelantan,P.020 Pengkalan Chepa,male,overall,overall,84.5
2020-01-01,Kelantan,P.021 Kota Bharu,both,overall,overall,130.8
2020-01-01,Kelantan,P.021 Kota Bharu,both,overall,citizen,127.8
2020-01-01,Kelantan,P.021 Kota Bharu,both,overall,noncitizen,3.0
2020-01-01,Kelantan,P.021 Kota Bharu,female,overall,overall,67.8
2020-01-01,Kelantan,P.021 Kota Bharu,male,overall,overall,63.0
2021-01-01,Kelantan,P.021 Kota Bharu,both,citizen,overall,129.2
2021-01-01,Kelantan,P.021 Kota Bharu,both,noncitizen,overall,3.0
2021-01-01,Kelantan,P.021 Kota Bharu,both,overall,overall,132.2
2021-01-01,Kelantan,P.021 Kota Bharu,female,overall,overall,68.6
2021-01-01,Kelantan,P.021 Kota Bharu,male,overall,overall,63.6
2022-01-01,Kelantan,P.021 Kota Bharu,both,citizen,overall,130.7
2022-01-01,Kelantan,P.021 Kota Bharu,both,noncitizen,overall,2.9
2022-01-01,Kelantan,P.021 Kota Bharu,both,overall,overall,133.6
2022-01-01,Kelantan,P.021 Kota Bharu,female,overall,overall,69.3
2022-01-01,Kelantan,P.021 Kota Bharu,male,overall,overall,64.3
2023-01-01,Kelantan,P.021 Kota Bharu,both,citizen,overall,132.3
2023-01-01,Kelantan,P.021 Kota Bharu,both,noncitizen,overall,3.5
2023-01-01,Kelantan,P.021 Kota Bharu,both,overall,overall,135.7
2023-01-01,Kelantan,P.021 Kota Bharu,female,overall,overall,70.3
2023-01-01,Kelantan,P.021 Kota Bharu,male,overall,overall,65.4
2024-01-01,Kelantan,P.021 Kota Bharu,both,citizen,overall,133.7
2024-01-01,Kelantan,P.021 Kota Bharu,both,noncitizen,overall,4.1
2024-01-01,Kelantan,P.021 Kota Bharu,both,overall,overall,137.8
2024-01-01,Kelantan,P.021 Kota Bharu,female,overall,overall,71.3
2024-01-01,Kelantan,P.021 Kota Bharu,male,overall,overall,66.4
2020-01-01,Kelantan,P.022 Pasir Mas,both,overall,overall,113.5
2020-01-01,Kelantan,P.022 Pasir Mas,both,overall,citizen,112.7
2020-01-01,Kelantan,P.022 Pasir Mas,both,overall,noncitizen,0.7
2020-01-01,Kelantan,P.022 Pasir Mas,female,overall,overall,56.1
2020-01-01,Kelantan,P.022 Pasir Mas,male,overall,overall,57.4
2021-01-01,Kelantan,P.022 Pasir Mas,both,citizen,overall,114.0
2021-01-01,Kelantan,P.022 Pasir Mas,both,noncitizen,overall,0.7
2021-01-01,Kelantan,P.022 Pasir Mas,both,overall,overall,114.7
2021-01-01,Kelantan,P.022 Pasir Mas,female,overall,overall,56.8
2021-01-01,Kelantan,P.022 Pasir Mas,male,overall,overall,58.0
2022-01-01,Kelantan,P.022 Pasir Mas,both,citizen,overall,115.3
2022-01-01,Kelantan,P.022 Pasir Mas,both,noncitizen,overall,0.7
2022-01-01,Kelantan,P.022 Pasir Mas,both,overall,overall,116.0
2022-01-01,Kelantan,P.022 Pasir Mas,female,overall,overall,57.4
2022-01-01,Kelantan,P.022 Pasir Mas,male,overall,overall,58.6
2023-01-01,Kelantan,P.022 Pasir Mas,both,citizen,overall,116.9
2023-01-01,Kelantan,P.022 Pasir Mas,both,noncitizen,overall,0.8
2023-01-01,Kelantan,P.022 Pasir Mas,both,overall,overall,117.7
2023-01-01,Kelantan,P.022 Pasir Mas,female,overall,overall,58.1
2023-01-01,Kelantan,P.022 Pasir Mas,male,overall,overall,59.5
2024-01-01,Kelantan,P.022 Pasir Mas,both,citizen,overall,118.4
2024-01-01,Kelantan,P.022 Pasir Mas,both,noncitizen,overall,1.1
2024-01-01,Kelantan,P.022 Pasir Mas,both,overall,overall,119.6
2024-01-01,Kelantan,P.022 Pasir Mas,female,overall,overall,59.0
2024-01-01,Kelantan,P.022 Pasir Mas,male,overall,overall,60.5
2020-01-01,Kelantan,P.023 Rantau Panjang,both,overall,overall,116.9
2020-01-01,Kelantan,P.023 Rantau Panjang,both,overall,citizen,115.2
2020-01-01,Kelantan,P.023 Rantau Panjang,both,overall,noncitizen,1.8
2020-01-01,Kelantan,P.023 Rantau Panjang,female,overall,overall,57.6
2020-01-01,Kelantan,P.023 Rantau Panjang,male,overall,overall,59.4
2021-01-01,Kelantan,P.023 Rantau Panjang,both,citizen,overall,116.5
2021-01-01,Kelantan,P.023 Rantau Panjang,both,noncitizen,overall,1.7
2021-01-01,Kelantan,P.023 Rantau Panjang,both,overall,overall,118.3
2021-01-01,Kelantan,P.023 Rantau Panjang,female,overall,overall,58.1
2021-01-01,Kelantan,P.023 Rantau Panjang,male,overall,overall,60.0
2022-01-01,Kelantan,P.023 Rantau Panjang,both,citizen,overall,117.7
2022-01-01,Kelantan,P.023 Rantau Panjang,both,noncitizen,overall,1.7
2022-01-01,Kelantan,P.023 Rantau Panjang,both,overall,overall,119.5
2022-01-01,Kelantan,P.023 Rantau Panjang,female,overall,overall,58.9
2022-01-01,Kelantan,P.023 Rantau Panjang,male,overall,overall,60.6
2023-01-01,Kelantan,P.023 Rantau Panjang,both,citizen,overall,119.2
2023-01-01,Kelantan,P.023 Rantau Panjang,both,noncitizen,overall,2.0
2023-01-01,Kelantan,P.023 Rantau Panjang,both,overall,overall,121.3
2023-01-01,Kelantan,P.023 Rantau Panjang,female,overall,overall,59.8
2023-01-01,Kelantan,P.023 Rantau Panjang,male,overall,overall,61.7
2024-01-01,Kelantan,P.023 Rantau Panjang,both,citizen,overall,120.7
2024-01-01,Kelantan,P.023 Rantau Panjang,both,noncitizen,overall,2.5
2024-01-01,Kelantan,P.023 Rantau Panjang,both,overall,overall,123.1
2024-01-01,Kelantan,P.023 Rantau Panjang,female,overall,overall,60.6
2024-01-01,Kelantan,P.023 Rantau Panjang,male,overall,overall,62.6
2020-01-01,Kelantan,P.024 Kubang Kerian,both,overall,overall,156.6
2020-01-01,Kelantan,P.024 Kubang Kerian,both,overall,citizen,153.4
2020-01-01,Kelantan,P.024 Kubang Kerian,both,overall,noncitizen,3.2
2020-01-01,Kelantan,P.024 Kubang Kerian,female,overall,overall,78.6
2020-01-01,Kelantan,P.024 Kubang Kerian,male,overall,overall,78.0
2021-01-01,Kelantan,P.024 Kubang Kerian,both,citizen,overall,155.2
2021-01-01,Kelantan,P.024 Kubang Kerian,both,noncitizen,overall,3.2
2021-01-01,Kelantan,P.024 Kubang Kerian,both,overall,overall,158.3
2021-01-01,Kelantan,P.024 Kubang Kerian,female,overall,overall,79.5
2021-01-01,Kelantan,P.024 Kubang Kerian,male,overall,overall,78.9
2022-01-01,Kelantan,P.024 Kubang Kerian,both,citizen,overall,156.9
2022-01-01,Kelantan,P.024 Kubang Kerian,both,noncitizen,overall,3.1
2022-01-01,Kelantan,P.024 Kubang Kerian,both,overall,overall,160.0
2022-01-01,Kelantan,P.024 Kubang Kerian,female,overall,overall,80.3
2022-01-01,Kelantan,P.024 Kubang Kerian,male,overall,overall,79.6
2023-01-01,Kelantan,P.024 Kubang Kerian,both,citizen,overall,158.8
2023-01-01,Kelantan,P.024 Kubang Kerian,both,noncitizen,overall,3.5
2023-01-01,Kelantan,P.024 Kubang Kerian,both,overall,overall,162.6
2023-01-01,Kelantan,P.024 Kubang Kerian,female,overall,overall,81.6
2023-01-01,Kelantan,P.024 Kubang Kerian,male,overall,overall,81.0
2024-01-01,Kelantan,P.024 Kubang Kerian,both,citizen,overall,160.7
2024-01-01,Kelantan,P.024 Kubang Kerian,both,noncitizen,overall,4.2
2024-01-01,Kelantan,P.024 Kubang Kerian,both,overall,overall,164.9
2024-01-01,Kelantan,P.024 Kubang Kerian,female,overall,overall,82.7
2024-01-01,Kelantan,P.024 Kubang Kerian,male,overall,overall,82.3
2020-01-01,Kelantan,P.025 Bachok,both,overall,overall,157.3
2020-01-01,Kelantan,P.025 Bachok,both,overall,citizen,156.1
2020-01-01,Kelantan,P.025 Bachok,both,overall,noncitizen,1.2
2020-01-01,Kelantan,P.025 Bachok,female,overall,overall,81.1
2020-01-01,Kelantan,P.025 Bachok,male,overall,overall,76.2
2021-01-01,Kelantan,P.025 Bachok,both,citizen,overall,157.8
2021-01-01,Kelantan,P.025 Bachok,both,noncitizen,overall,1.1
2021-01-01,Kelantan,P.025 Bachok,both,overall,overall,159.1
2021-01-01,Kelantan,P.025 Bachok,female,overall,overall,82.1
2021-01-01,Kelantan,P.025 Bachok,male,overall,overall,77.0
2022-01-01,Kelantan,P.025 Bachok,both,citizen,overall,159.5
2022-01-01,Kelantan,P.025 Bachok,both,noncitizen,overall,1.1
2022-01-01,Kelantan,P.025 Bachok,both,overall,overall,160.6
2022-01-01,Kelantan,P.025 Bachok,female,overall,overall,82.9
2022-01-01,Kelantan,P.025 Bachok,male,overall,overall,77.8
2023-01-01,Kelantan,P.025 Bachok,both,citizen,overall,161.8
2023-01-01,Kelantan,P.025 Bachok,both,noncitizen,overall,1.3
2023-01-01,Kelantan,P.025 Bachok,both,overall,overall,163.3
2023-01-01,Kelantan,P.025 Bachok,female,overall,overall,84.1
2023-01-01,Kelantan,P.025 Bachok,male,overall,overall,79.1
2024-01-01,Kelantan,P.025 Bachok,both,citizen,overall,164.0
2024-01-01,Kelantan,P.025 Bachok,both,noncitizen,overall,1.6
2024-01-01,Kelantan,P.025 Bachok,both,overall,overall,165.6
2024-01-01,Kelantan,P.025 Bachok,female,overall,overall,85.3
2024-01-01,Kelantan,P.025 Bachok,male,overall,overall,80.4
2020-01-01,Kelantan,P.026 Ketereh,both,overall,overall,108.4
2020-01-01,Kelantan,P.026 Ketereh,both,overall,citizen,106.9
2020-01-01,Kelantan,P.026 Ketereh,both,overall,noncitizen,1.6
2020-01-01,Kelantan,P.026 Ketereh,female,overall,overall,51.9
2020-01-01,Kelantan,P.026 Ketereh,male,overall,overall,56.6
2021-01-01,Kelantan,P.026 Ketereh,both,citizen,overall,108.0
2021-01-01,Kelantan,P.026 Ketereh,both,noncitizen,overall,1.6
2021-01-01,Kelantan,P.026 Ketereh,both,overall,overall,109.6
2021-01-01,Kelantan,P.026 Ketereh,female,overall,overall,52.5
2021-01-01,Kelantan,P.026 Ketereh,male,overall,overall,57.2
2022-01-01,Kelantan,P.026 Ketereh,both,citizen,overall,109.2
2022-01-01,Kelantan,P.026 Ketereh,both,noncitizen,overall,1.6
2022-01-01,Kelantan,P.026 Ketereh,both,overall,overall,110.8
2022-01-01,Kelantan,P.026 Ketereh,female,overall,overall,53.0
2022-01-01,Kelantan,P.026 Ketereh,male,overall,overall,57.7
2023-01-01,Kelantan,P.026 Ketereh,both,citizen,overall,110.8
2023-01-01,Kelantan,P.026 Ketereh,both,noncitizen,overall,1.8
2023-01-01,Kelantan,P.026 Ketereh,both,overall,overall,112.5
2023-01-01,Kelantan,P.026 Ketereh,female,overall,overall,53.7
2023-01-01,Kelantan,P.026 Ketereh,male,overall,overall,58.8
2024-01-01,Kelantan,P.026 Ketereh,both,citizen,overall,112.2
2024-01-01,Kelantan,P.026 Ketereh,both,noncitizen,overall,2.1
2024-01-01,Kelantan,P.026 Ketereh,both,overall,overall,114.2
2024-01-01,Kelantan,P.026 Ketereh,female,overall,overall,54.6
2024-01-01,Kelantan,P.026 Ketereh,male,overall,overall,59.6
2020-01-01,Kelantan,P.027 Tanah Merah,both,overall,overall,126.5
2020-01-01,Kelantan,P.027 Tanah Merah,both,overall,citizen,122.9
2020-01-01,Kelantan,P.027 Tanah Merah,both,overall,noncitizen,3.6
2020-01-01,Kelantan,P.027 Tanah Merah,female,overall,overall,61.3
2020-01-01,Kelantan,P.027 Tanah Merah,male,overall,overall,65.1
2021-01-01,Kelantan,P.027 Tanah Merah,both,citizen,overall,124.3
2021-01-01,Kelantan,P.027 Tanah Merah,both,noncitizen,overall,3.6
2021-01-01,Kelantan,P.027 Tanah Merah,both,overall,overall,127.9
2021-01-01,Kelantan,P.027 Tanah Merah,female,overall,overall,62.0
2021-01-01,Kelantan,P.027 Tanah Merah,male,overall,overall,65.9
2022-01-01,Kelantan,P.027 Tanah Merah,both,citizen,overall,125.7
2022-01-01,Kelantan,P.027 Tanah Merah,both,noncitizen,overall,3.5
2022-01-01,Kelantan,P.027 Tanah Merah,both,overall,overall,129.2
2022-01-01,Kelantan,P.027 Tanah Merah,female,overall,overall,62.7
2022-01-01,Kelantan,P.027 Tanah Merah,male,overall,overall,66.4
2023-01-01,Kelantan,P.027 Tanah Merah,both,citizen,overall,127.1
2023-01-01,Kelantan,P.027 Tanah Merah,both,noncitizen,overall,4.2
2023-01-01,Kelantan,P.027 Tanah Merah,both,overall,overall,131.2
2023-01-01,Kelantan,P.027 Tanah Merah,female,overall,overall,63.6
2023-01-01,Kelantan,P.027 Tanah Merah,male,overall,overall,67.6
2024-01-01,Kelantan,P.027 Tanah Merah,both,citizen,overall,128.4
2024-01-01,Kelantan,P.027 Tanah Merah,both,noncitizen,overall,4.7
2024-01-01,Kelantan,P.027 Tanah Merah,both,overall,overall,133.2
2024-01-01,Kelantan,P.027 Tanah Merah,female,overall,overall,64.5
2024-01-01,Kelantan,P.027 Tanah Merah,male,overall,overall,68.7
2020-01-01,Kelantan,P.028 Pasir Puteh,both,overall,overall,135.8
2020-01-01,Kelantan,P.028 Pasir Puteh,both,overall,citizen,135.0
2020-01-01,Kelantan,P.028 Pasir Puteh,both,overall,noncitizen,0.9
2020-01-01,Kelantan,P.028 Pasir Puteh,female,overall,overall,68.5
2020-01-01,Kelantan,P.028 Pasir Puteh,male,overall,overall,67.3
2021-01-01,Kelantan,P.028 Pasir Puteh,both,citizen,overall,136.4
2021-01-01,Kelantan,P.028 Pasir Puteh,both,noncitizen,overall,0.9
2021-01-01,Kelantan,P.028 Pasir Puteh,both,overall,overall,137.4
2021-01-01,Kelantan,P.028 Pasir Puteh,female,overall,overall,69.3
2021-01-01,Kelantan,P.028 Pasir Puteh,male,overall,overall,68.0
2022-01-01,Kelantan,P.028 Pasir Puteh,both,citizen,overall,137.9
2022-01-01,Kelantan,P.028 Pasir Puteh,both,noncitizen,overall,0.8
2022-01-01,Kelantan,P.028 Pasir Puteh,both,overall,overall,138.7
2022-01-01,Kelantan,P.028 Pasir Puteh,female,overall,overall,70.1
2022-01-01,Kelantan,P.028 Pasir Puteh,male,overall,overall,68.6
2023-01-01,Kelantan,P.028 Pasir Puteh,both,citizen,overall,140.0
2023-01-01,Kelantan,P.028 Pasir Puteh,both,noncitizen,overall,0.9
2023-01-01,Kelantan,P.028 Pasir Puteh,both,overall,overall,140.9
2023-01-01,Kelantan,P.028 Pasir Puteh,female,overall,overall,71.1
2023-01-01,Kelantan,P.028 Pasir Puteh,male,overall,overall,69.8
2024-01-01,Kelantan,P.028 Pasir Puteh,both,citizen,overall,141.7
2024-01-01,Kelantan,P.028 Pasir Puteh,both,noncitizen,overall,1.4
2024-01-01,Kelantan,P.028 Pasir Puteh,both,overall,overall,143.2
2024-01-01,Kelantan,P.028 Pasir Puteh,female,overall,overall,72.2
2024-01-01,Kelantan,P.028 Pasir Puteh,male,overall,overall,70.9
2020-01-01,Kelantan,P.029 Machang,both,overall,overall,110.5
2020-01-01,Kelantan,P.029 Machang,both,overall,citizen,109.5
2020-01-01,Kelantan,P.029 Machang,both,overall,noncitizen,1.0
2020-01-01,Kelantan,P.029 Machang,female,overall,overall,55.6
2020-01-01,Kelantan,P.029 Machang,male,overall,overall,54.9
2021-01-01,Kelantan,P.029 Machang,both,citizen,overall,110.7
2021-01-01,Kelantan,P.029 Machang,both,noncitizen,overall,1.1
2021-01-01,Kelantan,P.029 Machang,both,overall,overall,111.8
2021-01-01,Kelantan,P.029 Machang,female,overall,overall,56.2
2021-01-01,Kelantan,P.029 Machang,male,overall,overall,55.5
2022-01-01,Kelantan,P.029 Machang,both,citizen,overall,111.8
2022-01-01,Kelantan,P.029 Machang,both,noncitizen,overall,1.0
2022-01-01,Kelantan,P.029 Machang,both,overall,overall,112.9
2022-01-01,Kelantan,P.029 Machang,female,overall,overall,56.8
2022-01-01,Kelantan,P.029 Machang,male,overall,overall,56.1
2023-01-01,Kelantan,P.029 Machang,both,citizen,overall,113.5
2023-01-01,Kelantan,P.029 Machang,both,noncitizen,overall,1.3
2023-01-01,Kelantan,P.029 Machang,both,overall,overall,114.7
2023-01-01,Kelantan,P.029 Machang,female,overall,overall,57.8
2023-01-01,Kelantan,P.029 Machang,male,overall,overall,57.0
2024-01-01,Kelantan,P.029 Machang,both,citizen,overall,115.1
2024-01-01,Kelantan,P.029 Machang,both,noncitizen,overall,1.4
2024-01-01,Kelantan,P.029 Machang,both,overall,overall,116.5
2024-01-01,Kelantan,P.029 Machang,female,overall,overall,58.5
2024-01-01,Kelantan,P.029 Machang,male,overall,overall,58.0
2020-01-01,Kelantan,P.030 Jeli,both,overall,overall,79.0
2020-01-01,Kelantan,P.030 Jeli,both,overall,citizen,76.9
2020-01-01,Kelantan,P.030 Jeli,both,overall,noncitizen,2.0
2020-01-01,Kelantan,P.030 Jeli,female,overall,overall,39.2
2020-01-01,Kelantan,P.030 Jeli,male,overall,overall,39.7
2021-01-01,Kelantan,P.030 Jeli,both,citizen,overall,77.8
2021-01-01,Kelantan,P.030 Jeli,both,noncitizen,overall,2.0
2021-01-01,Kelantan,P.030 Jeli,both,overall,overall,79.9
2021-01-01,Kelantan,P.030 Jeli,female,overall,overall,39.7
2021-01-01,Kelantan,P.030 Jeli,male,overall,overall,40.2
2022-01-01,Kelantan,P.030 Jeli,both,citizen,overall,78.7
2022-01-01,Kelantan,P.030 Jeli,both,noncitizen,overall,2.0
2022-01-01,Kelantan,P.030 Jeli,both,overall,overall,80.6
2022-01-01,Kelantan,P.030 Jeli,female,overall,overall,40.1
2022-01-01,Kelantan,P.030 Jeli,male,overall,overall,40.6
2023-01-01,Kelantan,P.030 Jeli,both,citizen,overall,79.6
2023-01-01,Kelantan,P.030 Jeli,both,noncitizen,overall,2.3
2023-01-01,Kelantan,P.030 Jeli,both,overall,overall,81.8
2023-01-01,Kelantan,P.030 Jeli,female,overall,overall,40.7
2023-01-01,Kelantan,P.030 Jeli,male,overall,overall,41.3
2024-01-01,Kelantan,P.030 Jeli,both,citizen,overall,80.4
2024-01-01,Kelantan,P.030 Jeli,both,noncitizen,overall,2.7
2024-01-01,Kelantan,P.030 Jeli,both,overall,overall,83.1
2024-01-01,Kelantan,P.030 Jeli,female,overall,overall,41.2
2024-01-01,Kelantan,P.030 Jeli,male,overall,overall,41.9
2020-01-01,Kelantan,P.031 Kuala Krai,both,overall,overall,105.0
2020-01-01,Kelantan,P.031 Kuala Krai,both,overall,citizen,101.3
2020-01-01,Kelantan,P.031 Kuala Krai,both,overall,noncitizen,3.8
2020-01-01,Kelantan,P.031 Kuala Krai,female,overall,overall,52.1
2020-01-01,Kelantan,P.031 Kuala Krai,male,overall,overall,52.9
2021-01-01,Kelantan,P.031 Kuala Krai,both,citizen,overall,102.5
2021-01-01,Kelantan,P.031 Kuala Krai,both,noncitizen,overall,3.6
2021-01-01,Kelantan,P.031 Kuala Krai,both,overall,overall,106.2
2021-01-01,Kelantan,P.031 Kuala Krai,female,overall,overall,52.7
2021-01-01,Kelantan,P.031 Kuala Krai,male,overall,overall,53.4
2022-01-01,Kelantan,P.031 Kuala Krai,both,citizen,overall,103.7
2022-01-01,Kelantan,P.031 Kuala Krai,both,noncitizen,overall,3.6
2022-01-01,Kelantan,P.031 Kuala Krai,both,overall,overall,107.3
2022-01-01,Kelantan,P.031 Kuala Krai,female,overall,overall,53.3
2022-01-01,Kelantan,P.031 Kuala Krai,male,overall,overall,53.9
2023-01-01,Kelantan,P.031 Kuala Krai,both,citizen,overall,104.6
2023-01-01,Kelantan,P.031 Kuala Krai,both,noncitizen,overall,4.3
2023-01-01,Kelantan,P.031 Kuala Krai,both,overall,overall,109.0
2023-01-01,Kelantan,P.031 Kuala Krai,female,overall,overall,54.2
2023-01-01,Kelantan,P.031 Kuala Krai,male,overall,overall,54.9
2024-01-01,Kelantan,P.031 Kuala Krai,both,citizen,overall,105.9
2024-01-01,Kelantan,P.031 Kuala Krai,both,noncitizen,overall,4.6
2024-01-01,Kelantan,P.031 Kuala Krai,both,overall,overall,110.5
2024-01-01,Kelantan,P.031 Kuala Krai,female,overall,overall,54.8
2024-01-01,Kelantan,P.031 Kuala Krai,male,overall,overall,55.7
2020-01-01,Kelantan,P.032 Gua Musang,both,overall,overall,112.5
2020-01-01,Kelantan,P.032 Gua Musang,both,overall,citizen,104.8
2020-01-01,Kelantan,P.032 Gua Musang,both,overall,noncitizen,7.7
2020-01-01,Kelantan,P.032 Gua Musang,female,overall,overall,52.2
2020-01-01,Kelantan,P.032 Gua Musang,male,overall,overall,60.3
2021-01-01,Kelantan,P.032 Gua Musang,both,citizen,overall,106.1
2021-01-01,Kelantan,P.032 Gua Musang,both,noncitizen,overall,7.7
2021-01-01,Kelantan,P.032 Gua Musang,both,overall,overall,113.8
2021-01-01,Kelantan,P.032 Gua Musang,female,overall,overall,52.8
2021-01-01,Kelantan,P.032 Gua Musang,male,overall,overall,60.9
2022-01-01,Kelantan,P.032 Gua Musang,both,citizen,overall,107.5
2022-01-01,Kelantan,P.032 Gua Musang,both,noncitizen,overall,7.4
2022-01-01,Kelantan,P.032 Gua Musang,both,overall,overall,114.9
2022-01-01,Kelantan,P.032 Gua Musang,female,overall,overall,53.4
2022-01-01,Kelantan,P.032 Gua Musang,male,overall,overall,61.5
2023-01-01,Kelantan,P.032 Gua Musang,both,citizen,overall,108.1
2023-01-01,Kelantan,P.032 Gua Musang,both,noncitizen,overall,8.6
2023-01-01,Kelantan,P.032 Gua Musang,both,overall,overall,116.8
2023-01-01,Kelantan,P.032 Gua Musang,female,overall,overall,54.2
2023-01-01,Kelantan,P.032 Gua Musang,male,overall,overall,62.6
2024-01-01,Kelantan,P.032 Gua Musang,both,citizen,overall,108.8
2024-01-01,Kelantan,P.032 Gua Musang,both,noncitizen,overall,9.7
2024-01-01,Kelantan,P.032 Gua Musang,both,overall,overall,118.5
2024-01-01,Kelantan,P.032 Gua Musang,female,overall,overall,54.9
2024-01-01,Kelantan,P.032 Gua Musang,male,overall,overall,63.5
2020-01-01,Terengganu,P.033 Besut,both,overall,overall,127.8
2020-01-01,Terengganu,P.033 Besut,both,overall,citizen,125.1
2020-01-01,Terengganu,P.033 Besut,both,overall,noncitizen,2.7
2020-01-01,Terengganu,P.033 Besut,female,overall,overall,62.8
2020-01-01,Terengganu,P.033 Besut,male,overall,overall,65.1
2021-01-01,Terengganu,P.033 Besut,both,citizen,overall,127.3
2021-01-01,Terengganu,P.033 Besut,both,noncitizen,overall,2.9
2021-01-01,Terengganu,P.033 Besut,both,overall,overall,130.2
2021-01-01,Terengganu,P.033 Besut,female,overall,overall,63.9
2021-01-01,Terengganu,P.033 Besut,male,overall,overall,66.3
2022-01-01,Terengganu,P.033 Besut,both,citizen,overall,129.1
2022-01-01,Terengganu,P.033 Besut,both,noncitizen,overall,2.9
2022-01-01,Terengganu,P.033 Besut,both,overall,overall,131.9
2022-01-01,Terengganu,P.033 Besut,female,overall,overall,64.8
2022-01-01,Terengganu,P.033 Besut,male,overall,overall,67.2
2023-01-01,Terengganu,P.033 Besut,both,citizen,overall,131.1
2023-01-01,Terengganu,P.033 Besut,both,noncitizen,overall,3.6
2023-01-01,Terengganu,P.033 Besut,both,overall,overall,134.5
2023-01-01,Terengganu,P.033 Besut,female,overall,overall,65.8
2023-01-01,Terengganu,P.033 Besut,male,overall,overall,68.6
2024-01-01,Terengganu,P.033 Besut,both,citizen,overall,133.0
2024-01-01,Terengganu,P.033 Besut,both,noncitizen,overall,3.8
2024-01-01,Terengganu,P.033 Besut,both,overall,overall,136.8
2024-01-01,Terengganu,P.033 Besut,female,overall,overall,67.0
2024-01-01,Terengganu,P.033 Besut,male,overall,overall,70.2
2020-01-01,Terengganu,P.034 Setiu,both,overall,overall,122.4
2020-01-01,Terengganu,P.034 Setiu,both,overall,citizen,120.1
2020-01-01,Terengganu,P.034 Setiu,both,overall,noncitizen,2.2
2020-01-01,Terengganu,P.034 Setiu,female,overall,overall,60.2
2020-01-01,Terengganu,P.034 Setiu,male,overall,overall,62.2
2021-01-01,Terengganu,P.034 Setiu,both,citizen,overall,122.2
2021-01-01,Terengganu,P.034 Setiu,both,noncitizen,overall,2.3
2021-01-01,Terengganu,P.034 Setiu,both,overall,overall,124.7
2021-01-01,Terengganu,P.034 Setiu,female,overall,overall,61.2
2021-01-01,Terengganu,P.034 Setiu,male,overall,overall,63.4
2022-01-01,Terengganu,P.034 Setiu,both,citizen,overall,123.9
2022-01-01,Terengganu,P.034 Setiu,both,noncitizen,overall,2.3
2022-01-01,Terengganu,P.034 Setiu,both,overall,overall,126.4
2022-01-01,Terengganu,P.034 Setiu,female,overall,overall,62.2
2022-01-01,Terengganu,P.034 Setiu,male,overall,overall,64.2
2023-01-01,Terengganu,P.034 Setiu,both,citizen,overall,125.9
2023-01-01,Terengganu,P.034 Setiu,both,noncitizen,overall,3.0
2023-01-01,Terengganu,P.034 Setiu,both,overall,overall,128.8
2023-01-01,Terengganu,P.034 Setiu,female,overall,overall,63.1
2023-01-01,Terengganu,P.034 Setiu,male,overall,overall,65.7
2024-01-01,Terengganu,P.034 Setiu,both,citizen,overall,127.8
2024-01-01,Terengganu,P.034 Setiu,both,noncitizen,overall,3.3
2024-01-01,Terengganu,P.034 Setiu,both,overall,overall,131.2
2024-01-01,Terengganu,P.034 Setiu,female,overall,overall,64.1
2024-01-01,Terengganu,P.034 Setiu,male,overall,overall,66.9
2020-01-01,Terengganu,P.035 Kuala Nerus,both,overall,overall,144.2
2020-01-01,Terengganu,P.035 Kuala Nerus,both,overall,citizen,142.2
2020-01-01,Terengganu,P.035 Kuala Nerus,both,overall,noncitizen,2.0
2020-01-01,Terengganu,P.035 Kuala Nerus,female,overall,overall,72.4
2020-01-01,Terengganu,P.035 Kuala Nerus,male,overall,overall,71.8
2021-01-01,Terengganu,P.035 Kuala Nerus,both,citizen,overall,144.7
2021-01-01,Terengganu,P.035 Kuala Nerus,both,noncitizen,overall,2.2
2021-01-01,Terengganu,P.035 Kuala Nerus,both,overall,overall,146.9
2021-01-01,Terengganu,P.035 Kuala Nerus,female,overall,overall,73.8
2021-01-01,Terengganu,P.035 Kuala Nerus,male,overall,overall,73.2
2022-01-01,Terengganu,P.035 Kuala Nerus,both,citizen,overall,146.7
2022-01-01,Terengganu,P.035 Kuala Nerus,both,noncitizen,overall,2.2
2022-01-01,Terengganu,P.035 Kuala Nerus,both,overall,overall,148.9
2022-01-01,Terengganu,P.035 Kuala Nerus,female,overall,overall,74.7
2022-01-01,Terengganu,P.035 Kuala Nerus,male,overall,overall,74.2
2023-01-01,Terengganu,P.035 Kuala Nerus,both,citizen,overall,149.0
2023-01-01,Terengganu,P.035 Kuala Nerus,both,noncitizen,overall,2.7
2023-01-01,Terengganu,P.035 Kuala Nerus,both,overall,overall,151.7
2023-01-01,Terengganu,P.035 Kuala Nerus,female,overall,overall,76.0
2023-01-01,Terengganu,P.035 Kuala Nerus,male,overall,overall,75.8
2024-01-01,Terengganu,P.035 Kuala Nerus,both,citizen,overall,151.4
2024-01-01,Terengganu,P.035 Kuala Nerus,both,noncitizen,overall,3.1
2024-01-01,Terengganu,P.035 Kuala Nerus,both,overall,overall,154.5
2024-01-01,Terengganu,P.035 Kuala Nerus,female,overall,overall,77.2
2024-01-01,Terengganu,P.035 Kuala Nerus,male,overall,overall,77.3
2020-01-01,Terengganu,P.036 Kuala Terengganu,both,overall,overall,129.0
2020-01-01,Terengganu,P.036 Kuala Terengganu,both,overall,citizen,125.9
2020-01-01,Terengganu,P.036 Kuala Terengganu,both,overall,noncitizen,3.1
2020-01-01,Terengganu,P.036 Kuala Terengganu,female,overall,overall,64.4
2020-01-01,Terengganu,P.036 Kuala Terengganu,male,overall,overall,64.6
2021-01-01,Terengganu,P.036 Kuala Terengganu,both,citizen,overall,128.1
2021-01-01,Terengganu,P.036 Kuala Terengganu,both,noncitizen,overall,3.4
2021-01-01,Terengganu,P.036 Kuala Terengganu,both,overall,overall,131.4
2021-01-01,Terengganu,P.036 Kuala Terengganu,female,overall,overall,65.5
2021-01-01,Terengganu,P.036 Kuala Terengganu,male,overall,overall,65.9
2022-01-01,Terengganu,P.036 Kuala Terengganu,both,citizen,overall,129.7
2022-01-01,Terengganu,P.036 Kuala Terengganu,both,noncitizen,overall,3.4
2022-01-01,Terengganu,P.036 Kuala Terengganu,both,overall,overall,133.3
2022-01-01,Terengganu,P.036 Kuala Terengganu,female,overall,overall,66.4
2022-01-01,Terengganu,P.036 Kuala Terengganu,male,overall,overall,66.7
2023-01-01,Terengganu,P.036 Kuala Terengganu,both,citizen,overall,131.6
2023-01-01,Terengganu,P.036 Kuala Terengganu,both,noncitizen,overall,4.1
2023-01-01,Terengganu,P.036 Kuala Terengganu,both,overall,overall,135.7
2023-01-01,Terengganu,P.036 Kuala Terengganu,female,overall,overall,67.7
2023-01-01,Terengganu,P.036 Kuala Terengganu,male,overall,overall,68.2
2024-01-01,Terengganu,P.036 Kuala Terengganu,both,citizen,overall,133.6
2024-01-01,Terengganu,P.036 Kuala Terengganu,both,noncitizen,overall,4.7
2024-01-01,Terengganu,P.036 Kuala Terengganu,both,overall,overall,138.3
2024-01-01,Terengganu,P.036 Kuala Terengganu,female,overall,overall,68.6
2024-01-01,Terengganu,P.036 Kuala Terengganu,male,overall,overall,69.5
2020-01-01,Terengganu,P.037 Marang,both,overall,overall,162.3
2020-01-01,Terengganu,P.037 Marang,both,overall,citizen,160.3
2020-01-01,Terengganu,P.037 Marang,both,overall,noncitizen,2.0
2020-01-01,Terengganu,P.037 Marang,female,overall,overall,79.7
2020-01-01,Terengganu,P.037 Marang,male,overall,overall,82.6
2021-01-01,Terengganu,P.037 Marang,both,citizen,overall,163.1
2021-01-01,Terengganu,P.037 Marang,both,noncitizen,overall,2.2
2021-01-01,Terengganu,P.037 Marang,both,overall,overall,165.2
2021-01-01,Terengganu,P.037 Marang,female,overall,overall,81.1
2021-01-01,Terengganu,P.037 Marang,male,overall,overall,84.2
2022-01-01,Terengganu,P.037 Marang,both,citizen,overall,165.4
2022-01-01,Terengganu,P.037 Marang,both,noncitizen,overall,2.2
2022-01-01,Terengganu,P.037 Marang,both,overall,overall,167.6
2022-01-01,Terengganu,P.037 Marang,female,overall,overall,82.3
2022-01-01,Terengganu,P.037 Marang,male,overall,overall,85.3
2023-01-01,Terengganu,P.037 Marang,both,citizen,overall,168.2
2023-01-01,Terengganu,P.037 Marang,both,noncitizen,overall,2.7
2023-01-01,Terengganu,P.037 Marang,both,overall,overall,170.9
2023-01-01,Terengganu,P.037 Marang,female,overall,overall,83.6
2023-01-01,Terengganu,P.037 Marang,male,overall,overall,87.2
2024-01-01,Terengganu,P.037 Marang,both,citizen,overall,170.7
2024-01-01,Terengganu,P.037 Marang,both,noncitizen,overall,3.3
2024-01-01,Terengganu,P.037 Marang,both,overall,overall,173.8
2024-01-01,Terengganu,P.037 Marang,female,overall,overall,85.0
2024-01-01,Terengganu,P.037 Marang,male,overall,overall,89.0
2020-01-01,Terengganu,P.038 Hulu Terengganu,both,overall,overall,91.9
2020-01-01,Terengganu,P.038 Hulu Terengganu,both,overall,citizen,87.8
2020-01-01,Terengganu,P.038 Hulu Terengganu,both,overall,noncitizen,4.0
2020-01-01,Terengganu,P.038 Hulu Terengganu,female,overall,overall,43.6
2020-01-01,Terengganu,P.038 Hulu Terengganu,male,overall,overall,48.3
2021-01-01,Terengganu,P.038 Hulu Terengganu,both,citizen,overall,89.1
2021-01-01,Terengganu,P.038 Hulu Terengganu,both,noncitizen,overall,4.4
2021-01-01,Terengganu,P.038 Hulu Terengganu,both,overall,overall,93.5
2021-01-01,Terengganu,P.038 Hulu Terengganu,female,overall,overall,44.3
2021-01-01,Terengganu,P.038 Hulu Terengganu,male,overall,overall,49.3
2022-01-01,Terengganu,P.038 Hulu Terengganu,both,citizen,overall,90.5
2022-01-01,Terengganu,P.038 Hulu Terengganu,both,noncitizen,overall,4.4
2022-01-01,Terengganu,P.038 Hulu Terengganu,both,overall,overall,94.8
2022-01-01,Terengganu,P.038 Hulu Terengganu,female,overall,overall,45.1
2022-01-01,Terengganu,P.038 Hulu Terengganu,male,overall,overall,49.8
2023-01-01,Terengganu,P.038 Hulu Terengganu,both,citizen,overall,91.7
2023-01-01,Terengganu,P.038 Hulu Terengganu,both,noncitizen,overall,5.0
2023-01-01,Terengganu,P.038 Hulu Terengganu,both,overall,overall,96.7
2023-01-01,Terengganu,P.038 Hulu Terengganu,female,overall,overall,45.8
2023-01-01,Terengganu,P.038 Hulu Terengganu,male,overall,overall,51.0
2024-01-01,Terengganu,P.038 Hulu Terengganu,both,citizen,overall,92.9
2024-01-01,Terengganu,P.038 Hulu Terengganu,both,noncitizen,overall,5.4
2024-01-01,Terengganu,P.038 Hulu Terengganu,both,overall,overall,98.5
2024-01-01,Terengganu,P.038 Hulu Terengganu,female,overall,overall,46.5
2024-01-01,Terengganu,P.038 Hulu Terengganu,male,overall,overall,52.0
2020-01-01,Terengganu,P.039 Dungun,both,overall,overall,156.2
2020-01-01,Terengganu,P.039 Dungun,both,overall,citizen,153.3
2020-01-01,Terengganu,P.039 Dungun,both,overall,noncitizen,3.0
2020-01-01,Terengganu,P.039 Dungun,female,overall,overall,76.0
2020-01-01,Terengganu,P.039 Dungun,male,overall,overall,80.2
2021-01-01,Terengganu,P.039 Dungun,both,citizen,overall,155.8
2021-01-01,Terengganu,P.039 Dungun,both,noncitizen,overall,3.2
2021-01-01,Terengganu,P.039 Dungun,both,overall,overall,159.1
2021-01-01,Terengganu,P.039 Dungun,female,overall,overall,77.3
2021-01-01,Terengganu,P.039 Dungun,male,overall,overall,81.9
2022-01-01,Terengganu,P.039 Dungun,both,citizen,overall,158.0
2022-01-01,Terengganu,P.039 Dungun,both,noncitizen,overall,3.2
2022-01-01,Terengganu,P.039 Dungun,both,overall,overall,161.3
2022-01-01,Terengganu,P.039 Dungun,female,overall,overall,78.4
2022-01-01,Terengganu,P.039 Dungun,male,overall,overall,82.9
2023-01-01,Terengganu,P.039 Dungun,both,citizen,overall,160.6
2023-01-01,Terengganu,P.039 Dungun,both,noncitizen,overall,3.9
2023-01-01,Terengganu,P.039 Dungun,both,overall,overall,164.5
2023-01-01,Terengganu,P.039 Dungun,female,overall,overall,79.8
2023-01-01,Terengganu,P.039 Dungun,male,overall,overall,84.8
2024-01-01,Terengganu,P.039 Dungun,both,citizen,overall,163.1
2024-01-01,Terengganu,P.039 Dungun,both,noncitizen,overall,4.4
2024-01-01,Terengganu,P.039 Dungun,both,overall,overall,167.5
2024-01-01,Terengganu,P.039 Dungun,female,overall,overall,81.0
2024-01-01,Terengganu,P.039 Dungun,male,overall,overall,86.3
2020-01-01,Terengganu,P.040 Kemaman,both,overall,overall,215.6
2020-01-01,Terengganu,P.040 Kemaman,both,overall,citizen,208.2
2020-01-01,Terengganu,P.040 Kemaman,both,overall,noncitizen,7.4
2020-01-01,Terengganu,P.040 Kemaman,female,overall,overall,102.6
2020-01-01,Terengganu,P.040 Kemaman,male,overall,overall,113.0
2021-01-01,Terengganu,P.040 Kemaman,both,citizen,overall,211.5
2021-01-01,Terengganu,P.040 Kemaman,both,noncitizen,overall,8.0
2021-01-01,Terengganu,P.040 Kemaman,both,overall,overall,219.6
2021-01-01,Terengganu,P.040 Kemaman,female,overall,overall,104.4
2021-01-01,Terengganu,P.040 Kemaman,male,overall,overall,115.2
2022-01-01,Terengganu,P.040 Kemaman,both,citizen,overall,214.6
2022-01-01,Terengganu,P.040 Kemaman,both,noncitizen,overall,8.0
2022-01-01,Terengganu,P.040 Kemaman,both,overall,overall,222.5
2022-01-01,Terengganu,P.040 Kemaman,female,overall,overall,105.9
2022-01-01,Terengganu,P.040 Kemaman,male,overall,overall,116.7
2023-01-01,Terengganu,P.040 Kemaman,both,citizen,overall,217.4
2023-01-01,Terengganu,P.040 Kemaman,both,noncitizen,overall,9.6
2023-01-01,Terengganu,P.040 Kemaman,both,overall,overall,226.9
2023-01-01,Terengganu,P.040 Kemaman,female,overall,overall,107.6
2023-01-01,Terengganu,P.040 Kemaman,male,overall,overall,119.2
2024-01-01,Terengganu,P.040 Kemaman,both,citizen,overall,219.9
2024-01-01,Terengganu,P.040 Kemaman,both,noncitizen,overall,11.0
2024-01-01,Terengganu,P.040 Kemaman,both,overall,overall,231.0
2024-01-01,Terengganu,P.040 Kemaman,female,overall,overall,109.3
2024-01-01,Terengganu,P.040 Kemaman,male,overall,overall,121.7
2020-01-01,Pulau Pinang,P.041 Kepala Batas,both,overall,overall,117.0
2020-01-01,Pulau Pinang,P.041 Kepala Batas,both,overall,citizen,112.5
2020-01-01,Pulau Pinang,P.041 Kepala Batas,both,overall,noncitizen,4.6
2020-01-01,Pulau Pinang,P.041 Kepala Batas,female,overall,overall,56.7
2020-01-01,Pulau Pinang,P.041 Kepala Batas,male,overall,overall,60.4
2021-01-01,Pulau Pinang,P.041 Kepala Batas,both,citizen,overall,112.8
2021-01-01,Pulau Pinang,P.041 Kepala Batas,both,noncitizen,overall,4.3
2021-01-01,Pulau Pinang,P.041 Kepala Batas,both,overall,overall,117.0
2021-01-01,Pulau Pinang,P.041 Kepala Batas,female,overall,overall,56.7
2021-01-01,Pulau Pinang,P.041 Kepala Batas,male,overall,overall,60.3
2022-01-01,Pulau Pinang,P.041 Kepala Batas,both,citizen,overall,113.1
2022-01-01,Pulau Pinang,P.041 Kepala Batas,both,noncitizen,overall,4.0
2022-01-01,Pulau Pinang,P.041 Kepala Batas,both,overall,overall,117.1
2022-01-01,Pulau Pinang,P.041 Kepala Batas,female,overall,overall,56.8
2022-01-01,Pulau Pinang,P.041 Kepala Batas,male,overall,overall,60.3
2023-01-01,Pulau Pinang,P.041 Kepala Batas,both,citizen,overall,114.3
2023-01-01,Pulau Pinang,P.041 Kepala Batas,both,noncitizen,overall,5.0
2023-01-01,Pulau Pinang,P.041 Kepala Batas,both,overall,overall,119.2
2023-01-01,Pulau Pinang,P.041 Kepala Batas,female,overall,overall,57.7
2023-01-01,Pulau Pinang,P.041 Kepala Batas,male,overall,overall,61.4
2024-01-01,Pulau Pinang,P.041 Kepala Batas,both,citizen,overall,115.3
2024-01-01,Pulau Pinang,P.041 Kepala Batas,both,noncitizen,overall,5.8
2024-01-01,Pulau Pinang,P.041 Kepala Batas,both,overall,overall,121.1
2024-01-01,Pulau Pinang,P.041 Kepala Batas,female,overall,overall,58.6
2024-01-01,Pulau Pinang,P.041 Kepala Batas,male,overall,overall,62.5
2020-01-01,Pulau Pinang,P.042 Tasek Gelugor,both,overall,overall,106.9
2020-01-01,Pulau Pinang,P.042 Tasek Gelugor,both,overall,citizen,103.6
2020-01-01,Pulau Pinang,P.042 Tasek Gelugor,both,overall,noncitizen,3.3
2020-01-01,Pulau Pinang,P.042 Tasek Gelugor,female,overall,overall,52.4
2020-01-01,Pulau Pinang,P.042 Tasek Gelugor,male,overall,overall,54.5
2021-01-01,Pulau Pinang,P.042 Tasek Gelugor,both,citizen,overall,103.8
2021-01-01,Pulau Pinang,P.042 Tasek Gelugor,both,noncitizen,overall,3.1
2021-01-01,Pulau Pinang,P.042 Tasek Gelugor,both,overall,overall,106.9
2021-01-01,Pulau Pinang,P.042 Tasek Gelugor,female,overall,overall,52.4
2021-01-01,Pulau Pinang,P.042 Tasek Gelugor,male,overall,overall,54.5
2022-01-01,Pulau Pinang,P.042 Tasek Gelugor,both,citizen,overall,104.0
2022-01-01,Pulau Pinang,P.042 Tasek Gelugor,both,noncitizen,overall,3.0
2022-01-01,Pulau Pinang,P.042 Tasek Gelugor,both,overall,overall,106.9
2022-01-01,Pulau Pinang,P.042 Tasek Gelugor,female,overall,overall,52.5
2022-01-01,Pulau Pinang,P.042 Tasek Gelugor,male,overall,overall,54.5
2023-01-01,Pulau Pinang,P.042 Tasek Gelugor,both,citizen,overall,105.5
2023-01-01,Pulau Pinang,P.042 Tasek Gelugor,both,noncitizen,overall,3.4
2023-01-01,Pulau Pinang,P.042 Tasek Gelugor,both,overall,overall,108.9
2023-01-01,Pulau Pinang,P.042 Tasek Gelugor,female,overall,overall,53.3
2023-01-01,Pulau Pinang,P.042 Tasek Gelugor,male,overall,overall,55.6
2024-01-01,Pulau Pinang,P.042 Tasek Gelugor,both,citizen,overall,106.5
2024-01-01,Pulau Pinang,P.042 Tasek Gelugor,both,noncitizen,overall,4.2
2024-01-01,Pulau Pinang,P.042 Tasek Gelugor,both,overall,overall,110.6
2024-01-01,Pulau Pinang,P.042 Tasek Gelugor,female,overall,overall,54.1
2024-01-01,Pulau Pinang,P.042 Tasek Gelugor,male,overall,overall,56.4
2020-01-01,Pulau Pinang,P.043 Bagan,both,overall,overall,112.7
2020-01-01,Pulau Pinang,P.043 Bagan,both,overall,citizen,104.2
2020-01-01,Pulau Pinang,P.043 Bagan,both,overall,noncitizen,8.6
2020-01-01,Pulau Pinang,P.043 Bagan,female,overall,overall,56.3
2020-01-01,Pulau Pinang,P.043 Bagan,male,overall,overall,56.4
2021-01-01,Pulau Pinang,P.043 Bagan,both,citizen,overall,104.7
2021-01-01,Pulau Pinang,P.043 Bagan,both,noncitizen,overall,8.2
2021-01-01,Pulau Pinang,P.043 Bagan,both,overall,overall,112.7
2021-01-01,Pulau Pinang,P.043 Bagan,female,overall,overall,56.3
2021-01-01,Pulau Pinang,P.043 Bagan,male,overall,overall,56.3
2022-01-01,Pulau Pinang,P.043 Bagan,both,citizen,overall,104.7
2022-01-01,Pulau Pinang,P.043 Bagan,both,noncitizen,overall,8.1
2022-01-01,Pulau Pinang,P.043 Bagan,both,overall,overall,112.8
2022-01-01,Pulau Pinang,P.043 Bagan,female,overall,overall,56.5
2022-01-01,Pulau Pinang,P.043 Bagan,male,overall,overall,56.3
2023-01-01,Pulau Pinang,P.043 Bagan,both,citizen,overall,105.2
2023-01-01,Pulau Pinang,P.043 Bagan,both,noncitizen,overall,9.6
2023-01-01,Pulau Pinang,P.043 Bagan,both,overall,overall,114.8
2023-01-01,Pulau Pinang,P.043 Bagan,female,overall,overall,57.4
2023-01-01,Pulau Pinang,P.043 Bagan,male,overall,overall,57.4
2024-01-01,Pulau Pinang,P.043 Bagan,both,citizen,overall,105.3
2024-01-01,Pulau Pinang,P.043 Bagan,both,noncitizen,overall,11.2
2024-01-01,Pulau Pinang,P.043 Bagan,both,overall,overall,116.5
2024-01-01,Pulau Pinang,P.043 Bagan,female,overall,overall,58.2
2024-01-01,Pulau Pinang,P.043 Bagan,male,overall,overall,58.3
2020-01-01,Pulau Pinang,P.044 Permatang Pauh,both,overall,overall,160.0
2020-01-01,Pulau Pinang,P.044 Permatang Pauh,both,overall,citizen,150.3
2020-01-01,Pulau Pinang,P.044 Permatang Pauh,both,overall,noncitizen,9.7
2020-01-01,Pulau Pinang,P.044 Permatang Pauh,female,overall,overall,77.2
2020-01-01,Pulau Pinang,P.044 Permatang Pauh,male,overall,overall,82.8
2021-01-01,Pulau Pinang,P.044 Permatang Pauh,both,citizen,overall,150.7
2021-01-01,Pulau Pinang,P.044 Permatang Pauh,both,noncitizen,overall,9.2
2021-01-01,Pulau Pinang,P.044 Permatang Pauh,both,overall,overall,159.9
2021-01-01,Pulau Pinang,P.044 Permatang Pauh,female,overall,overall,77.2
2021-01-01,Pulau Pinang,P.044 Permatang Pauh,male,overall,overall,82.7
2022-01-01,Pulau Pinang,P.044 Permatang Pauh,both,citizen,overall,151.1
2022-01-01,Pulau Pinang,P.044 Permatang Pauh,both,noncitizen,overall,9.0
2022-01-01,Pulau Pinang,P.044 Permatang Pauh,both,overall,overall,160.1
2022-01-01,Pulau Pinang,P.044 Permatang Pauh,female,overall,overall,77.4
2022-01-01,Pulau Pinang,P.044 Permatang Pauh,male,overall,overall,82.7
2023-01-01,Pulau Pinang,P.044 Permatang Pauh,both,citizen,overall,152.2
2023-01-01,Pulau Pinang,P.044 Permatang Pauh,both,noncitizen,overall,10.7
2023-01-01,Pulau Pinang,P.044 Permatang Pauh,both,overall,overall,162.9
2023-01-01,Pulau Pinang,P.044 Permatang Pauh,female,overall,overall,78.6
2023-01-01,Pulau Pinang,P.044 Permatang Pauh,male,overall,overall,84.2
2024-01-01,Pulau Pinang,P.044 Permatang Pauh,both,citizen,overall,153.4
2024-01-01,Pulau Pinang,P.044 Permatang Pauh,both,noncitizen,overall,12.1
2024-01-01,Pulau Pinang,P.044 Permatang Pauh,both,overall,overall,165.5
2024-01-01,Pulau Pinang,P.044 Permatang Pauh,female,overall,overall,79.9
2024-01-01,Pulau Pinang,P.044 Permatang Pauh,male,overall,overall,85.7
2020-01-01,Pulau Pinang,P.045 Bukit Mertajam,both,overall,overall,162.9
2020-01-01,Pulau Pinang,P.045 Bukit Mertajam,both,overall,citizen,154.5
2020-01-01,Pulau Pinang,P.045 Bukit Mertajam,both,overall,noncitizen,8.5
2020-01-01,Pulau Pinang,P.045 Bukit Mertajam,female,overall,overall,77.2
2020-01-01,Pulau Pinang,P.045 Bukit Mertajam,male,overall,overall,85.8
2021-01-01,Pulau Pinang,P.045 Bukit Mertajam,both,citizen,overall,154.8
2021-01-01,Pulau Pinang,P.045 Bukit Mertajam,both,noncitizen,overall,8.0
2021-01-01,Pulau Pinang,P.045 Bukit Mertajam,both,overall,overall,162.8
2021-01-01,Pulau Pinang,P.045 Bukit Mertajam,female,overall,overall,77.2
2021-01-01,Pulau Pinang,P.045 Bukit Mertajam,male,overall,overall,85.6
2022-01-01,Pulau Pinang,P.045 Bukit Mertajam,both,citizen,overall,155.0
2022-01-01,Pulau Pinang,P.045 Bukit Mertajam,both,noncitizen,overall,7.9
2022-01-01,Pulau Pinang,P.045 Bukit Mertajam,both,overall,overall,163.0
2022-01-01,Pulau Pinang,P.045 Bukit Mertajam,female,overall,overall,77.3
2022-01-01,Pulau Pinang,P.045 Bukit Mertajam,male,overall,overall,85.6
2023-01-01,Pulau Pinang,P.045 Bukit Mertajam,both,citizen,overall,155.8
2023-01-01,Pulau Pinang,P.045 Bukit Mertajam,both,noncitizen,overall,10.2
2023-01-01,Pulau Pinang,P.045 Bukit Mertajam,both,overall,overall,165.9
2023-01-01,Pulau Pinang,P.045 Bukit Mertajam,female,overall,overall,78.7
2023-01-01,Pulau Pinang,P.045 Bukit Mertajam,male,overall,overall,87.3
2024-01-01,Pulau Pinang,P.045 Bukit Mertajam,both,citizen,overall,157.0
2024-01-01,Pulau Pinang,P.045 Bukit Mertajam,both,noncitizen,overall,11.6
2024-01-01,Pulau Pinang,P.045 Bukit Mertajam,both,overall,overall,168.5
2024-01-01,Pulau Pinang,P.045 Bukit Mertajam,female,overall,overall,79.8
2024-01-01,Pulau Pinang,P.045 Bukit Mertajam,male,overall,overall,88.8
2020-01-01,Pulau Pinang,P.046 Batu Kawan,both,overall,overall,164.5
2020-01-01,Pulau Pinang,P.046 Batu Kawan,both,overall,citizen,127.5
2020-01-01,Pulau Pinang,P.046 Batu Kawan,both,overall,noncitizen,36.9
2020-01-01,Pulau Pinang,P.046 Batu Kawan,female,overall,overall,78.2
2020-01-01,Pulau Pinang,P.046 Batu Kawan,male,overall,overall,86.2
2021-01-01,Pulau Pinang,P.046 Batu Kawan,both,citizen,overall,129.1
2021-01-01,Pulau Pinang,P.046 Batu Kawan,both,noncitizen,overall,35.3
2021-01-01,Pulau Pinang,P.046 Batu Kawan,both,overall,overall,164.4
2021-01-01,Pulau Pinang,P.046 Batu Kawan,female,overall,overall,78.3
2021-01-01,Pulau Pinang,P.046 Batu Kawan,male,overall,overall,86.1
2022-01-01,Pulau Pinang,P.046 Batu Kawan,both,citizen,overall,129.6
2022-01-01,Pulau Pinang,P.046 Batu Kawan,both,noncitizen,overall,34.8
2022-01-01,Pulau Pinang,P.046 Batu Kawan,both,overall,overall,164.5
2022-01-01,Pulau Pinang,P.046 Batu Kawan,female,overall,overall,78.4
2022-01-01,Pulau Pinang,P.046 Batu Kawan,male,overall,overall,86.1
2023-01-01,Pulau Pinang,P.046 Batu Kawan,both,citizen,overall,126.2
2023-01-01,Pulau Pinang,P.046 Batu Kawan,both,noncitizen,overall,41.3
2023-01-01,Pulau Pinang,P.046 Batu Kawan,both,overall,overall,167.5
2023-01-01,Pulau Pinang,P.046 Batu Kawan,female,overall,overall,79.8
2023-01-01,Pulau Pinang,P.046 Batu Kawan,male,overall,overall,87.7
2024-01-01,Pulau Pinang,P.046 Batu Kawan,both,citizen,overall,124.2
2024-01-01,Pulau Pinang,P.046 Batu Kawan,both,noncitizen,overall,46.0
2024-01-01,Pulau Pinang,P.046 Batu Kawan,both,overall,overall,170.1
2024-01-01,Pulau Pinang,P.046 Batu Kawan,female,overall,overall,80.9
2024-01-01,Pulau Pinang,P.046 Batu Kawan,male,overall,overall,89.2
2020-01-01,Pulau Pinang,P.047 Nibong Tebal,both,overall,overall,122.0
2020-01-01,Pulau Pinang,P.047 Nibong Tebal,both,overall,citizen,120.3
2020-01-01,Pulau Pinang,P.047 Nibong Tebal,both,overall,noncitizen,1.7
2020-01-01,Pulau Pinang,P.047 Nibong Tebal,female,overall,overall,58.2
2020-01-01,Pulau Pinang,P.047 Nibong Tebal,male,overall,overall,63.9
2021-01-01,Pulau Pinang,P.047 Nibong Tebal,both,citizen,overall,120.3
2021-01-01,Pulau Pinang,P.047 Nibong Tebal,both,noncitizen,overall,1.7
2021-01-01,Pulau Pinang,P.047 Nibong Tebal,both,overall,overall,122.0
2021-01-01,Pulau Pinang,P.047 Nibong Tebal,female,overall,overall,58.3
2021-01-01,Pulau Pinang,P.047 Nibong Tebal,male,overall,overall,63.8
2022-01-01,Pulau Pinang,P.047 Nibong Tebal,both,citizen,overall,120.5
2022-01-01,Pulau Pinang,P.047 Nibong Tebal,both,noncitizen,overall,1.7
2022-01-01,Pulau Pinang,P.047 Nibong Tebal,both,overall,overall,122.0
2022-01-01,Pulau Pinang,P.047 Nibong Tebal,female,overall,overall,58.3
2022-01-01,Pulau Pinang,P.047 Nibong Tebal,male,overall,overall,63.8
2023-01-01,Pulau Pinang,P.047 Nibong Tebal,both,citizen,overall,122.3
2023-01-01,Pulau Pinang,P.047 Nibong Tebal,both,noncitizen,overall,2.0
2023-01-01,Pulau Pinang,P.047 Nibong Tebal,both,overall,overall,124.4
2023-01-01,Pulau Pinang,P.047 Nibong Tebal,female,overall,overall,59.3
2023-01-01,Pulau Pinang,P.047 Nibong Tebal,male,overall,overall,65.0
2024-01-01,Pulau Pinang,P.047 Nibong Tebal,both,citizen,overall,123.6
2024-01-01,Pulau Pinang,P.047 Nibong Tebal,both,noncitizen,overall,2.6
2024-01-01,Pulau Pinang,P.047 Nibong Tebal,both,overall,overall,126.3
2024-01-01,Pulau Pinang,P.047 Nibong Tebal,female,overall,overall,60.2
2024-01-01,Pulau Pinang,P.047 Nibong Tebal,male,overall,overall,66.1
2020-01-01,Pulau Pinang,P.048 Bukit Bendera,both,overall,overall,123.8
2020-01-01,Pulau Pinang,P.048 Bukit Bendera,both,overall,citizen,109.8
2020-01-01,Pulau Pinang,P.048 Bukit Bendera,both,overall,noncitizen,14.0
2020-01-01,Pulau Pinang,P.048 Bukit Bendera,female,overall,overall,62.1
2020-01-01,Pulau Pinang,P.048 Bukit Bendera,male,overall,overall,61.7
2021-01-01,Pulau Pinang,P.048 Bukit Bendera,both,citizen,overall,110.4
2021-01-01,Pulau Pinang,P.048 Bukit Bendera,both,noncitizen,overall,13.4
2021-01-01,Pulau Pinang,P.048 Bukit Bendera,both,overall,overall,123.8
2021-01-01,Pulau Pinang,P.048 Bukit Bendera,female,overall,overall,62.1
2021-01-01,Pulau Pinang,P.048 Bukit Bendera,male,overall,overall,61.5
2022-01-01,Pulau Pinang,P.048 Bukit Bendera,both,citizen,overall,110.4
2022-01-01,Pulau Pinang,P.048 Bukit Bendera,both,noncitizen,overall,13.4
2022-01-01,Pulau Pinang,P.048 Bukit Bendera,both,overall,overall,123.8
2022-01-01,Pulau Pinang,P.048 Bukit Bendera,female,overall,overall,62.4
2022-01-01,Pulau Pinang,P.048 Bukit Bendera,male,overall,overall,61.5
2023-01-01,Pulau Pinang,P.048 Bukit Bendera,both,citizen,overall,110.2
2023-01-01,Pulau Pinang,P.048 Bukit Bendera,both,noncitizen,overall,15.9
2023-01-01,Pulau Pinang,P.048 Bukit Bendera,both,overall,overall,126.1
2023-01-01,Pulau Pinang,P.048 Bukit Bendera,female,overall,overall,63.3
2023-01-01,Pulau Pinang,P.048 Bukit Bendera,male,overall,overall,62.8
2024-01-01,Pulau Pinang,P.048 Bukit Bendera,both,citizen,overall,110.0
2024-01-01,Pulau Pinang,P.048 Bukit Bendera,both,noncitizen,overall,18.0
2024-01-01,Pulau Pinang,P.048 Bukit Bendera,both,overall,overall,128.2
2024-01-01,Pulau Pinang,P.048 Bukit Bendera,female,overall,overall,64.2
2024-01-01,Pulau Pinang,P.048 Bukit Bendera,male,overall,overall,63.8
2020-01-01,Pulau Pinang,P.049 Tanjong,both,overall,overall,34.8
2020-01-01,Pulau Pinang,P.049 Tanjong,both,overall,citizen,25.4
2020-01-01,Pulau Pinang,P.049 Tanjong,both,overall,noncitizen,9.4
2020-01-01,Pulau Pinang,P.049 Tanjong,female,overall,overall,14.1
2020-01-01,Pulau Pinang,P.049 Tanjong,male,overall,overall,20.7
2021-01-01,Pulau Pinang,P.049 Tanjong,both,citizen,overall,25.8
2021-01-01,Pulau Pinang,P.049 Tanjong,both,noncitizen,overall,9.0
2021-01-01,Pulau Pinang,P.049 Tanjong,both,overall,overall,34.8
2021-01-01,Pulau Pinang,P.049 Tanjong,female,overall,overall,14.2
2021-01-01,Pulau Pinang,P.049 Tanjong,male,overall,overall,20.7
2022-01-01,Pulau Pinang,P.049 Tanjong,both,citizen,overall,25.9
2022-01-01,Pulau Pinang,P.049 Tanjong,both,noncitizen,overall,9.0
2022-01-01,Pulau Pinang,P.049 Tanjong,both,overall,overall,34.8
2022-01-01,Pulau Pinang,P.049 Tanjong,female,overall,overall,14.2
2022-01-01,Pulau Pinang,P.049 Tanjong,male,overall,overall,20.6
2023-01-01,Pulau Pinang,P.049 Tanjong,both,citizen,overall,24.9
2023-01-01,Pulau Pinang,P.049 Tanjong,both,noncitizen,overall,10.6
2023-01-01,Pulau Pinang,P.049 Tanjong,both,overall,overall,35.5
2023-01-01,Pulau Pinang,P.049 Tanjong,female,overall,overall,14.4
2023-01-01,Pulau Pinang,P.049 Tanjong,male,overall,overall,21.0
2024-01-01,Pulau Pinang,P.049 Tanjong,both,citizen,overall,24.4
2024-01-01,Pulau Pinang,P.049 Tanjong,both,noncitizen,overall,11.6
2024-01-01,Pulau Pinang,P.049 Tanjong,both,overall,overall,36.0
2024-01-01,Pulau Pinang,P.049 Tanjong,female,overall,overall,14.7
2024-01-01,Pulau Pinang,P.049 Tanjong,male,overall,overall,21.3
2020-01-01,Pulau Pinang,P.050 Jelutong,both,overall,overall,113.7
2020-01-01,Pulau Pinang,P.050 Jelutong,both,overall,citizen,109.3
2020-01-01,Pulau Pinang,P.050 Jelutong,both,overall,noncitizen,4.5
2020-01-01,Pulau Pinang,P.050 Jelutong,female,overall,overall,57.2
2020-01-01,Pulau Pinang,P.050 Jelutong,male,overall,overall,56.5
2021-01-01,Pulau Pinang,P.050 Jelutong,both,citizen,overall,109.4
2021-01-01,Pulau Pinang,P.050 Jelutong,both,noncitizen,overall,4.2
2021-01-01,Pulau Pinang,P.050 Jelutong,both,overall,overall,113.6
2021-01-01,Pulau Pinang,P.050 Jelutong,female,overall,overall,57.2
2021-01-01,Pulau Pinang,P.050 Jelutong,male,overall,overall,56.4
2022-01-01,Pulau Pinang,P.050 Jelutong,both,citizen,overall,109.6
2022-01-01,Pulau Pinang,P.050 Jelutong,both,noncitizen,overall,4.2
2022-01-01,Pulau Pinang,P.050 Jelutong,both,overall,overall,113.7
2022-01-01,Pulau Pinang,P.050 Jelutong,female,overall,overall,57.3
2022-01-01,Pulau Pinang,P.050 Jelutong,male,overall,overall,56.4
2023-01-01,Pulau Pinang,P.050 Jelutong,both,citizen,overall,110.7
2023-01-01,Pulau Pinang,P.050 Jelutong,both,noncitizen,overall,5.1
2023-01-01,Pulau Pinang,P.050 Jelutong,both,overall,overall,115.9
2023-01-01,Pulau Pinang,P.050 Jelutong,female,overall,overall,58.2
2023-01-01,Pulau Pinang,P.050 Jelutong,male,overall,overall,57.6
2024-01-01,Pulau Pinang,P.050 Jelutong,both,citizen,overall,111.1
2024-01-01,Pulau Pinang,P.050 Jelutong,both,noncitizen,overall,6.5
2024-01-01,Pulau Pinang,P.050 Jelutong,both,overall,overall,117.6
2024-01-01,Pulau Pinang,P.050 Jelutong,female,overall,overall,59.2
2024-01-01,Pulau Pinang,P.050 Jelutong,male,overall,overall,58.5
2020-01-01,Pulau Pinang,P.051 Bukit Gelugor,both,overall,overall,201.0
2020-01-01,Pulau Pinang,P.051 Bukit Gelugor,both,overall,citizen,181.0
2020-01-01,Pulau Pinang,P.051 Bukit Gelugor,both,overall,noncitizen,20.0
2020-01-01,Pulau Pinang,P.051 Bukit Gelugor,female,overall,overall,98.8
2020-01-01,Pulau Pinang,P.051 Bukit Gelugor,male,overall,overall,102.2
2021-01-01,Pulau Pinang,P.051 Bukit Gelugor,both,citizen,overall,181.9
2021-01-01,Pulau Pinang,P.051 Bukit Gelugor,both,noncitizen,overall,19.0
2021-01-01,Pulau Pinang,P.051 Bukit Gelugor,both,overall,overall,201.0
2021-01-01,Pulau Pinang,P.051 Bukit Gelugor,female,overall,overall,98.9
2021-01-01,Pulau Pinang,P.051 Bukit Gelugor,male,overall,overall,102.1
2022-01-01,Pulau Pinang,P.051 Bukit Gelugor,both,citizen,overall,182.2
2022-01-01,Pulau Pinang,P.051 Bukit Gelugor,both,noncitizen,overall,19.0
2022-01-01,Pulau Pinang,P.051 Bukit Gelugor,both,overall,overall,201.1
2022-01-01,Pulau Pinang,P.051 Bukit Gelugor,female,overall,overall,99.1
2022-01-01,Pulau Pinang,P.051 Bukit Gelugor,male,overall,overall,102.0
2023-01-01,Pulau Pinang,P.051 Bukit Gelugor,both,citizen,overall,182.0
2023-01-01,Pulau Pinang,P.051 Bukit Gelugor,both,noncitizen,overall,22.7
2023-01-01,Pulau Pinang,P.051 Bukit Gelugor,both,overall,overall,204.8
2023-01-01,Pulau Pinang,P.051 Bukit Gelugor,female,overall,overall,100.8
2023-01-01,Pulau Pinang,P.051 Bukit Gelugor,male,overall,overall,104.0
2024-01-01,Pulau Pinang,P.051 Bukit Gelugor,both,citizen,overall,181.8
2024-01-01,Pulau Pinang,P.051 Bukit Gelugor,both,noncitizen,overall,26.1
2024-01-01,Pulau Pinang,P.051 Bukit Gelugor,both,overall,overall,208.0
2024-01-01,Pulau Pinang,P.051 Bukit Gelugor,female,overall,overall,102.2
2024-01-01,Pulau Pinang,P.051 Bukit Gelugor,male,overall,overall,105.8
2020-01-01,Pulau Pinang,P.052 Bayan Baru,both,overall,overall,188.6
2020-01-01,Pulau Pinang,P.052 Bayan Baru,both,overall,citizen,172.4
2020-01-01,Pulau Pinang,P.052 Bayan Baru,both,overall,noncitizen,16.2
2020-01-01,Pulau Pinang,P.052 Bayan Baru,female,overall,overall,94.6
2020-01-01,Pulau Pinang,P.052 Bayan Baru,male,overall,overall,94.0
2021-01-01,Pulau Pinang,P.052 Bayan Baru,both,citizen,overall,173.2
2021-01-01,Pulau Pinang,P.052 Bayan Baru,both,noncitizen,overall,15.4
2021-01-01,Pulau Pinang,P.052 Bayan Baru,both,overall,overall,188.6
2021-01-01,Pulau Pinang,P.052 Bayan Baru,female,overall,overall,94.8
2021-01-01,Pulau Pinang,P.052 Bayan Baru,male,overall,overall,93.9
2022-01-01,Pulau Pinang,P.052 Bayan Baru,both,citizen,overall,173.5
2022-01-01,Pulau Pinang,P.052 Bayan Baru,both,noncitizen,overall,15.1
2022-01-01,Pulau Pinang,P.052 Bayan Baru,both,overall,overall,188.7
2022-01-01,Pulau Pinang,P.052 Bayan Baru,female,overall,overall,94.8
2022-01-01,Pulau Pinang,P.052 Bayan Baru,male,overall,overall,93.8
2023-01-01,Pulau Pinang,P.052 Bayan Baru,both,citizen,overall,173.7
2023-01-01,Pulau Pinang,P.052 Bayan Baru,both,noncitizen,overall,18.3
2023-01-01,Pulau Pinang,P.052 Bayan Baru,both,overall,overall,192.0
2023-01-01,Pulau Pinang,P.052 Bayan Baru,female,overall,overall,96.4
2023-01-01,Pulau Pinang,P.052 Bayan Baru,male,overall,overall,95.7
2024-01-01,Pulau Pinang,P.052 Bayan Baru,both,citizen,overall,174.1
2024-01-01,Pulau Pinang,P.052 Bayan Baru,both,noncitizen,overall,21.0
2024-01-01,Pulau Pinang,P.052 Bayan Baru,both,overall,overall,195.1
2024-01-01,Pulau Pinang,P.052 Bayan Baru,female,overall,overall,97.8
2024-01-01,Pulau Pinang,P.052 Bayan Baru,male,overall,overall,97.3
2020-01-01,Pulau Pinang,P.053 Balik Pulau,both,overall,overall,132.3
2020-01-01,Pulau Pinang,P.053 Balik Pulau,both,overall,citizen,129.1
2020-01-01,Pulau Pinang,P.053 Balik Pulau,both,overall,noncitizen,3.2
2020-01-01,Pulau Pinang,P.053 Balik Pulau,female,overall,overall,64.8
2020-01-01,Pulau Pinang,P.053 Balik Pulau,male,overall,overall,67.6
2021-01-01,Pulau Pinang,P.053 Balik Pulau,both,citizen,overall,129.2
2021-01-01,Pulau Pinang,P.053 Balik Pulau,both,noncitizen,overall,3.1
2021-01-01,Pulau Pinang,P.053 Balik Pulau,both,overall,overall,132.3
2021-01-01,Pulau Pinang,P.053 Balik Pulau,female,overall,overall,64.8
2021-01-01,Pulau Pinang,P.053 Balik Pulau,male,overall,overall,67.5
2022-01-01,Pulau Pinang,P.053 Balik Pulau,both,citizen,overall,129.5
2022-01-01,Pulau Pinang,P.053 Balik Pulau,both,noncitizen,overall,3.0
2022-01-01,Pulau Pinang,P.053 Balik Pulau,both,overall,overall,132.3
2022-01-01,Pulau Pinang,P.053 Balik Pulau,female,overall,overall,65.0
2022-01-01,Pulau Pinang,P.053 Balik Pulau,male,overall,overall,67.5
2023-01-01,Pulau Pinang,P.053 Balik Pulau,both,citizen,overall,131.2
2023-01-01,Pulau Pinang,P.053 Balik Pulau,both,noncitizen,overall,3.7
2023-01-01,Pulau Pinang,P.053 Balik Pulau,both,overall,overall,134.8
2023-01-01,Pulau Pinang,P.053 Balik Pulau,female,overall,overall,66.1
2023-01-01,Pulau Pinang,P.053 Balik Pulau,male,overall,overall,68.7
2024-01-01,Pulau Pinang,P.053 Balik Pulau,both,citizen,overall,132.6
2024-01-01,Pulau Pinang,P.053 Balik Pulau,both,noncitizen,overall,4.3
2024-01-01,Pulau Pinang,P.053 Balik Pulau,both,overall,overall,137.0
2024-01-01,Pulau Pinang,P.053 Balik Pulau,female,overall,overall,67.0
2024-01-01,Pulau Pinang,P.053 Balik Pulau,male,overall,overall,70.0
2020-01-01,Perak,P.054 Gerik,both,overall,overall,56.8
2020-01-01,Perak,P.054 Gerik,both,overall,citizen,55.4
2020-01-01,Perak,P.054 Gerik,both,overall,noncitizen,1.4
2020-01-01,Perak,P.054 Gerik,female,overall,overall,27.0
2020-01-01,Perak,P.054 Gerik,male,overall,overall,29.8
2021-01-01,Perak,P.054 Gerik,both,citizen,overall,55.9
2021-01-01,Perak,P.054 Gerik,both,noncitizen,overall,1.4
2021-01-01,Perak,P.054 Gerik,both,overall,overall,57.3
2021-01-01,Perak,P.054 Gerik,female,overall,overall,27.3
2021-01-01,Perak,P.054 Gerik,male,overall,overall,30.0
2022-01-01,Perak,P.054 Gerik,both,citizen,overall,55.9
2022-01-01,Perak,P.054 Gerik,both,noncitizen,overall,1.2
2022-01-01,Perak,P.054 Gerik,both,overall,overall,57.2
2022-01-01,Perak,P.054 Gerik,female,overall,overall,27.4
2022-01-01,Perak,P.054 Gerik,male,overall,overall,29.9
2023-01-01,Perak,P.054 Gerik,both,citizen,overall,56.4
2023-01-01,Perak,P.054 Gerik,both,noncitizen,overall,1.4
2023-01-01,Perak,P.054 Gerik,both,overall,overall,57.8
2023-01-01,Perak,P.054 Gerik,female,overall,overall,27.6
2023-01-01,Perak,P.054 Gerik,male,overall,overall,30.3
2024-01-01,Perak,P.054 Gerik,both,citizen,overall,56.8
2024-01-01,Perak,P.054 Gerik,both,noncitizen,overall,1.7
2024-01-01,Perak,P.054 Gerik,both,overall,overall,58.4
2024-01-01,Perak,P.054 Gerik,female,overall,overall,27.7
2024-01-01,Perak,P.054 Gerik,male,overall,overall,30.7
2020-01-01,Perak,P.055 Lenggong,both,overall,overall,37.4
2020-01-01,Perak,P.055 Lenggong,both,overall,citizen,36.2
2020-01-01,Perak,P.055 Lenggong,both,overall,noncitizen,1.2
2020-01-01,Perak,P.055 Lenggong,female,overall,overall,18.2
2020-01-01,Perak,P.055 Lenggong,male,overall,overall,19.2
2021-01-01,Perak,P.055 Lenggong,both,citizen,overall,36.5
2021-01-01,Perak,P.055 Lenggong,both,noncitizen,overall,1.2
2021-01-01,Perak,P.055 Lenggong,both,overall,overall,37.8
2021-01-01,Perak,P.055 Lenggong,female,overall,overall,18.4
2021-01-01,Perak,P.055 Lenggong,male,overall,overall,19.3
2022-01-01,Perak,P.055 Lenggong,both,citizen,overall,36.6
2022-01-01,Perak,P.055 Lenggong,both,noncitizen,overall,1.2
2022-01-01,Perak,P.055 Lenggong,both,overall,overall,37.8
2022-01-01,Perak,P.055 Lenggong,female,overall,overall,18.4
2022-01-01,Perak,P.055 Lenggong,male,overall,overall,19.3
2023-01-01,Perak,P.055 Lenggong,both,citizen,overall,36.9
2023-01-01,Perak,P.055 Lenggong,both,noncitizen,overall,1.2
2023-01-01,Perak,P.055 Lenggong,both,overall,overall,38.1
2023-01-01,Perak,P.055 Lenggong,female,overall,overall,18.6
2023-01-01,Perak,P.055 Lenggong,male,overall,overall,19.5
2024-01-01,Perak,P.055 Lenggong,both,citizen,overall,37.2
2024-01-01,Perak,P.055 Lenggong,both,noncitizen,overall,1.4
2024-01-01,Perak,P.055 Lenggong,both,overall,overall,38.6
2024-01-01,Perak,P.055 Lenggong,female,overall,overall,18.6
2024-01-01,Perak,P.055 Lenggong,male,overall,overall,19.8
2020-01-01,Perak,P.056 Larut,both,overall,overall,66.0
2020-01-01,Perak,P.056 Larut,both,overall,citizen,64.2
2020-01-01,Perak,P.056 Larut,both,overall,noncitizen,1.8
2020-01-01,Perak,P.056 Larut,female,overall,overall,32.3
2020-01-01,Perak,P.056 Larut,male,overall,overall,33.7
2021-01-01,Perak,P.056 Larut,both,citizen,overall,64.6
2021-01-01,Perak,P.056 Larut,both,noncitizen,overall,1.9
2021-01-01,Perak,P.056 Larut,both,overall,overall,66.5
2021-01-01,Perak,P.056 Larut,female,overall,overall,32.6
2021-01-01,Perak,P.056 Larut,male,overall,overall,33.9
2022-01-01,Perak,P.056 Larut,both,citizen,overall,64.9
2022-01-01,Perak,P.056 Larut,both,noncitizen,overall,1.6
2022-01-01,Perak,P.056 Larut,both,overall,overall,66.5
2022-01-01,Perak,P.056 Larut,female,overall,overall,32.7
2022-01-01,Perak,P.056 Larut,male,overall,overall,33.8
2023-01-01,Perak,P.056 Larut,both,citizen,overall,65.3
2023-01-01,Perak,P.056 Larut,both,noncitizen,overall,1.8
2023-01-01,Perak,P.056 Larut,both,overall,overall,67.3
2023-01-01,Perak,P.056 Larut,female,overall,overall,32.9
2023-01-01,Perak,P.056 Larut,male,overall,overall,34.2
2024-01-01,Perak,P.056 Larut,both,citizen,overall,66.0
2024-01-01,Perak,P.056 Larut,both,noncitizen,overall,1.9
2024-01-01,Perak,P.056 Larut,both,overall,overall,67.9
2024-01-01,Perak,P.056 Larut,female,overall,overall,33.1
2024-01-01,Perak,P.056 Larut,male,overall,overall,34.8
2020-01-01,Perak,P.057 Parit Buntar,both,overall,overall,73.4
2020-01-01,Perak,P.057 Parit Buntar,both,overall,citizen,70.4
2020-01-01,Perak,P.057 Parit Buntar,both,overall,noncitizen,3.0
2020-01-01,Perak,P.057 Parit Buntar,female,overall,overall,35.6
2020-01-01,Perak,P.057 Parit Buntar,male,overall,overall,37.8
2021-01-01,Perak,P.057 Parit Buntar,both,citizen,overall,70.9
2021-01-01,Perak,P.057 Parit Buntar,both,noncitizen,overall,3.0
2021-01-01,Perak,P.057 Parit Buntar,both,overall,overall,74.0
2021-01-01,Perak,P.057 Parit Buntar,female,overall,overall,35.9
2021-01-01,Perak,P.057 Parit Buntar,male,overall,overall,38.1
2022-01-01,Perak,P.057 Parit Buntar,both,citizen,overall,71.1
2022-01-01,Perak,P.057 Parit Buntar,both,noncitizen,overall,2.8
2022-01-01,Perak,P.057 Parit Buntar,both,overall,overall,73.9
2022-01-01,Perak,P.057 Parit Buntar,female,overall,overall,36.0
2022-01-01,Perak,P.057 Parit Buntar,male,overall,overall,37.9
2023-01-01,Perak,P.057 Parit Buntar,both,citizen,overall,71.5
2023-01-01,Perak,P.057 Parit Buntar,both,noncitizen,overall,3.2
2023-01-01,Perak,P.057 Parit Buntar,both,overall,overall,74.7
2023-01-01,Perak,P.057 Parit Buntar,female,overall,overall,36.2
2023-01-01,Perak,P.057 Parit Buntar,male,overall,overall,38.5
2024-01-01,Perak,P.057 Parit Buntar,both,citizen,overall,71.8
2024-01-01,Perak,P.057 Parit Buntar,both,noncitizen,overall,3.7
2024-01-01,Perak,P.057 Parit Buntar,both,overall,overall,75.5
2024-01-01,Perak,P.057 Parit Buntar,female,overall,overall,36.5
2024-01-01,Perak,P.057 Parit Buntar,male,overall,overall,39.1
2020-01-01,Perak,P.058 Bagan Serai,both,overall,overall,93.0
2020-01-01,Perak,P.058 Bagan Serai,both,overall,citizen,90.3
2020-01-01,Perak,P.058 Bagan Serai,both,overall,noncitizen,2.7
2020-01-01,Perak,P.058 Bagan Serai,female,overall,overall,45.1
2020-01-01,Perak,P.058 Bagan Serai,male,overall,overall,47.9
2021-01-01,Perak,P.058 Bagan Serai,both,citizen,overall,91.1
2021-01-01,Perak,P.058 Bagan Serai,both,noncitizen,overall,2.6
2021-01-01,Perak,P.058 Bagan Serai,both,overall,overall,93.7
2021-01-01,Perak,P.058 Bagan Serai,female,overall,overall,45.5
2021-01-01,Perak,P.058 Bagan Serai,male,overall,overall,48.2
2022-01-01,Perak,P.058 Bagan Serai,both,citizen,overall,91.3
2022-01-01,Perak,P.058 Bagan Serai,both,noncitizen,overall,2.4
2022-01-01,Perak,P.058 Bagan Serai,both,overall,overall,93.7
2022-01-01,Perak,P.058 Bagan Serai,female,overall,overall,45.7
2022-01-01,Perak,P.058 Bagan Serai,male,overall,overall,48.0
2023-01-01,Perak,P.058 Bagan Serai,both,citizen,overall,91.8
2023-01-01,Perak,P.058 Bagan Serai,both,noncitizen,overall,2.9
2023-01-01,Perak,P.058 Bagan Serai,both,overall,overall,94.6
2023-01-01,Perak,P.058 Bagan Serai,female,overall,overall,46.0
2023-01-01,Perak,P.058 Bagan Serai,male,overall,overall,48.6
2024-01-01,Perak,P.058 Bagan Serai,both,citizen,overall,92.6
2024-01-01,Perak,P.058 Bagan Serai,both,noncitizen,overall,3.0
2024-01-01,Perak,P.058 Bagan Serai,both,overall,overall,95.7
2024-01-01,Perak,P.058 Bagan Serai,female,overall,overall,46.3
2024-01-01,Perak,P.058 Bagan Serai,male,overall,overall,49.5
2020-01-01,Perak,P.059 Bukit Gantang,both,overall,overall,107.8
2020-01-01,Perak,P.059 Bukit Gantang,both,overall,citizen,102.4
2020-01-01,Perak,P.059 Bukit Gantang,both,overall,noncitizen,5.4
2020-01-01,Perak,P.059 Bukit Gantang,female,overall,overall,51.6
2020-01-01,Perak,P.059 Bukit Gantang,male,overall,overall,56.2
2021-01-01,Perak,P.059 Bukit Gantang,both,citizen,overall,103.3
2021-01-01,Perak,P.059 Bukit Gantang,both,noncitizen,overall,5.5
2021-01-01,Perak,P.059 Bukit Gantang,both,overall,overall,108.8
2021-01-01,Perak,P.059 Bukit Gantang,female,overall,overall,52.1
2021-01-01,Perak,P.059 Bukit Gantang,male,overall,overall,56.7
2022-01-01,Perak,P.059 Bukit Gantang,both,citizen,overall,103.4
2022-01-01,Perak,P.059 Bukit Gantang,both,noncitizen,overall,5.1
2022-01-01,Perak,P.059 Bukit Gantang,both,overall,overall,108.6
2022-01-01,Perak,P.059 Bukit Gantang,female,overall,overall,52.1
2022-01-01,Perak,P.059 Bukit Gantang,male,overall,overall,56.4
2023-01-01,Perak,P.059 Bukit Gantang,both,citizen,overall,103.9
2023-01-01,Perak,P.059 Bukit Gantang,both,noncitizen,overall,5.9
2023-01-01,Perak,P.059 Bukit Gantang,both,overall,overall,109.7
2023-01-01,Perak,P.059 Bukit Gantang,female,overall,overall,52.6
2023-01-01,Perak,P.059 Bukit Gantang,male,overall,overall,57.3
2024-01-01,Perak,P.059 Bukit Gantang,both,citizen,overall,104.6
2024-01-01,Perak,P.059 Bukit Gantang,both,noncitizen,overall,6.4
2024-01-01,Perak,P.059 Bukit Gantang,both,overall,overall,111.0
2024-01-01,Perak,P.059 Bukit Gantang,female,overall,overall,52.8
2024-01-01,Perak,P.059 Bukit Gantang,male,overall,overall,58.1
2020-01-01,Perak,P.060 Taiping,both,overall,overall,130.7
2020-01-01,Perak,P.060 Taiping,both,overall,citizen,125.8
2020-01-01,Perak,P.060 Taiping,both,overall,noncitizen,4.9
2020-01-01,Perak,P.060 Taiping,female,overall,overall,63.2
2020-01-01,Perak,P.060 Taiping,male,overall,overall,67.5
2021-01-01,Perak,P.060 Taiping,both,citizen,overall,126.9
2021-01-01,Perak,P.060 Taiping,both,noncitizen,overall,4.9
2021-01-01,Perak,P.060 Taiping,both,overall,overall,131.7
2021-01-01,Perak,P.060 Taiping,female,overall,overall,63.8
2021-01-01,Perak,P.060 Taiping,male,overall,overall,68.0
2022-01-01,Perak,P.060 Taiping,both,citizen,overall,127.1
2022-01-01,Perak,P.060 Taiping,both,noncitizen,overall,4.6
2022-01-01,Perak,P.060 Taiping,both,overall,overall,131.7
2022-01-01,Perak,P.060 Taiping,female,overall,overall,63.9
2022-01-01,Perak,P.060 Taiping,male,overall,overall,67.7
2023-01-01,Perak,P.060 Taiping,both,citizen,overall,127.7
2023-01-01,Perak,P.060 Taiping,both,noncitizen,overall,5.4
2023-01-01,Perak,P.060 Taiping,both,overall,overall,133.0
2023-01-01,Perak,P.060 Taiping,female,overall,overall,64.3
2023-01-01,Perak,P.060 Taiping,male,overall,overall,68.7
2024-01-01,Perak,P.060 Taiping,both,citizen,overall,128.2
2024-01-01,Perak,P.060 Taiping,both,noncitizen,overall,6.5
2024-01-01,Perak,P.060 Taiping,both,overall,overall,134.5
2024-01-01,Perak,P.060 Taiping,female,overall,overall,64.8
2024-01-01,Perak,P.060 Taiping,male,overall,overall,69.8
2020-01-01,Perak,P.061 Padang Rengas,both,overall,overall,38.3
2020-01-01,Perak,P.061 Padang Rengas,both,overall,citizen,37.4
2020-01-01,Perak,P.061 Padang Rengas,both,overall,noncitizen,0.9
2020-01-01,Perak,P.061 Padang Rengas,female,overall,overall,19.1
2020-01-01,Perak,P.061 Padang Rengas,male,overall,overall,19.2
2021-01-01,Perak,P.061 Padang Rengas,both,citizen,overall,37.8
2021-01-01,Perak,P.061 Padang Rengas,both,noncitizen,overall,0.8
2021-01-01,Perak,P.061 Padang Rengas,both,overall,overall,38.6
2021-01-01,Perak,P.061 Padang Rengas,female,overall,overall,19.2
2021-01-01,Perak,P.061 Padang Rengas,male,overall,overall,19.4
2022-01-01,Perak,P.061 Padang Rengas,both,citizen,overall,37.8
2022-01-01,Perak,P.061 Padang Rengas,both,noncitizen,overall,0.8
2022-01-01,Perak,P.061 Padang Rengas,both,overall,overall,38.6
2022-01-01,Perak,P.061 Padang Rengas,female,overall,overall,19.2
2022-01-01,Perak,P.061 Padang Rengas,male,overall,overall,19.3
2023-01-01,Perak,P.061 Padang Rengas,both,citizen,overall,38.0
2023-01-01,Perak,P.061 Padang Rengas,both,noncitizen,overall,1.0
2023-01-01,Perak,P.061 Padang Rengas,both,overall,overall,39.0
2023-01-01,Perak,P.061 Padang Rengas,female,overall,overall,19.4
2023-01-01,Perak,P.061 Padang Rengas,male,overall,overall,19.6
2024-01-01,Perak,P.061 Padang Rengas,both,citizen,overall,38.5
2024-01-01,Perak,P.061 Padang Rengas,both,noncitizen,overall,1.0
2024-01-01,Perak,P.061 Padang Rengas,both,overall,overall,39.4
2024-01-01,Perak,P.061 Padang Rengas,female,overall,overall,19.5
2024-01-01,Perak,P.061 Padang Rengas,male,overall,overall,19.9
2020-01-01,Perak,P.062 Sungai Siput,both,overall,overall,86.8
2020-01-01,Perak,P.062 Sungai Siput,both,overall,citizen,83.9
2020-01-01,Perak,P.062 Sungai Siput,both,overall,noncitizen,2.9
2020-01-01,Perak,P.062 Sungai Siput,female,overall,overall,42.1
2020-01-01,Perak,P.062 Sungai Siput,male,overall,overall,44.7
2021-01-01,Perak,P.062 Sungai Siput,both,citizen,overall,84.6
2021-01-01,Perak,P.062 Sungai Siput,both,noncitizen,overall,2.9
2021-01-01,Perak,P.062 Sungai Siput,both,overall,overall,87.5
2021-01-01,Perak,P.062 Sungai Siput,female,overall,overall,42.5
2021-01-01,Perak,P.062 Sungai Siput,male,overall,overall,45.0
2022-01-01,Perak,P.062 Sungai Siput,both,citizen,overall,84.7
2022-01-01,Perak,P.062 Sungai Siput,both,noncitizen,overall,2.7
2022-01-01,Perak,P.062 Sungai Siput,both,overall,overall,87.5
2022-01-01,Perak,P.062 Sungai Siput,female,overall,overall,42.6
2022-01-01,Perak,P.062 Sungai Siput,male,overall,overall,44.8
2023-01-01,Perak,P.062 Sungai Siput,both,citizen,overall,85.3
2023-01-01,Perak,P.062 Sungai Siput,both,noncitizen,overall,3.1
2023-01-01,Perak,P.062 Sungai Siput,both,overall,overall,88.4
2023-01-01,Perak,P.062 Sungai Siput,female,overall,overall,42.9
2023-01-01,Perak,P.062 Sungai Siput,male,overall,overall,45.5
2024-01-01,Perak,P.062 Sungai Siput,both,citizen,overall,85.6
2024-01-01,Perak,P.062 Sungai Siput,both,noncitizen,overall,3.8
2024-01-01,Perak,P.062 Sungai Siput,both,overall,overall,89.3
2024-01-01,Perak,P.062 Sungai Siput,female,overall,overall,43.1
2024-01-01,Perak,P.062 Sungai Siput,male,overall,overall,46.2
2020-01-01,Perak,P.063 Tambun,both,overall,overall,259.2
2020-01-01,Perak,P.063 Tambun,both,overall,citizen,245.9
2020-01-01,Perak,P.063 Tambun,both,overall,noncitizen,13.3
2020-01-01,Perak,P.063 Tambun,female,overall,overall,125.2
2020-01-01,Perak,P.063 Tambun,male,overall,overall,134.0
2021-01-01,Perak,P.063 Tambun,both,citizen,overall,248.0
2021-01-01,Perak,P.063 Tambun,both,noncitizen,overall,13.2
2021-01-01,Perak,P.063 Tambun,both,overall,overall,261.2
2021-01-01,Perak,P.063 Tambun,female,overall,overall,126.3
2021-01-01,Perak,P.063 Tambun,male,overall,overall,134.9
2022-01-01,Perak,P.063 Tambun,both,citizen,overall,248.8
2022-01-01,Perak,P.063 Tambun,both,noncitizen,overall,12.3
2022-01-01,Perak,P.063 Tambun,both,overall,overall,261.1
2022-01-01,Perak,P.063 Tambun,female,overall,overall,126.6
2022-01-01,Perak,P.063 Tambun,male,overall,overall,134.5
2023-01-01,Perak,P.063 Tambun,both,citizen,overall,249.8
2023-01-01,Perak,P.063 Tambun,both,noncitizen,overall,14.0
2023-01-01,Perak,P.063 Tambun,both,overall,overall,263.8
2023-01-01,Perak,P.063 Tambun,female,overall,overall,127.5
2023-01-01,Perak,P.063 Tambun,male,overall,overall,136.3
2024-01-01,Perak,P.063 Tambun,both,citizen,overall,250.7
2024-01-01,Perak,P.063 Tambun,both,noncitizen,overall,16.1
2024-01-01,Perak,P.063 Tambun,both,overall,overall,266.8
2024-01-01,Perak,P.063 Tambun,female,overall,overall,128.3
2024-01-01,Perak,P.063 Tambun,male,overall,overall,138.5
2020-01-01,Perak,P.064 Ipoh Timor,both,overall,overall,134.7
2020-01-01,Perak,P.064 Ipoh Timor,both,overall,citizen,126.1
2020-01-01,Perak,P.064 Ipoh Timor,both,overall,noncitizen,8.6
2020-01-01,Perak,P.064 Ipoh Timor,female,overall,overall,64.8
2020-01-01,Perak,P.064 Ipoh Timor,male,overall,overall,69.9
2021-01-01,Perak,P.064 Ipoh Timor,both,citizen,overall,127.2
2021-01-01,Perak,P.064 Ipoh Timor,both,noncitizen,overall,8.5
2021-01-01,Perak,P.064 Ipoh Timor,both,overall,overall,135.7
2021-01-01,Perak,P.064 Ipoh Timor,female,overall,overall,65.5
2021-01-01,Perak,P.064 Ipoh Timor,male,overall,overall,70.3
2022-01-01,Perak,P.064 Ipoh Timor,both,citizen,overall,127.5
2022-01-01,Perak,P.064 Ipoh Timor,both,noncitizen,overall,8.2
2022-01-01,Perak,P.064 Ipoh Timor,both,overall,overall,135.7
2022-01-01,Perak,P.064 Ipoh Timor,female,overall,overall,65.5
2022-01-01,Perak,P.064 Ipoh Timor,male,overall,overall,70.1
2023-01-01,Perak,P.064 Ipoh Timor,both,citizen,overall,127.8
2023-01-01,Perak,P.064 Ipoh Timor,both,noncitizen,overall,9.4
2023-01-01,Perak,P.064 Ipoh Timor,both,overall,overall,137.1
2023-01-01,Perak,P.064 Ipoh Timor,female,overall,overall,66.0
2023-01-01,Perak,P.064 Ipoh Timor,male,overall,overall,71.1
2024-01-01,Perak,P.064 Ipoh Timor,both,citizen,overall,127.7
2024-01-01,Perak,P.064 Ipoh Timor,both,noncitizen,overall,10.9
2024-01-01,Perak,P.064 Ipoh Timor,both,overall,overall,138.6
2024-01-01,Perak,P.064 Ipoh Timor,female,overall,overall,66.4
2024-01-01,Perak,P.064 Ipoh Timor,male,overall,overall,72.2
2020-01-01,Perak,P.065 Ipoh Barat,both,overall,overall,135.0
2020-01-01,Perak,P.065 Ipoh Barat,both,overall,citizen,127.1
2020-01-01,Perak,P.065 Ipoh Barat,both,overall,noncitizen,7.9
2020-01-01,Perak,P.065 Ipoh Barat,female,overall,overall,65.2
2020-01-01,Perak,P.065 Ipoh Barat,male,overall,overall,69.8
2021-01-01,Perak,P.065 Ipoh Barat,both,citizen,overall,128.2
2021-01-01,Perak,P.065 Ipoh Barat,both,noncitizen,overall,7.9
2021-01-01,Perak,P.065 Ipoh Barat,both,overall,overall,136.1
2021-01-01,Perak,P.065 Ipoh Barat,female,overall,overall,65.8
2021-01-01,Perak,P.065 Ipoh Barat,male,overall,overall,70.4
2022-01-01,Perak,P.065 Ipoh Barat,both,citizen,overall,128.5
2022-01-01,Perak,P.065 Ipoh Barat,both,noncitizen,overall,7.5
2022-01-01,Perak,P.065 Ipoh Barat,both,overall,overall,136.0
2022-01-01,Perak,P.065 Ipoh Barat,female,overall,overall,65.9
2022-01-01,Perak,P.065 Ipoh Barat,male,overall,overall,70.0
2023-01-01,Perak,P.065 Ipoh Barat,both,citizen,overall,128.6
2023-01-01,Perak,P.065 Ipoh Barat,both,noncitizen,overall,8.8
2023-01-01,Perak,P.065 Ipoh Barat,both,overall,overall,137.4
2023-01-01,Perak,P.065 Ipoh Barat,female,overall,overall,66.4
2023-01-01,Perak,P.065 Ipoh Barat,male,overall,overall,71.1
2024-01-01,Perak,P.065 Ipoh Barat,both,citizen,overall,128.8
2024-01-01,Perak,P.065 Ipoh Barat,both,noncitizen,overall,10.1
2024-01-01,Perak,P.065 Ipoh Barat,both,overall,overall,138.9
2024-01-01,Perak,P.065 Ipoh Barat,female,overall,overall,66.8
2024-01-01,Perak,P.065 Ipoh Barat,male,overall,overall,72.1
2020-01-01,Perak,P.066 Batu Gajah,both,overall,overall,137.2
2020-01-01,Perak,P.066 Batu Gajah,both,overall,citizen,128.9
2020-01-01,Perak,P.066 Batu Gajah,both,overall,noncitizen,8.3
2020-01-01,Perak,P.066 Batu Gajah,female,overall,overall,64.5
2020-01-01,Perak,P.066 Batu Gajah,male,overall,overall,72.8
2021-01-01,Perak,P.066 Batu Gajah,both,citizen,overall,130.0
2021-01-01,Perak,P.066 Batu Gajah,both,noncitizen,overall,8.4
2021-01-01,Perak,P.066 Batu Gajah,both,overall,overall,138.4
2021-01-01,Perak,P.066 Batu Gajah,female,overall,overall,65.0
2021-01-01,Perak,P.066 Batu Gajah,male,overall,overall,73.3
2022-01-01,Perak,P.066 Batu Gajah,both,citizen,overall,130.2
2022-01-01,Perak,P.066 Batu Gajah,both,noncitizen,overall,8.0
2022-01-01,Perak,P.066 Batu Gajah,both,overall,overall,138.2
2022-01-01,Perak,P.066 Batu Gajah,female,overall,overall,65.3
2022-01-01,Perak,P.066 Batu Gajah,male,overall,overall,73.0
2023-01-01,Perak,P.066 Batu Gajah,both,citizen,overall,130.8
2023-01-01,Perak,P.066 Batu Gajah,both,noncitizen,overall,8.9
2023-01-01,Perak,P.066 Batu Gajah,both,overall,overall,139.7
2023-01-01,Perak,P.066 Batu Gajah,female,overall,overall,65.6
2023-01-01,Perak,P.066 Batu Gajah,male,overall,overall,74.0
2024-01-01,Perak,P.066 Batu Gajah,both,citizen,overall,130.6
2024-01-01,Perak,P.066 Batu Gajah,both,noncitizen,overall,10.6
2024-01-01,Perak,P.066 Batu Gajah,both,overall,overall,141.2
2024-01-01,Perak,P.066 Batu Gajah,female,overall,overall,66.1
2024-01-01,Perak,P.066 Batu Gajah,male,overall,overall,75.2
2020-01-01,Perak,P.067 Kuala Kangsar,both,overall,overall,51.8
2020-01-01,Perak,P.067 Kuala Kangsar,both,overall,citizen,50.7
2020-01-01,Perak,P.067 Kuala Kangsar,both,overall,noncitizen,1.1
2020-01-01,Perak,P.067 Kuala Kangsar,female,overall,overall,26.0
2020-01-01,Perak,P.067 Kuala Kangsar,male,overall,overall,25.8
2021-01-01,Perak,P.067 Kuala Kangsar,both,citizen,overall,51.1
2021-01-01,Perak,P.067 Kuala Kangsar,both,noncitizen,overall,1.1
2021-01-01,Perak,P.067 Kuala Kangsar,both,overall,overall,52.2
2021-01-01,Perak,P.067 Kuala Kangsar,female,overall,overall,26.2
2021-01-01,Perak,P.067 Kuala Kangsar,male,overall,overall,26.0
2022-01-01,Perak,P.067 Kuala Kangsar,both,citizen,overall,51.1
2022-01-01,Perak,P.067 Kuala Kangsar,both,noncitizen,overall,1.1
2022-01-01,Perak,P.067 Kuala Kangsar,both,overall,overall,52.2
2022-01-01,Perak,P.067 Kuala Kangsar,female,overall,overall,26.3
2022-01-01,Perak,P.067 Kuala Kangsar,male,overall,overall,25.9
2023-01-01,Perak,P.067 Kuala Kangsar,both,citizen,overall,51.5
2023-01-01,Perak,P.067 Kuala Kangsar,both,noncitizen,overall,1.1
2023-01-01,Perak,P.067 Kuala Kangsar,both,overall,overall,52.8
2023-01-01,Perak,P.067 Kuala Kangsar,female,overall,overall,26.5
2023-01-01,Perak,P.067 Kuala Kangsar,male,overall,overall,26.3
2024-01-01,Perak,P.067 Kuala Kangsar,both,citizen,overall,51.9
2024-01-01,Perak,P.067 Kuala Kangsar,both,noncitizen,overall,1.3
2024-01-01,Perak,P.067 Kuala Kangsar,both,overall,overall,53.3
2024-01-01,Perak,P.067 Kuala Kangsar,female,overall,overall,26.6
2024-01-01,Perak,P.067 Kuala Kangsar,male,overall,overall,26.7
2020-01-01,Perak,P.068 Beruas,both,overall,overall,119.8
2020-01-01,Perak,P.068 Beruas,both,overall,citizen,111.2
2020-01-01,Perak,P.068 Beruas,both,overall,noncitizen,8.6
2020-01-01,Perak,P.068 Beruas,female,overall,overall,56.0
2020-01-01,Perak,P.068 Beruas,male,overall,overall,63.8
2021-01-01,Perak,P.068 Beruas,both,citizen,overall,112.2
2021-01-01,Perak,P.068 Beruas,both,noncitizen,overall,8.6
2021-01-01,Perak,P.068 Beruas,both,overall,overall,120.6
2021-01-01,Perak,P.068 Beruas,female,overall,overall,56.5
2021-01-01,Perak,P.068 Beruas,male,overall,overall,64.2
2022-01-01,Perak,P.068 Beruas,both,citizen,overall,112.5
2022-01-01,Perak,P.068 Beruas,both,noncitizen,overall,8.1
2022-01-01,Perak,P.068 Beruas,both,overall,overall,120.6
2022-01-01,Perak,P.068 Beruas,female,overall,overall,56.7
2022-01-01,Perak,P.068 Beruas,male,overall,overall,64.0
2023-01-01,Perak,P.068 Beruas,both,citizen,overall,112.8
2023-01-01,Perak,P.068 Beruas,both,noncitizen,overall,9.2
2023-01-01,Perak,P.068 Beruas,both,overall,overall,121.9
2023-01-01,Perak,P.068 Beruas,female,overall,overall,57.0
2023-01-01,Perak,P.068 Beruas,male,overall,overall,64.8
2024-01-01,Perak,P.068 Beruas,both,citizen,overall,112.2
2024-01-01,Perak,P.068 Beruas,both,noncitizen,overall,11.1
2024-01-01,Perak,P.068 Beruas,both,overall,overall,123.2
2024-01-01,Perak,P.068 Beruas,female,overall,overall,57.4
2024-01-01,Perak,P.068 Beruas,male,overall,overall,65.8
2020-01-01,Perak,P.069 Parit,both,overall,overall,61.0
2020-01-01,Perak,P.069 Parit,both,overall,citizen,58.7
2020-01-01,Perak,P.069 Parit,both,overall,noncitizen,2.3
2020-01-01,Perak,P.069 Parit,female,overall,overall,29.6
2020-01-01,Perak,P.069 Parit,male,overall,overall,31.4
2021-01-01,Perak,P.069 Parit,both,citizen,overall,59.2
2021-01-01,Perak,P.069 Parit,both,noncitizen,overall,2.3
2021-01-01,Perak,P.069 Parit,both,overall,overall,61.5
2021-01-01,Perak,P.069 Parit,female,overall,overall,29.8
2021-01-01,Perak,P.069 Parit,male,overall,overall,31.6
2022-01-01,Perak,P.069 Parit,both,citizen,overall,59.4
2022-01-01,Perak,P.069 Parit,both,noncitizen,overall,2.1
2022-01-01,Perak,P.069 Parit,both,overall,overall,61.4
2022-01-01,Perak,P.069 Parit,female,overall,overall,29.9
2022-01-01,Perak,P.069 Parit,male,overall,overall,31.5
2023-01-01,Perak,P.069 Parit,both,citizen,overall,59.7
2023-01-01,Perak,P.069 Parit,both,noncitizen,overall,2.5
2023-01-01,Perak,P.069 Parit,both,overall,overall,62.1
2023-01-01,Perak,P.069 Parit,female,overall,overall,30.1
2023-01-01,Perak,P.069 Parit,male,overall,overall,32.0
2024-01-01,Perak,P.069 Parit,both,citizen,overall,60.2
2024-01-01,Perak,P.069 Parit,both,noncitizen,overall,2.6
2024-01-01,Perak,P.069 Parit,both,overall,overall,62.8
2024-01-01,Perak,P.069 Parit,female,overall,overall,30.3
2024-01-01,Perak,P.069 Parit,male,overall,overall,32.5
2020-01-01,Perak,P.070 Kampar,both,overall,overall,104.6
2020-01-01,Perak,P.070 Kampar,both,overall,citizen,100.3
2020-01-01,Perak,P.070 Kampar,both,overall,noncitizen,4.2
2020-01-01,Perak,P.070 Kampar,female,overall,overall,50.8
2020-01-01,Perak,P.070 Kampar,male,overall,overall,53.7
2021-01-01,Perak,P.070 Kampar,both,citizen,overall,101.2
2021-01-01,Perak,P.070 Kampar,both,noncitizen,overall,4.1
2021-01-01,Perak,P.070 Kampar,both,overall,overall,105.4
2021-01-01,Perak,P.070 Kampar,female,overall,overall,51.3
2021-01-01,Perak,P.070 Kampar,male,overall,overall,54.2
2022-01-01,Perak,P.070 Kampar,both,citizen,overall,101.3
2022-01-01,Perak,P.070 Kampar,both,noncitizen,overall,4.1
2022-01-01,Perak,P.070 Kampar,both,overall,overall,105.3
2022-01-01,Perak,P.070 Kampar,female,overall,overall,51.4
2022-01-01,Perak,P.070 Kampar,male,overall,overall,53.9
2023-01-01,Perak,P.070 Kampar,both,citizen,overall,102.0
2023-01-01,Perak,P.070 Kampar,both,noncitizen,overall,4.4
2023-01-01,Perak,P.070 Kampar,both,overall,overall,106.4
2023-01-01,Perak,P.070 Kampar,female,overall,overall,51.8
2023-01-01,Perak,P.070 Kampar,male,overall,overall,54.7
2024-01-01,Perak,P.070 Kampar,both,citizen,overall,102.2
2024-01-01,Perak,P.070 Kampar,both,noncitizen,overall,5.4
2024-01-01,Perak,P.070 Kampar,both,overall,overall,107.5
2024-01-01,Perak,P.070 Kampar,female,overall,overall,52.2
2024-01-01,Perak,P.070 Kampar,male,overall,overall,55.6
2020-01-01,Perak,P.071 Gopeng,both,overall,overall,216.2
2020-01-01,Perak,P.071 Gopeng,both,overall,citizen,204.4
2020-01-01,Perak,P.071 Gopeng,both,overall,noncitizen,11.8
2020-01-01,Perak,P.071 Gopeng,female,overall,overall,105.4
2020-01-01,Perak,P.071 Gopeng,male,overall,overall,110.9
2021-01-01,Perak,P.071 Gopeng,both,citizen,overall,206.1
2021-01-01,Perak,P.071 Gopeng,both,noncitizen,overall,11.8
2021-01-01,Perak,P.071 Gopeng,both,overall,overall,217.9
2021-01-01,Perak,P.071 Gopeng,female,overall,overall,106.3
2021-01-01,Perak,P.071 Gopeng,male,overall,overall,111.5
2022-01-01,Perak,P.071 Gopeng,both,citizen,overall,206.7
2022-01-01,Perak,P.071 Gopeng,both,noncitizen,overall,11.1
2022-01-01,Perak,P.071 Gopeng,both,overall,overall,217.8
2022-01-01,Perak,P.071 Gopeng,female,overall,overall,106.7
2022-01-01,Perak,P.071 Gopeng,male,overall,overall,111.3
2023-01-01,Perak,P.071 Gopeng,both,citizen,overall,207.5
2023-01-01,Perak,P.071 Gopeng,both,noncitizen,overall,12.7
2023-01-01,Perak,P.071 Gopeng,both,overall,overall,220.2
2023-01-01,Perak,P.071 Gopeng,female,overall,overall,107.4
2023-01-01,Perak,P.071 Gopeng,male,overall,overall,112.9
2024-01-01,Perak,P.071 Gopeng,both,citizen,overall,208.2
2024-01-01,Perak,P.071 Gopeng,both,noncitizen,overall,14.5
2024-01-01,Perak,P.071 Gopeng,both,overall,overall,222.6
2024-01-01,Perak,P.071 Gopeng,female,overall,overall,108.0
2024-01-01,Perak,P.071 Gopeng,male,overall,overall,114.6
2020-01-01,Perak,P.072 Tapah,both,overall,overall,79.1
2020-01-01,Perak,P.072 Tapah,both,overall,citizen,76.0
2020-01-01,Perak,P.072 Tapah,both,overall,noncitizen,3.1
2020-01-01,Perak,P.072 Tapah,female,overall,overall,36.5
2020-01-01,Perak,P.072 Tapah,male,overall,overall,42.6
2021-01-01,Perak,P.072 Tapah,both,citizen,overall,76.6
2021-01-01,Perak,P.072 Tapah,both,noncitizen,overall,3.1
2021-01-01,Perak,P.072 Tapah,both,overall,overall,79.7
2021-01-01,Perak,P.072 Tapah,female,overall,overall,36.8
2021-01-01,Perak,P.072 Tapah,male,overall,overall,42.9
2022-01-01,Perak,P.072 Tapah,both,citizen,overall,76.8
2022-01-01,Perak,P.072 Tapah,both,noncitizen,overall,2.9
2022-01-01,Perak,P.072 Tapah,both,overall,overall,79.7
2022-01-01,Perak,P.072 Tapah,female,overall,overall,37.0
2022-01-01,Perak,P.072 Tapah,male,overall,overall,42.7
2023-01-01,Perak,P.072 Tapah,both,citizen,overall,77.1
2023-01-01,Perak,P.072 Tapah,both,noncitizen,overall,3.3
2023-01-01,Perak,P.072 Tapah,both,overall,overall,80.6
2023-01-01,Perak,P.072 Tapah,female,overall,overall,37.2
2023-01-01,Perak,P.072 Tapah,male,overall,overall,43.4
2024-01-01,Perak,P.072 Tapah,both,citizen,overall,77.7
2024-01-01,Perak,P.072 Tapah,both,noncitizen,overall,3.7
2024-01-01,Perak,P.072 Tapah,both,overall,overall,81.5
2024-01-01,Perak,P.072 Tapah,female,overall,overall,37.4
2024-01-01,Perak,P.072 Tapah,male,overall,overall,44.0
2020-01-01,Perak,P.073 Pasir Salak,both,overall,overall,80.5
2020-01-01,Perak,P.073 Pasir Salak,both,overall,citizen,75.2
2020-01-01,Perak,P.073 Pasir Salak,both,overall,noncitizen,5.3
2020-01-01,Perak,P.073 Pasir Salak,female,overall,overall,37.7
2020-01-01,Perak,P.073 Pasir Salak,male,overall,overall,42.8
2021-01-01,Perak,P.073 Pasir Salak,both,citizen,overall,75.9
2021-01-01,Perak,P.073 Pasir Salak,both,noncitizen,overall,5.3
2021-01-01,Perak,P.073 Pasir Salak,both,overall,overall,81.1
2021-01-01,Perak,P.073 Pasir Salak,female,overall,overall,38.1
2021-01-01,Perak,P.073 Pasir Salak,male,overall,overall,43.1
2022-01-01,Perak,P.073 Pasir Salak,both,citizen,overall,76.2
2022-01-01,Perak,P.073 Pasir Salak,both,noncitizen,overall,4.9
2022-01-01,Perak,P.073 Pasir Salak,both,overall,overall,81.1
2022-01-01,Perak,P.073 Pasir Salak,female,overall,overall,38.1
2022-01-01,Perak,P.073 Pasir Salak,male,overall,overall,43.0
2023-01-01,Perak,P.073 Pasir Salak,both,citizen,overall,76.5
2023-01-01,Perak,P.073 Pasir Salak,both,noncitizen,overall,5.5
2023-01-01,Perak,P.073 Pasir Salak,both,overall,overall,81.9
2023-01-01,Perak,P.073 Pasir Salak,female,overall,overall,38.4
2023-01-01,Perak,P.073 Pasir Salak,male,overall,overall,43.6
2024-01-01,Perak,P.073 Pasir Salak,both,citizen,overall,76.7
2024-01-01,Perak,P.073 Pasir Salak,both,noncitizen,overall,6.2
2024-01-01,Perak,P.073 Pasir Salak,both,overall,overall,82.9
2024-01-01,Perak,P.073 Pasir Salak,female,overall,overall,38.6
2024-01-01,Perak,P.073 Pasir Salak,male,overall,overall,44.2
2020-01-01,Perak,P.074 Lumut,both,overall,overall,124.3
2020-01-01,Perak,P.074 Lumut,both,overall,citizen,115.6
2020-01-01,Perak,P.074 Lumut,both,overall,noncitizen,8.7
2020-01-01,Perak,P.074 Lumut,female,overall,overall,56.6
2020-01-01,Perak,P.074 Lumut,male,overall,overall,67.8
2021-01-01,Perak,P.074 Lumut,both,citizen,overall,116.7
2021-01-01,Perak,P.074 Lumut,both,noncitizen,overall,8.6
2021-01-01,Perak,P.074 Lumut,both,overall,overall,125.3
2021-01-01,Perak,P.074 Lumut,female,overall,overall,57.1
2021-01-01,Perak,P.074 Lumut,male,overall,overall,68.2
2022-01-01,Perak,P.074 Lumut,both,citizen,overall,117.1
2022-01-01,Perak,P.074 Lumut,both,noncitizen,overall,8.1
2022-01-01,Perak,P.074 Lumut,both,overall,overall,125.3
2022-01-01,Perak,P.074 Lumut,female,overall,overall,57.2
2022-01-01,Perak,P.074 Lumut,male,overall,overall,67.9
2023-01-01,Perak,P.074 Lumut,both,citizen,overall,117.4
2023-01-01,Perak,P.074 Lumut,both,noncitizen,overall,9.2
2023-01-01,Perak,P.074 Lumut,both,overall,overall,126.6
2023-01-01,Perak,P.074 Lumut,female,overall,overall,57.6
2023-01-01,Perak,P.074 Lumut,male,overall,overall,69.0
2024-01-01,Perak,P.074 Lumut,both,citizen,overall,117.7
2024-01-01,Perak,P.074 Lumut,both,noncitizen,overall,10.3
2024-01-01,Perak,P.074 Lumut,both,overall,overall,128.0
2024-01-01,Perak,P.074 Lumut,female,overall,overall,58.0
2024-01-01,Perak,P.074 Lumut,male,overall,overall,70.0
2020-01-01,Perak,P.075 Bagan Datuk,both,overall,overall,76.5
2020-01-01,Perak,P.075 Bagan Datuk,both,overall,citizen,69.3
2020-01-01,Perak,P.075 Bagan Datuk,both,overall,noncitizen,7.2
2020-01-01,Perak,P.075 Bagan Datuk,female,overall,overall,35.1
2020-01-01,Perak,P.075 Bagan Datuk,male,overall,overall,41.4
2021-01-01,Perak,P.075 Bagan Datuk,both,citizen,overall,69.9
2021-01-01,Perak,P.075 Bagan Datuk,both,noncitizen,overall,7.2
2021-01-01,Perak,P.075 Bagan Datuk,both,overall,overall,77.1
2021-01-01,Perak,P.075 Bagan Datuk,female,overall,overall,35.4
2021-01-01,Perak,P.075 Bagan Datuk,male,overall,overall,41.6
2022-01-01,Perak,P.075 Bagan Datuk,both,citizen,overall,70.2
2022-01-01,Perak,P.075 Bagan Datuk,both,noncitizen,overall,6.8
2022-01-01,Perak,P.075 Bagan Datuk,both,overall,overall,77.1
2022-01-01,Perak,P.075 Bagan Datuk,female,overall,overall,35.6
2022-01-01,Perak,P.075 Bagan Datuk,male,overall,overall,41.5
2023-01-01,Perak,P.075 Bagan Datuk,both,citizen,overall,70.2
2023-01-01,Perak,P.075 Bagan Datuk,both,noncitizen,overall,7.7
2023-01-01,Perak,P.075 Bagan Datuk,both,overall,overall,77.9
2023-01-01,Perak,P.075 Bagan Datuk,female,overall,overall,35.7
2023-01-01,Perak,P.075 Bagan Datuk,male,overall,overall,42.2
2024-01-01,Perak,P.075 Bagan Datuk,both,citizen,overall,70.0
2024-01-01,Perak,P.075 Bagan Datuk,both,noncitizen,overall,8.9
2024-01-01,Perak,P.075 Bagan Datuk,both,overall,overall,78.7
2024-01-01,Perak,P.075 Bagan Datuk,female,overall,overall,36.0
2024-01-01,Perak,P.075 Bagan Datuk,male,overall,overall,42.7
2020-01-01,Perak,P.076 Teluk Intan,both,overall,overall,103.1
2020-01-01,Perak,P.076 Teluk Intan,both,overall,citizen,91.8
2020-01-01,Perak,P.076 Teluk Intan,both,overall,noncitizen,11.3
2020-01-01,Perak,P.076 Teluk Intan,female,overall,overall,47.2
2020-01-01,Perak,P.076 Teluk Intan,male,overall,overall,55.9
2021-01-01,Perak,P.076 Teluk Intan,both,citizen,overall,92.6
2021-01-01,Perak,P.076 Teluk Intan,both,noncitizen,overall,11.3
2021-01-01,Perak,P.076 Teluk Intan,both,overall,overall,103.9
2021-01-01,Perak,P.076 Teluk Intan,female,overall,overall,47.6
2021-01-01,Perak,P.076 Teluk Intan,male,overall,overall,56.3
2022-01-01,Perak,P.076 Teluk Intan,both,citizen,overall,93.1
2022-01-01,Perak,P.076 Teluk Intan,both,noncitizen,overall,10.4
2022-01-01,Perak,P.076 Teluk Intan,both,overall,overall,103.9
2022-01-01,Perak,P.076 Teluk Intan,female,overall,overall,47.8
2022-01-01,Perak,P.076 Teluk Intan,male,overall,overall,56.1
2023-01-01,Perak,P.076 Teluk Intan,both,citizen,overall,92.8
2023-01-01,Perak,P.076 Teluk Intan,both,noncitizen,overall,12.1
2023-01-01,Perak,P.076 Teluk Intan,both,overall,overall,105.0
2023-01-01,Perak,P.076 Teluk Intan,female,overall,overall,48.1
2023-01-01,Perak,P.076 Teluk Intan,male,overall,overall,56.9
2024-01-01,Perak,P.076 Teluk Intan,both,citizen,overall,92.8
2024-01-01,Perak,P.076 Teluk Intan,both,noncitizen,overall,13.3
2024-01-01,Perak,P.076 Teluk Intan,both,overall,overall,106.1
2024-01-01,Perak,P.076 Teluk Intan,female,overall,overall,48.4
2024-01-01,Perak,P.076 Teluk Intan,male,overall,overall,57.7
2020-01-01,Perak,P.077 Tanjong Malim,both,overall,overall,122.9
2020-01-01,Perak,P.077 Tanjong Malim,both,overall,citizen,117.7
2020-01-01,Perak,P.077 Tanjong Malim,both,overall,noncitizen,5.2
2020-01-01,Perak,P.077 Tanjong Malim,female,overall,overall,61.2
2020-01-01,Perak,P.077 Tanjong Malim,male,overall,overall,61.7
2021-01-01,Perak,P.077 Tanjong Malim,both,citizen,overall,118.7
2021-01-01,Perak,P.077 Tanjong Malim,both,noncitizen,overall,5.2
2021-01-01,Perak,P.077 Tanjong Malim,both,overall,overall,123.9
2021-01-01,Perak,P.077 Tanjong Malim,female,overall,overall,61.8
2021-01-01,Perak,P.077 Tanjong Malim,male,overall,overall,62.1
2022-01-01,Perak,P.077 Tanjong Malim,both,citizen,overall,118.9
2022-01-01,Perak,P.077 Tanjong Malim,both,noncitizen,overall,4.9
2022-01-01,Perak,P.077 Tanjong Malim,both,overall,overall,123.9
2022-01-01,Perak,P.077 Tanjong Malim,female,overall,overall,61.9
2022-01-01,Perak,P.077 Tanjong Malim,male,overall,overall,62.0
2023-01-01,Perak,P.077 Tanjong Malim,both,citizen,overall,119.4
2023-01-01,Perak,P.077 Tanjong Malim,both,noncitizen,overall,5.7
2023-01-01,Perak,P.077 Tanjong Malim,both,overall,overall,125.2
2023-01-01,Perak,P.077 Tanjong Malim,female,overall,overall,62.4
2023-01-01,Perak,P.077 Tanjong Malim,male,overall,overall,62.9
2024-01-01,Perak,P.077 Tanjong Malim,both,citizen,overall,120.5
2024-01-01,Perak,P.077 Tanjong Malim,both,noncitizen,overall,6.0
2024-01-01,Perak,P.077 Tanjong Malim,both,overall,overall,126.5
2024-01-01,Perak,P.077 Tanjong Malim,female,overall,overall,62.7
2024-01-01,Perak,P.077 Tanjong Malim,male,overall,overall,63.8
2020-01-01,Pahang,P.078 Cameron Highlands,both,overall,overall,68.0
2020-01-01,Pahang,P.078 Cameron Highlands,both,overall,citizen,62.1
2020-01-01,Pahang,P.078 Cameron Highlands,both,overall,noncitizen,5.9
2020-01-01,Pahang,P.078 Cameron Highlands,female,overall,overall,30.9
2020-01-01,Pahang,P.078 Cameron Highlands,male,overall,overall,37.1
2021-01-01,Pahang,P.078 Cameron Highlands,both,citizen,overall,62.8
2021-01-01,Pahang,P.078 Cameron Highlands,both,noncitizen,overall,5.6
2021-01-01,Pahang,P.078 Cameron Highlands,both,overall,overall,68.5
2021-01-01,Pahang,P.078 Cameron Highlands,female,overall,overall,31.2
2021-01-01,Pahang,P.078 Cameron Highlands,male,overall,overall,37.2
2022-01-01,Pahang,P.078 Cameron Highlands,both,citizen,overall,63.3
2022-01-01,Pahang,P.078 Cameron Highlands,both,noncitizen,overall,5.7
2022-01-01,Pahang,P.078 Cameron Highlands,both,overall,overall,69.0
2022-01-01,Pahang,P.078 Cameron Highlands,female,overall,overall,31.5
2022-01-01,Pahang,P.078 Cameron Highlands,male,overall,overall,37.5
2023-01-01,Pahang,P.078 Cameron Highlands,both,citizen,overall,63.4
2023-01-01,Pahang,P.078 Cameron Highlands,both,noncitizen,overall,6.9
2023-01-01,Pahang,P.078 Cameron Highlands,both,overall,overall,70.2
2023-01-01,Pahang,P.078 Cameron Highlands,female,overall,overall,31.9
2023-01-01,Pahang,P.078 Cameron Highlands,male,overall,overall,38.4
2024-01-01,Pahang,P.078 Cameron Highlands,both,citizen,overall,63.7
2024-01-01,Pahang,P.078 Cameron Highlands,both,noncitizen,overall,7.6
2024-01-01,Pahang,P.078 Cameron Highlands,both,overall,overall,71.3
2024-01-01,Pahang,P.078 Cameron Highlands,female,overall,overall,32.2
2024-01-01,Pahang,P.078 Cameron Highlands,male,overall,overall,39.1
2020-01-01,Pahang,P.079 Lipis,both,overall,overall,67.9
2020-01-01,Pahang,P.079 Lipis,both,overall,citizen,64.2
2020-01-01,Pahang,P.079 Lipis,both,overall,noncitizen,3.7
2020-01-01,Pahang,P.079 Lipis,female,overall,overall,31.4
2020-01-01,Pahang,P.079 Lipis,male,overall,overall,36.4
2021-01-01,Pahang,P.079 Lipis,both,citizen,overall,64.8
2021-01-01,Pahang,P.079 Lipis,both,noncitizen,overall,3.5
2021-01-01,Pahang,P.079 Lipis,both,overall,overall,68.3
2021-01-01,Pahang,P.079 Lipis,female,overall,overall,31.7
2021-01-01,Pahang,P.079 Lipis,male,overall,overall,36.5
2022-01-01,Pahang,P.079 Lipis,both,citizen,overall,65.4
2022-01-01,Pahang,P.079 Lipis,both,noncitizen,overall,3.4
2022-01-01,Pahang,P.079 Lipis,both,overall,overall,68.8
2022-01-01,Pahang,P.079 Lipis,female,overall,overall,32.0
2022-01-01,Pahang,P.079 Lipis,male,overall,overall,36.8
2023-01-01,Pahang,P.079 Lipis,both,citizen,overall,65.9
2023-01-01,Pahang,P.079 Lipis,both,noncitizen,overall,4.3
2023-01-01,Pahang,P.079 Lipis,both,overall,overall,70.0
2023-01-01,Pahang,P.079 Lipis,female,overall,overall,32.4
2023-01-01,Pahang,P.079 Lipis,male,overall,overall,37.6
2024-01-01,Pahang,P.079 Lipis,both,citizen,overall,66.3
2024-01-01,Pahang,P.079 Lipis,both,noncitizen,overall,4.7
2024-01-01,Pahang,P.079 Lipis,both,overall,overall,71.2
2024-01-01,Pahang,P.079 Lipis,female,overall,overall,32.7
2024-01-01,Pahang,P.079 Lipis,male,overall,overall,38.3
2020-01-01,Pahang,P.080 Raub,both,overall,overall,95.9
2020-01-01,Pahang,P.080 Raub,both,overall,citizen,90.6
2020-01-01,Pahang,P.080 Raub,both,overall,noncitizen,5.3
2020-01-01,Pahang,P.080 Raub,female,overall,overall,45.1
2020-01-01,Pahang,P.080 Raub,male,overall,overall,50.8
2021-01-01,Pahang,P.080 Raub,both,citizen,overall,91.5
2021-01-01,Pahang,P.080 Raub,both,noncitizen,overall,5.0
2021-01-01,Pahang,P.080 Raub,both,overall,overall,96.5
2021-01-01,Pahang,P.080 Raub,female,overall,overall,45.6
2021-01-01,Pahang,P.080 Raub,male,overall,overall,50.9
2022-01-01,Pahang,P.080 Raub,both,citizen,overall,92.3
2022-01-01,Pahang,P.080 Raub,both,noncitizen,overall,5.0
2022-01-01,Pahang,P.080 Raub,both,overall,overall,97.3
2022-01-01,Pahang,P.080 Raub,female,overall,overall,46.0
2022-01-01,Pahang,P.080 Raub,male,overall,overall,51.3
2023-01-01,Pahang,P.080 Raub,both,citizen,overall,93.0
2023-01-01,Pahang,P.080 Raub,both,noncitizen,overall,6.1
2023-01-01,Pahang,P.080 Raub,both,overall,overall,99.0
2023-01-01,Pahang,P.080 Raub,female,overall,overall,46.5
2023-01-01,Pahang,P.080 Raub,male,overall,overall,52.5
2024-01-01,Pahang,P.080 Raub,both,citizen,overall,93.5
2024-01-01,Pahang,P.080 Raub,both,noncitizen,overall,7.0
2024-01-01,Pahang,P.080 Raub,both,overall,overall,100.6
2024-01-01,Pahang,P.080 Raub,female,overall,overall,47.0
2024-01-01,Pahang,P.080 Raub,male,overall,overall,53.5
2020-01-01,Pahang,P.081 Jerantut,both,overall,overall,104.8
2020-01-01,Pahang,P.081 Jerantut,both,overall,citizen,99.8
2020-01-01,Pahang,P.081 Jerantut,both,overall,noncitizen,5.0
2020-01-01,Pahang,P.081 Jerantut,female,overall,overall,49.2
2020-01-01,Pahang,P.081 Jerantut,male,overall,overall,55.6
2021-01-01,Pahang,P.081 Jerantut,both,citizen,overall,100.7
2021-01-01,Pahang,P.081 Jerantut,both,noncitizen,overall,4.7
2021-01-01,Pahang,P.081 Jerantut,both,overall,overall,105.4
2021-01-01,Pahang,P.081 Jerantut,female,overall,overall,49.7
2021-01-01,Pahang,P.081 Jerantut,male,overall,overall,55.8
2022-01-01,Pahang,P.081 Jerantut,both,citizen,overall,101.4
2022-01-01,Pahang,P.081 Jerantut,both,noncitizen,overall,4.8
2022-01-01,Pahang,P.081 Jerantut,both,overall,overall,106.4
2022-01-01,Pahang,P.081 Jerantut,female,overall,overall,50.1
2022-01-01,Pahang,P.081 Jerantut,male,overall,overall,56.2
2023-01-01,Pahang,P.081 Jerantut,both,citizen,overall,102.4
2023-01-01,Pahang,P.081 Jerantut,both,noncitizen,overall,5.8
2023-01-01,Pahang,P.081 Jerantut,both,overall,overall,108.1
2023-01-01,Pahang,P.081 Jerantut,female,overall,overall,50.7
2023-01-01,Pahang,P.081 Jerantut,male,overall,overall,57.5
2024-01-01,Pahang,P.081 Jerantut,both,citizen,overall,103.4
2024-01-01,Pahang,P.081 Jerantut,both,noncitizen,overall,6.4
2024-01-01,Pahang,P.081 Jerantut,both,overall,overall,109.8
2024-01-01,Pahang,P.081 Jerantut,female,overall,overall,51.2
2024-01-01,Pahang,P.081 Jerantut,male,overall,overall,58.7
2020-01-01,Pahang,P.082 Indera Mahkota,both,overall,overall,248.9
2020-01-01,Pahang,P.082 Indera Mahkota,both,overall,citizen,239.3
2020-01-01,Pahang,P.082 Indera Mahkota,both,overall,noncitizen,9.7
2020-01-01,Pahang,P.082 Indera Mahkota,female,overall,overall,118.9
2020-01-01,Pahang,P.082 Indera Mahkota,male,overall,overall,130.0
2021-01-01,Pahang,P.082 Indera Mahkota,both,citizen,overall,241.4
2021-01-01,Pahang,P.082 Indera Mahkota,both,noncitizen,overall,9.1
2021-01-01,Pahang,P.082 Indera Mahkota,both,overall,overall,250.6
2021-01-01,Pahang,P.082 Indera Mahkota,female,overall,overall,120.0
2021-01-01,Pahang,P.082 Indera Mahkota,male,overall,overall,130.5
2022-01-01,Pahang,P.082 Indera Mahkota,both,citizen,overall,243.2
2022-01-01,Pahang,P.082 Indera Mahkota,both,noncitizen,overall,9.3
2022-01-01,Pahang,P.082 Indera Mahkota,both,overall,overall,252.5
2022-01-01,Pahang,P.082 Indera Mahkota,female,overall,overall,121.1
2022-01-01,Pahang,P.082 Indera Mahkota,male,overall,overall,131.4
2023-01-01,Pahang,P.082 Indera Mahkota,both,citizen,overall,245.8
2023-01-01,Pahang,P.082 Indera Mahkota,both,noncitizen,overall,11.3
2023-01-01,Pahang,P.082 Indera Mahkota,both,overall,overall,257.0
2023-01-01,Pahang,P.082 Indera Mahkota,female,overall,overall,122.6
2023-01-01,Pahang,P.082 Indera Mahkota,male,overall,overall,134.5
2024-01-01,Pahang,P.082 Indera Mahkota,both,citizen,overall,247.9
2024-01-01,Pahang,P.082 Indera Mahkota,both,noncitizen,overall,12.9
2024-01-01,Pahang,P.082 Indera Mahkota,both,overall,overall,260.9
2024-01-01,Pahang,P.082 Indera Mahkota,female,overall,overall,123.8
2024-01-01,Pahang,P.082 Indera Mahkota,male,overall,overall,137.1
2020-01-01,Pahang,P.083 Kuantan,both,overall,overall,128.2
2020-01-01,Pahang,P.083 Kuantan,both,overall,citizen,126.0
2020-01-01,Pahang,P.083 Kuantan,both,overall,noncitizen,2.2
2020-01-01,Pahang,P.083 Kuantan,female,overall,overall,62.0
2020-01-01,Pahang,P.083 Kuantan,male,overall,overall,66.2
2021-01-01,Pahang,P.083 Kuantan,both,citizen,overall,127.0
2021-01-01,Pahang,P.083 Kuantan,both,noncitizen,overall,2.1
2021-01-01,Pahang,P.083 Kuantan,both,overall,overall,129.1
2021-01-01,Pahang,P.083 Kuantan,female,overall,overall,62.7
2021-01-01,Pahang,P.083 Kuantan,male,overall,overall,66.4
2022-01-01,Pahang,P.083 Kuantan,both,citizen,overall,128.0
2022-01-01,Pahang,P.083 Kuantan,both,noncitizen,overall,2.1
2022-01-01,Pahang,P.083 Kuantan,both,overall,overall,130.1
2022-01-01,Pahang,P.083 Kuantan,female,overall,overall,63.1
2022-01-01,Pahang,P.083 Kuantan,male,overall,overall,67.0
2023-01-01,Pahang,P.083 Kuantan,both,citizen,overall,129.6
2023-01-01,Pahang,P.083 Kuantan,both,noncitizen,overall,2.7
2023-01-01,Pahang,P.083 Kuantan,both,overall,overall,132.4
2023-01-01,Pahang,P.083 Kuantan,female,overall,overall,64.0
2023-01-01,Pahang,P.083 Kuantan,male,overall,overall,68.5
2024-01-01,Pahang,P.083 Kuantan,both,citizen,overall,131.5
2024-01-01,Pahang,P.083 Kuantan,both,noncitizen,overall,2.9
2024-01-01,Pahang,P.083 Kuantan,both,overall,overall,134.4
2024-01-01,Pahang,P.083 Kuantan,female,overall,overall,64.6
2024-01-01,Pahang,P.083 Kuantan,male,overall,overall,69.8
2020-01-01,Pahang,P.084 Paya Besar,both,overall,overall,128.0
2020-01-01,Pahang,P.084 Paya Besar,both,overall,citizen,124.0
2020-01-01,Pahang,P.084 Paya Besar,both,overall,noncitizen,4.0
2020-01-01,Pahang,P.084 Paya Besar,female,overall,overall,62.4
2020-01-01,Pahang,P.084 Paya Besar,male,overall,overall,65.6
2021-01-01,Pahang,P.084 Paya Besar,both,citizen,overall,125.0
2021-01-01,Pahang,P.084 Paya Besar,both,noncitizen,overall,3.7
2021-01-01,Pahang,P.084 Paya Besar,both,overall,overall,128.9
2021-01-01,Pahang,P.084 Paya Besar,female,overall,overall,63.0
2021-01-01,Pahang,P.084 Paya Besar,male,overall,overall,65.8
2022-01-01,Pahang,P.084 Paya Besar,both,citizen,overall,126.1
2022-01-01,Pahang,P.084 Paya Besar,both,noncitizen,overall,3.7
2022-01-01,Pahang,P.084 Paya Besar,both,overall,overall,129.9
2022-01-01,Pahang,P.084 Paya Besar,female,overall,overall,63.6
2022-01-01,Pahang,P.084 Paya Besar,male,overall,overall,66.2
2023-01-01,Pahang,P.084 Paya Besar,both,citizen,overall,127.6
2023-01-01,Pahang,P.084 Paya Besar,both,noncitizen,overall,4.6
2023-01-01,Pahang,P.084 Paya Besar,both,overall,overall,132.2
2023-01-01,Pahang,P.084 Paya Besar,female,overall,overall,64.4
2023-01-01,Pahang,P.084 Paya Besar,male,overall,overall,67.9
2024-01-01,Pahang,P.084 Paya Besar,both,citizen,overall,129.0
2024-01-01,Pahang,P.084 Paya Besar,both,noncitizen,overall,5.3
2024-01-01,Pahang,P.084 Paya Besar,both,overall,overall,134.2
2024-01-01,Pahang,P.084 Paya Besar,female,overall,overall,65.1
2024-01-01,Pahang,P.084 Paya Besar,male,overall,overall,69.2
2020-01-01,Pahang,P.085 Pekan,both,overall,overall,161.1
2020-01-01,Pahang,P.085 Pekan,both,overall,citizen,152.3
2020-01-01,Pahang,P.085 Pekan,both,overall,noncitizen,8.8
2020-01-01,Pahang,P.085 Pekan,female,overall,overall,73.9
2020-01-01,Pahang,P.085 Pekan,male,overall,overall,87.2
2021-01-01,Pahang,P.085 Pekan,both,citizen,overall,153.8
2021-01-01,Pahang,P.085 Pekan,both,noncitizen,overall,8.2
2021-01-01,Pahang,P.085 Pekan,both,overall,overall,162.2
2021-01-01,Pahang,P.085 Pekan,female,overall,overall,74.7
2021-01-01,Pahang,P.085 Pekan,male,overall,overall,87.6
2022-01-01,Pahang,P.085 Pekan,both,citizen,overall,155.3
2022-01-01,Pahang,P.085 Pekan,both,noncitizen,overall,8.1
2022-01-01,Pahang,P.085 Pekan,both,overall,overall,163.4
2022-01-01,Pahang,P.085 Pekan,female,overall,overall,75.3
2022-01-01,Pahang,P.085 Pekan,male,overall,overall,88.1
2023-01-01,Pahang,P.085 Pekan,both,citizen,overall,156.5
2023-01-01,Pahang,P.085 Pekan,both,noncitizen,overall,9.8
2023-01-01,Pahang,P.085 Pekan,both,overall,overall,166.3
2023-01-01,Pahang,P.085 Pekan,female,overall,overall,76.1
2023-01-01,Pahang,P.085 Pekan,male,overall,overall,90.2
2024-01-01,Pahang,P.085 Pekan,both,citizen,overall,157.3
2024-01-01,Pahang,P.085 Pekan,both,noncitizen,overall,11.5
2024-01-01,Pahang,P.085 Pekan,both,overall,overall,168.9
2024-01-01,Pahang,P.085 Pekan,female,overall,overall,76.9
2024-01-01,Pahang,P.085 Pekan,male,overall,overall,91.9
2020-01-01,Pahang,P.086 Maran,both,overall,overall,61.9
2020-01-01,Pahang,P.086 Maran,both,overall,citizen,58.1
2020-01-01,Pahang,P.086 Maran,both,overall,noncitizen,3.8
2020-01-01,Pahang,P.086 Maran,female,overall,overall,28.4
2020-01-01,Pahang,P.086 Maran,male,overall,overall,33.6
2021-01-01,Pahang,P.086 Maran,both,citizen,overall,58.7
2021-01-01,Pahang,P.086 Maran,both,noncitizen,overall,3.6
2021-01-01,Pahang,P.086 Maran,both,overall,overall,62.3
2021-01-01,Pahang,P.086 Maran,female,overall,overall,28.7
2021-01-01,Pahang,P.086 Maran,male,overall,overall,33.7
2022-01-01,Pahang,P.086 Maran,both,citizen,overall,59.3
2022-01-01,Pahang,P.086 Maran,both,noncitizen,overall,3.5
2022-01-01,Pahang,P.086 Maran,both,overall,overall,62.8
2022-01-01,Pahang,P.086 Maran,female,overall,overall,28.8
2022-01-01,Pahang,P.086 Maran,male,overall,overall,33.9
2023-01-01,Pahang,P.086 Maran,both,citizen,overall,59.8
2023-01-01,Pahang,P.086 Maran,both,noncitizen,overall,4.1
2023-01-01,Pahang,P.086 Maran,both,overall,overall,64.0
2023-01-01,Pahang,P.086 Maran,female,overall,overall,29.3
2023-01-01,Pahang,P.086 Maran,male,overall,overall,34.7
2024-01-01,Pahang,P.086 Maran,both,citizen,overall,60.0
2024-01-01,Pahang,P.086 Maran,both,noncitizen,overall,5.0
2024-01-01,Pahang,P.086 Maran,both,overall,overall,65.0
2024-01-01,Pahang,P.086 Maran,female,overall,overall,29.6
2024-01-01,Pahang,P.086 Maran,male,overall,overall,35.3
2020-01-01,Pahang,P.087 Kuala Krau,both,overall,overall,68.0
2020-01-01,Pahang,P.087 Kuala Krau,both,overall,citizen,66.3
2020-01-01,Pahang,P.087 Kuala Krau,both,overall,noncitizen,1.8
2020-01-01,Pahang,P.087 Kuala Krau,female,overall,overall,33.6
2020-01-01,Pahang,P.087 Kuala Krau,male,overall,overall,34.4
2021-01-01,Pahang,P.087 Kuala Krau,both,citizen,overall,66.8
2021-01-01,Pahang,P.087 Kuala Krau,both,noncitizen,overall,1.7
2021-01-01,Pahang,P.087 Kuala Krau,both,overall,overall,68.5
2021-01-01,Pahang,P.087 Kuala Krau,female,overall,overall,33.9
2021-01-01,Pahang,P.087 Kuala Krau,male,overall,overall,34.6
2022-01-01,Pahang,P.087 Kuala Krau,both,citizen,overall,67.5
2022-01-01,Pahang,P.087 Kuala Krau,both,noncitizen,overall,1.6
2022-01-01,Pahang,P.087 Kuala Krau,both,overall,overall,69.0
2022-01-01,Pahang,P.087 Kuala Krau,female,overall,overall,34.3
2022-01-01,Pahang,P.087 Kuala Krau,male,overall,overall,34.8
2023-01-01,Pahang,P.087 Kuala Krau,both,citizen,overall,68.3
2023-01-01,Pahang,P.087 Kuala Krau,both,noncitizen,overall,2.1
2023-01-01,Pahang,P.087 Kuala Krau,both,overall,overall,70.3
2023-01-01,Pahang,P.087 Kuala Krau,female,overall,overall,34.6
2023-01-01,Pahang,P.087 Kuala Krau,male,overall,overall,35.6
2024-01-01,Pahang,P.087 Kuala Krau,both,citizen,overall,69.0
2024-01-01,Pahang,P.087 Kuala Krau,both,noncitizen,overall,2.3
2024-01-01,Pahang,P.087 Kuala Krau,both,overall,overall,71.3
2024-01-01,Pahang,P.087 Kuala Krau,female,overall,overall,35.1
2024-01-01,Pahang,P.087 Kuala Krau,male,overall,overall,36.3
2020-01-01,Pahang,P.088 Temerloh,both,overall,overall,141.8
2020-01-01,Pahang,P.088 Temerloh,both,overall,citizen,137.4
2020-01-01,Pahang,P.088 Temerloh,both,overall,noncitizen,4.4
2020-01-01,Pahang,P.088 Temerloh,female,overall,overall,68.7
2020-01-01,Pahang,P.088 Temerloh,male,overall,overall,73.1
2021-01-01,Pahang,P.088 Temerloh,both,citizen,overall,138.5
2021-01-01,Pahang,P.088 Temerloh,both,noncitizen,overall,4.1
2021-01-01,Pahang,P.088 Temerloh,both,overall,overall,142.7
2021-01-01,Pahang,P.088 Temerloh,female,overall,overall,69.4
2021-01-01,Pahang,P.088 Temerloh,male,overall,overall,73.4
2022-01-01,Pahang,P.088 Temerloh,both,citizen,overall,139.5
2022-01-01,Pahang,P.088 Temerloh,both,noncitizen,overall,4.2
2022-01-01,Pahang,P.088 Temerloh,both,overall,overall,143.8
2022-01-01,Pahang,P.088 Temerloh,female,overall,overall,69.9
2022-01-01,Pahang,P.088 Temerloh,male,overall,overall,73.8
2023-01-01,Pahang,P.088 Temerloh,both,citizen,overall,141.3
2023-01-01,Pahang,P.088 Temerloh,both,noncitizen,overall,5.0
2023-01-01,Pahang,P.088 Temerloh,both,overall,overall,146.4
2023-01-01,Pahang,P.088 Temerloh,female,overall,overall,70.8
2023-01-01,Pahang,P.088 Temerloh,male,overall,overall,75.7
2024-01-01,Pahang,P.088 Temerloh,both,citizen,overall,142.8
2024-01-01,Pahang,P.088 Temerloh,both,noncitizen,overall,5.7
2024-01-01,Pahang,P.088 Temerloh,both,overall,overall,148.6
2024-01-01,Pahang,P.088 Temerloh,female,overall,overall,71.5
2024-01-01,Pahang,P.088 Temerloh,male,overall,overall,77.1
2020-01-01,Pahang,P.089 Bentong,both,overall,overall,117.8
2020-01-01,Pahang,P.089 Bentong,both,overall,citizen,109.3
2020-01-01,Pahang,P.089 Bentong,both,overall,noncitizen,8.5
2020-01-01,Pahang,P.089 Bentong,female,overall,overall,51.1
2020-01-01,Pahang,P.089 Bentong,male,overall,overall,66.7
2021-01-01,Pahang,P.089 Bentong,both,citizen,overall,110.4
2021-01-01,Pahang,P.089 Bentong,both,noncitizen,overall,8.1
2021-01-01,Pahang,P.089 Bentong,both,overall,overall,118.5
2021-01-01,Pahang,P.089 Bentong,female,overall,overall,51.6
2021-01-01,Pahang,P.089 Bentong,male,overall,overall,66.9
2022-01-01,Pahang,P.089 Bentong,both,citizen,overall,111.3
2022-01-01,Pahang,P.089 Bentong,both,noncitizen,overall,8.3
2022-01-01,Pahang,P.089 Bentong,both,overall,overall,119.5
2022-01-01,Pahang,P.089 Bentong,female,overall,overall,52.1
2022-01-01,Pahang,P.089 Bentong,male,overall,overall,67.4
2023-01-01,Pahang,P.089 Bentong,both,citizen,overall,111.3
2023-01-01,Pahang,P.089 Bentong,both,noncitizen,overall,10.3
2023-01-01,Pahang,P.089 Bentong,both,overall,overall,121.6
2023-01-01,Pahang,P.089 Bentong,female,overall,overall,52.7
2023-01-01,Pahang,P.089 Bentong,male,overall,overall,68.9
2024-01-01,Pahang,P.089 Bentong,both,citizen,overall,112.3
2024-01-01,Pahang,P.089 Bentong,both,noncitizen,overall,11.2
2024-01-01,Pahang,P.089 Bentong,both,overall,overall,123.5
2024-01-01,Pahang,P.089 Bentong,female,overall,overall,53.1
2024-01-01,Pahang,P.089 Bentong,male,overall,overall,70.2
2020-01-01,Pahang,P.090 Bera,both,overall,overall,98.0
2020-01-01,Pahang,P.090 Bera,both,overall,citizen,91.6
2020-01-01,Pahang,P.090 Bera,both,overall,noncitizen,6.4
2020-01-01,Pahang,P.090 Bera,female,overall,overall,45.6
2020-01-01,Pahang,P.090 Bera,male,overall,overall,52.3
2021-01-01,Pahang,P.090 Bera,both,citizen,overall,92.5
2021-01-01,Pahang,P.090 Bera,both,noncitizen,overall,6.1
2021-01-01,Pahang,P.090 Bera,both,overall,overall,98.6
2021-01-01,Pahang,P.090 Bera,female,overall,overall,46.1
2021-01-01,Pahang,P.090 Bera,male,overall,overall,52.6
2022-01-01,Pahang,P.090 Bera,both,citizen,overall,93.3
2022-01-01,Pahang,P.090 Bera,both,noncitizen,overall,6.1
2022-01-01,Pahang,P.090 Bera,both,overall,overall,99.4
2022-01-01,Pahang,P.090 Bera,female,overall,overall,46.4
2022-01-01,Pahang,P.090 Bera,male,overall,overall,52.9
2023-01-01,Pahang,P.090 Bera,both,citizen,overall,93.9
2023-01-01,Pahang,P.090 Bera,both,noncitizen,overall,7.2
2023-01-01,Pahang,P.090 Bera,both,overall,overall,101.1
2023-01-01,Pahang,P.090 Bera,female,overall,overall,47.0
2023-01-01,Pahang,P.090 Bera,male,overall,overall,54.1
2024-01-01,Pahang,P.090 Bera,both,citizen,overall,94.3
2024-01-01,Pahang,P.090 Bera,both,noncitizen,overall,8.4
2024-01-01,Pahang,P.090 Bera,both,overall,overall,102.7
2024-01-01,Pahang,P.090 Bera,female,overall,overall,47.5
2024-01-01,Pahang,P.090 Bera,male,overall,overall,55.2
2020-01-01,Pahang,P.091 Rompin,both,overall,overall,100.9
2020-01-01,Pahang,P.091 Rompin,both,overall,citizen,92.2
2020-01-01,Pahang,P.091 Rompin,both,overall,noncitizen,8.6
2020-01-01,Pahang,P.091 Rompin,female,overall,overall,45.9
2020-01-01,Pahang,P.091 Rompin,male,overall,overall,55.0
2021-01-01,Pahang,P.091 Rompin,both,citizen,overall,93.4
2021-01-01,Pahang,P.091 Rompin,both,noncitizen,overall,8.2
2021-01-01,Pahang,P.091 Rompin,both,overall,overall,101.5
2021-01-01,Pahang,P.091 Rompin,female,overall,overall,46.4
2021-01-01,Pahang,P.091 Rompin,male,overall,overall,55.1
2022-01-01,Pahang,P.091 Rompin,both,citizen,overall,94.3
2022-01-01,Pahang,P.091 Rompin,both,noncitizen,overall,8.1
2022-01-01,Pahang,P.091 Rompin,both,overall,overall,102.4
2022-01-01,Pahang,P.091 Rompin,female,overall,overall,46.8
2022-01-01,Pahang,P.091 Rompin,male,overall,overall,55.6
2023-01-01,Pahang,P.091 Rompin,both,citizen,overall,94.6
2023-01-01,Pahang,P.091 Rompin,both,noncitizen,overall,9.5
2023-01-01,Pahang,P.091 Rompin,both,overall,overall,104.1
2023-01-01,Pahang,P.091 Rompin,female,overall,overall,47.4
2023-01-01,Pahang,P.091 Rompin,male,overall,overall,56.7
2024-01-01,Pahang,P.091 Rompin,both,citizen,overall,94.4
2024-01-01,Pahang,P.091 Rompin,both,noncitizen,overall,11.4
2024-01-01,Pahang,P.091 Rompin,both,overall,overall,105.8
2024-01-01,Pahang,P.091 Rompin,female,overall,overall,47.8
2024-01-01,Pahang,P.091 Rompin,male,overall,overall,57.9
2020-01-01,Selangor,P.092 Sabak Bernam,both,overall,overall,48.1
2020-01-01,Selangor,P.092 Sabak Bernam,both,overall,citizen,47.1
2020-01-01,Selangor,P.092 Sabak Bernam,both,overall,noncitizen,1.0
2020-01-01,Selangor,P.092 Sabak Bernam,female,overall,overall,23.5
2020-01-01,Selangor,P.092 Sabak Bernam,male,overall,overall,24.6
2021-01-01,Selangor,P.092 Sabak Bernam,both,citizen,overall,47.3
2021-01-01,Selangor,P.092 Sabak Bernam,both,noncitizen,overall,1.0
2021-01-01,Selangor,P.092 Sabak Bernam,both,overall,overall,48.2
2021-01-01,Selangor,P.092 Sabak Bernam,female,overall,overall,23.6
2021-01-01,Selangor,P.092 Sabak Bernam,male,overall,overall,24.6
2022-01-01,Selangor,P.092 Sabak Bernam,both,citizen,overall,47.5
2022-01-01,Selangor,P.092 Sabak Bernam,both,noncitizen,overall,1.0
2022-01-01,Selangor,P.092 Sabak Bernam,both,overall,overall,48.5
2022-01-01,Selangor,P.092 Sabak Bernam,female,overall,overall,23.8
2022-01-01,Selangor,P.092 Sabak Bernam,male,overall,overall,24.7
2023-01-01,Selangor,P.092 Sabak Bernam,both,citizen,overall,48.4
2023-01-01,Selangor,P.092 Sabak Bernam,both,noncitizen,overall,1.2
2023-01-01,Selangor,P.092 Sabak Bernam,both,overall,overall,49.6
2023-01-01,Selangor,P.092 Sabak Bernam,female,overall,overall,24.1
2023-01-01,Selangor,P.092 Sabak Bernam,male,overall,overall,25.4
2024-01-01,Selangor,P.092 Sabak Bernam,both,citizen,overall,49.3
2024-01-01,Selangor,P.092 Sabak Bernam,both,noncitizen,overall,1.4
2024-01-01,Selangor,P.092 Sabak Bernam,both,overall,overall,50.6
2024-01-01,Selangor,P.092 Sabak Bernam,female,overall,overall,24.6
2024-01-01,Selangor,P.092 Sabak Bernam,male,overall,overall,26.2
2020-01-01,Selangor,P.093 Sungai Besar,both,overall,overall,59.0
2020-01-01,Selangor,P.093 Sungai Besar,both,overall,citizen,55.7
2020-01-01,Selangor,P.093 Sungai Besar,both,overall,noncitizen,3.2
2020-01-01,Selangor,P.093 Sungai Besar,female,overall,overall,27.8
2020-01-01,Selangor,P.093 Sungai Besar,male,overall,overall,31.2
2021-01-01,Selangor,P.093 Sungai Besar,both,citizen,overall,56.1
2021-01-01,Selangor,P.093 Sungai Besar,both,noncitizen,overall,3.0
2021-01-01,Selangor,P.093 Sungai Besar,both,overall,overall,59.1
2021-01-01,Selangor,P.093 Sungai Besar,female,overall,overall,27.9
2021-01-01,Selangor,P.093 Sungai Besar,male,overall,overall,31.2
2022-01-01,Selangor,P.093 Sungai Besar,both,citizen,overall,56.5
2022-01-01,Selangor,P.093 Sungai Besar,both,noncitizen,overall,2.9
2022-01-01,Selangor,P.093 Sungai Besar,both,overall,overall,59.4
2022-01-01,Selangor,P.093 Sungai Besar,female,overall,overall,28.2
2022-01-01,Selangor,P.093 Sungai Besar,male,overall,overall,31.3
2023-01-01,Selangor,P.093 Sungai Besar,both,citizen,overall,57.1
2023-01-01,Selangor,P.093 Sungai Besar,both,noncitizen,overall,3.6
2023-01-01,Selangor,P.093 Sungai Besar,both,overall,overall,60.7
2023-01-01,Selangor,P.093 Sungai Besar,female,overall,overall,28.6
2023-01-01,Selangor,P.093 Sungai Besar,male,overall,overall,32.2
2024-01-01,Selangor,P.093 Sungai Besar,both,citizen,overall,57.9
2024-01-01,Selangor,P.093 Sungai Besar,both,noncitizen,overall,4.2
2024-01-01,Selangor,P.093 Sungai Besar,both,overall,overall,62.1
2024-01-01,Selangor,P.093 Sungai Besar,female,overall,overall,29.0
2024-01-01,Selangor,P.093 Sungai Besar,male,overall,overall,33.0
2020-01-01,Selangor,P.094 Hulu Selangor,both,overall,overall,240.0
2020-01-01,Selangor,P.094 Hulu Selangor,both,overall,citizen,230.6
2020-01-01,Selangor,P.094 Hulu Selangor,both,overall,noncitizen,9.4
2020-01-01,Selangor,P.094 Hulu Selangor,female,overall,overall,112.6
2020-01-01,Selangor,P.094 Hulu Selangor,male,overall,overall,127.4
2021-01-01,Selangor,P.094 Hulu Selangor,both,citizen,overall,232.0
2021-01-01,Selangor,P.094 Hulu Selangor,both,noncitizen,overall,8.7
2021-01-01,Selangor,P.094 Hulu Selangor,both,overall,overall,240.7
2021-01-01,Selangor,P.094 Hulu Selangor,female,overall,overall,113.3
2021-01-01,Selangor,P.094 Hulu Selangor,male,overall,overall,127.3
2022-01-01,Selangor,P.094 Hulu Selangor,both,citizen,overall,233.4
2022-01-01,Selangor,P.094 Hulu Selangor,both,noncitizen,overall,8.5
2022-01-01,Selangor,P.094 Hulu Selangor,both,overall,overall,241.9
2022-01-01,Selangor,P.094 Hulu Selangor,female,overall,overall,114.1
2022-01-01,Selangor,P.094 Hulu Selangor,male,overall,overall,127.8
2023-01-01,Selangor,P.094 Hulu Selangor,both,citizen,overall,237.0
2023-01-01,Selangor,P.094 Hulu Selangor,both,noncitizen,overall,10.4
2023-01-01,Selangor,P.094 Hulu Selangor,both,overall,overall,247.4
2023-01-01,Selangor,P.094 Hulu Selangor,female,overall,overall,115.8
2023-01-01,Selangor,P.094 Hulu Selangor,male,overall,overall,131.5
2024-01-01,Selangor,P.094 Hulu Selangor,both,citizen,overall,240.0
2024-01-01,Selangor,P.094 Hulu Selangor,both,noncitizen,overall,12.6
2024-01-01,Selangor,P.094 Hulu Selangor,both,overall,overall,252.6
2024-01-01,Selangor,P.094 Hulu Selangor,female,overall,overall,117.6
2024-01-01,Selangor,P.094 Hulu Selangor,male,overall,overall,135.0
2020-01-01,Selangor,P.095 Tanjong Karang,both,overall,overall,59.9
2020-01-01,Selangor,P.095 Tanjong Karang,both,overall,citizen,57.6
2020-01-01,Selangor,P.095 Tanjong Karang,both,overall,noncitizen,2.3
2020-01-01,Selangor,P.095 Tanjong Karang,female,overall,overall,29.8
2020-01-01,Selangor,P.095 Tanjong Karang,male,overall,overall,30.1
2021-01-01,Selangor,P.095 Tanjong Karang,both,citizen,overall,57.9
2021-01-01,Selangor,P.095 Tanjong Karang,both,noncitizen,overall,2.1
2021-01-01,Selangor,P.095 Tanjong Karang,both,overall,overall,60.0
2021-01-01,Selangor,P.095 Tanjong Karang,female,overall,overall,30.0
2021-01-01,Selangor,P.095 Tanjong Karang,male,overall,overall,30.1
2022-01-01,Selangor,P.095 Tanjong Karang,both,citizen,overall,58.3
2022-01-01,Selangor,P.095 Tanjong Karang,both,noncitizen,overall,2.0
2022-01-01,Selangor,P.095 Tanjong Karang,both,overall,overall,60.3
2022-01-01,Selangor,P.095 Tanjong Karang,female,overall,overall,30.2
2022-01-01,Selangor,P.095 Tanjong Karang,male,overall,overall,30.2
2023-01-01,Selangor,P.095 Tanjong Karang,both,citizen,overall,59.2
2023-01-01,Selangor,P.095 Tanjong Karang,both,noncitizen,overall,2.5
2023-01-01,Selangor,P.095 Tanjong Karang,both,overall,overall,61.7
2023-01-01,Selangor,P.095 Tanjong Karang,female,overall,overall,30.7
2023-01-01,Selangor,P.095 Tanjong Karang,male,overall,overall,31.0
2024-01-01,Selangor,P.095 Tanjong Karang,both,citizen,overall,60.1
2024-01-01,Selangor,P.095 Tanjong Karang,both,noncitizen,overall,2.9
2024-01-01,Selangor,P.095 Tanjong Karang,both,overall,overall,63.0
2024-01-01,Selangor,P.095 Tanjong Karang,female,overall,overall,31.1
2024-01-01,Selangor,P.095 Tanjong Karang,male,overall,overall,31.9
2020-01-01,Selangor,P.096 Kuala Selangor,both,overall,overall,171.3
2020-01-01,Selangor,P.096 Kuala Selangor,both,overall,citizen,161.6
2020-01-01,Selangor,P.096 Kuala Selangor,both,overall,noncitizen,9.6
2020-01-01,Selangor,P.096 Kuala Selangor,female,overall,overall,81.6
2020-01-01,Selangor,P.096 Kuala Selangor,male,overall,overall,89.6
2021-01-01,Selangor,P.096 Kuala Selangor,both,citizen,overall,162.7
2021-01-01,Selangor,P.096 Kuala Selangor,both,noncitizen,overall,8.9
2021-01-01,Selangor,P.096 Kuala Selangor,both,overall,overall,171.8
2021-01-01,Selangor,P.096 Kuala Selangor,female,overall,overall,82.1
2021-01-01,Selangor,P.096 Kuala Selangor,male,overall,overall,89.6
2022-01-01,Selangor,P.096 Kuala Selangor,both,citizen,overall,163.9
2022-01-01,Selangor,P.096 Kuala Selangor,both,noncitizen,overall,8.8
2022-01-01,Selangor,P.096 Kuala Selangor,both,overall,overall,172.7
2022-01-01,Selangor,P.096 Kuala Selangor,female,overall,overall,82.7
2022-01-01,Selangor,P.096 Kuala Selangor,male,overall,overall,89.9
2023-01-01,Selangor,P.096 Kuala Selangor,both,citizen,overall,166.0
2023-01-01,Selangor,P.096 Kuala Selangor,both,noncitizen,overall,10.6
2023-01-01,Selangor,P.096 Kuala Selangor,both,overall,overall,176.5
2023-01-01,Selangor,P.096 Kuala Selangor,female,overall,overall,84.0
2023-01-01,Selangor,P.096 Kuala Selangor,male,overall,overall,92.5
2024-01-01,Selangor,P.096 Kuala Selangor,both,citizen,overall,167.8
2024-01-01,Selangor,P.096 Kuala Selangor,both,noncitizen,overall,12.4
2024-01-01,Selangor,P.096 Kuala Selangor,both,overall,overall,180.3
2024-01-01,Selangor,P.096 Kuala Selangor,female,overall,overall,85.2
2024-01-01,Selangor,P.096 Kuala Selangor,male,overall,overall,95.1
2020-01-01,Selangor,P.097 Selayang,both,overall,overall,363.3
2020-01-01,Selangor,P.097 Selayang,both,overall,citizen,339.4
2020-01-01,Selangor,P.097 Selayang,both,overall,noncitizen,23.9
2020-01-01,Selangor,P.097 Selayang,female,overall,overall,172.2
2020-01-01,Selangor,P.097 Selayang,male,overall,overall,191.0
2021-01-01,Selangor,P.097 Selayang,both,citizen,overall,342.0
2021-01-01,Selangor,P.097 Selayang,both,noncitizen,overall,22.2
2021-01-01,Selangor,P.097 Selayang,both,overall,overall,364.3
2021-01-01,Selangor,P.097 Selayang,female,overall,overall,173.3
2021-01-01,Selangor,P.097 Selayang,male,overall,overall,191.0
2022-01-01,Selangor,P.097 Selayang,both,citizen,overall,344.2
2022-01-01,Selangor,P.097 Selayang,both,noncitizen,overall,22.0
2022-01-01,Selangor,P.097 Selayang,both,overall,overall,366.2
2022-01-01,Selangor,P.097 Selayang,female,overall,overall,174.5
2022-01-01,Selangor,P.097 Selayang,male,overall,overall,191.7
2023-01-01,Selangor,P.097 Selayang,both,citizen,overall,347.9
2023-01-01,Selangor,P.097 Selayang,both,noncitizen,overall,26.5
2023-01-01,Selangor,P.097 Selayang,both,overall,overall,374.5
2023-01-01,Selangor,P.097 Selayang,female,overall,overall,177.3
2023-01-01,Selangor,P.097 Selayang,male,overall,overall,197.2
2024-01-01,Selangor,P.097 Selayang,both,citizen,overall,351.3
2024-01-01,Selangor,P.097 Selayang,both,noncitizen,overall,31.1
2024-01-01,Selangor,P.097 Selayang,both,overall,overall,382.4
2024-01-01,Selangor,P.097 Selayang,female,overall,overall,179.9
2024-01-01,Selangor,P.097 Selayang,male,overall,overall,202.5
2020-01-01,Selangor,P.098 Gombak,both,overall,overall,349.2
2020-01-01,Selangor,P.098 Gombak,both,overall,citizen,321.8
2020-01-01,Selangor,P.098 Gombak,both,overall,noncitizen,27.4
2020-01-01,Selangor,P.098 Gombak,female,overall,overall,168.0
2020-01-01,Selangor,P.098 Gombak,male,overall,overall,181.2
2021-01-01,Selangor,P.098 Gombak,both,citizen,overall,324.7
2021-01-01,Selangor,P.098 Gombak,both,noncitizen,overall,25.6
2021-01-01,Selangor,P.098 Gombak,both,overall,overall,350.2
2021-01-01,Selangor,P.098 Gombak,female,overall,overall,169.1
2021-01-01,Selangor,P.098 Gombak,male,overall,overall,181.3
2022-01-01,Selangor,P.098 Gombak,both,citizen,overall,327.0
2022-01-01,Selangor,P.098 Gombak,both,noncitizen,overall,25.1
2022-01-01,Selangor,P.098 Gombak,both,overall,overall,352.0
2022-01-01,Selangor,P.098 Gombak,female,overall,overall,170.1
2022-01-01,Selangor,P.098 Gombak,male,overall,overall,181.9
2023-01-01,Selangor,P.098 Gombak,both,citizen,overall,329.9
2023-01-01,Selangor,P.098 Gombak,both,noncitizen,overall,30.1
2023-01-01,Selangor,P.098 Gombak,both,overall,overall,360.0
2023-01-01,Selangor,P.098 Gombak,female,overall,overall,172.8
2023-01-01,Selangor,P.098 Gombak,male,overall,overall,187.2
2024-01-01,Selangor,P.098 Gombak,both,citizen,overall,332.2
2024-01-01,Selangor,P.098 Gombak,both,noncitizen,overall,35.4
2024-01-01,Selangor,P.098 Gombak,both,overall,overall,367.6
2024-01-01,Selangor,P.098 Gombak,female,overall,overall,175.4
2024-01-01,Selangor,P.098 Gombak,male,overall,overall,192.2
2020-01-01,Selangor,P.099 Ampang,both,overall,overall,204.5
2020-01-01,Selangor,P.099 Ampang,both,overall,citizen,186.0
2020-01-01,Selangor,P.099 Ampang,both,overall,noncitizen,18.5
2020-01-01,Selangor,P.099 Ampang,female,overall,overall,97.9
2020-01-01,Selangor,P.099 Ampang,male,overall,overall,106.6
2021-01-01,Selangor,P.099 Ampang,both,citizen,overall,187.8
2021-01-01,Selangor,P.099 Ampang,both,noncitizen,overall,17.2
2021-01-01,Selangor,P.099 Ampang,both,overall,overall,205.0
2021-01-01,Selangor,P.099 Ampang,female,overall,overall,98.5
2021-01-01,Selangor,P.099 Ampang,male,overall,overall,106.6
2022-01-01,Selangor,P.099 Ampang,both,citizen,overall,189.2
2022-01-01,Selangor,P.099 Ampang,both,noncitizen,overall,16.9
2022-01-01,Selangor,P.099 Ampang,both,overall,overall,206.1
2022-01-01,Selangor,P.099 Ampang,female,overall,overall,99.1
2022-01-01,Selangor,P.099 Ampang,male,overall,overall,106.9
2023-01-01,Selangor,P.099 Ampang,both,citizen,overall,190.3
2023-01-01,Selangor,P.099 Ampang,both,noncitizen,overall,20.5
2023-01-01,Selangor,P.099 Ampang,both,overall,overall,210.8
2023-01-01,Selangor,P.099 Ampang,female,overall,overall,100.8
2023-01-01,Selangor,P.099 Ampang,male,overall,overall,110.0
2024-01-01,Selangor,P.099 Ampang,both,citizen,overall,191.4
2024-01-01,Selangor,P.099 Ampang,both,noncitizen,overall,23.9
2024-01-01,Selangor,P.099 Ampang,both,overall,overall,215.3
2024-01-01,Selangor,P.099 Ampang,female,overall,overall,102.3
2024-01-01,Selangor,P.099 Ampang,male,overall,overall,113.0
2020-01-01,Selangor,P.100 Pandan,both,overall,overall,227.4
2020-01-01,Selangor,P.100 Pandan,both,overall,citizen,209.7
2020-01-01,Selangor,P.100 Pandan,both,overall,noncitizen,17.7
2020-01-01,Selangor,P.100 Pandan,female,overall,overall,104.9
2020-01-01,Selangor,P.100 Pandan,male,overall,overall,122.5
2021-01-01,Selangor,P.100 Pandan,both,citizen,overall,211.5
2021-01-01,Selangor,P.100 Pandan,both,noncitizen,overall,16.5
2021-01-01,Selangor,P.100 Pandan,both,overall,overall,228.1
2021-01-01,Selangor,P.100 Pandan,female,overall,overall,105.5
2021-01-01,Selangor,P.100 Pandan,male,overall,overall,122.5
2022-01-01,Selangor,P.100 Pandan,both,citizen,overall,213.0
2022-01-01,Selangor,P.100 Pandan,both,noncitizen,overall,16.3
2022-01-01,Selangor,P.100 Pandan,both,overall,overall,229.2
2022-01-01,Selangor,P.100 Pandan,female,overall,overall,106.2
2022-01-01,Selangor,P.100 Pandan,male,overall,overall,122.9
2023-01-01,Selangor,P.100 Pandan,both,citizen,overall,214.7
2023-01-01,Selangor,P.100 Pandan,both,noncitizen,overall,19.7
2023-01-01,Selangor,P.100 Pandan,both,overall,overall,234.4
2023-01-01,Selangor,P.100 Pandan,female,overall,overall,107.9
2023-01-01,Selangor,P.100 Pandan,male,overall,overall,126.5
2024-01-01,Selangor,P.100 Pandan,both,citizen,overall,216.8
2024-01-01,Selangor,P.100 Pandan,both,noncitizen,overall,22.5
2024-01-01,Selangor,P.100 Pandan,both,overall,overall,239.3
2024-01-01,Selangor,P.100 Pandan,female,overall,overall,109.5
2024-01-01,Selangor,P.100 Pandan,male,overall,overall,129.8
2020-01-01,Selangor,P.101 Hulu Langat,both,overall,overall,347.6
2020-01-01,Selangor,P.101 Hulu Langat,both,overall,citizen,333.6
2020-01-01,Selangor,P.101 Hulu Langat,both,overall,noncitizen,14.0
2020-01-01,Selangor,P.101 Hulu Langat,female,overall,overall,165.4
2020-01-01,Selangor,P.101 Hulu Langat,male,overall,overall,182.1
2021-01-01,Selangor,P.101 Hulu Langat,both,citizen,overall,335.6
2021-01-01,Selangor,P.101 Hulu Langat,both,noncitizen,overall,13.0
2021-01-01,Selangor,P.101 Hulu Langat,both,overall,overall,348.6
2021-01-01,Selangor,P.101 Hulu Langat,female,overall,overall,166.5
2021-01-01,Selangor,P.101 Hulu Langat,male,overall,overall,182.1
2022-01-01,Selangor,P.101 Hulu Langat,both,citizen,overall,337.6
2022-01-01,Selangor,P.101 Hulu Langat,both,noncitizen,overall,12.7
2022-01-01,Selangor,P.101 Hulu Langat,both,overall,overall,350.3
2022-01-01,Selangor,P.101 Hulu Langat,female,overall,overall,167.6
2022-01-01,Selangor,P.101 Hulu Langat,male,overall,overall,182.7
2023-01-01,Selangor,P.101 Hulu Langat,both,citizen,overall,342.7
2023-01-01,Selangor,P.101 Hulu Langat,both,noncitizen,overall,15.6
2023-01-01,Selangor,P.101 Hulu Langat,both,overall,overall,358.2
2023-01-01,Selangor,P.101 Hulu Langat,female,overall,overall,170.3
2023-01-01,Selangor,P.101 Hulu Langat,male,overall,overall,188.1
2024-01-01,Selangor,P.101 Hulu Langat,both,citizen,overall,347.0
2024-01-01,Selangor,P.101 Hulu Langat,both,noncitizen,overall,18.9
2024-01-01,Selangor,P.101 Hulu Langat,both,overall,overall,365.9
2024-01-01,Selangor,P.101 Hulu Langat,female,overall,overall,172.8
2024-01-01,Selangor,P.101 Hulu Langat,male,overall,overall,193.1
2020-01-01,Selangor,P.102 Bangi,both,overall,overall,687.6
2020-01-01,Selangor,P.102 Bangi,both,overall,citizen,621.8
2020-01-01,Selangor,P.102 Bangi,both,overall,noncitizen,65.8
2020-01-01,Selangor,P.102 Bangi,female,overall,overall,322.5
2020-01-01,Selangor,P.102 Bangi,male,overall,overall,365.1
2021-01-01,Selangor,P.102 Bangi,both,citizen,overall,628.2
2021-01-01,Selangor,P.102 Bangi,both,noncitizen,overall,61.4
2021-01-01,Selangor,P.102 Bangi,both,overall,overall,689.6
2021-01-01,Selangor,P.102 Bangi,female,overall,overall,324.7
2021-01-01,Selangor,P.102 Bangi,male,overall,overall,365.1
2022-01-01,Selangor,P.102 Bangi,both,citizen,overall,632.6
2022-01-01,Selangor,P.102 Bangi,both,noncitizen,overall,60.5
2022-01-01,Selangor,P.102 Bangi,both,overall,overall,693.1
2022-01-01,Selangor,P.102 Bangi,female,overall,overall,326.6
2022-01-01,Selangor,P.102 Bangi,male,overall,overall,366.4
2023-01-01,Selangor,P.102 Bangi,both,citizen,overall,635.9
2023-01-01,Selangor,P.102 Bangi,both,noncitizen,overall,72.8
2023-01-01,Selangor,P.102 Bangi,both,overall,overall,708.7
2023-01-01,Selangor,P.102 Bangi,female,overall,overall,331.9
2023-01-01,Selangor,P.102 Bangi,male,overall,overall,376.9
2024-01-01,Selangor,P.102 Bangi,both,citizen,overall,638.7
2024-01-01,Selangor,P.102 Bangi,both,noncitizen,overall,85.0
2024-01-01,Selangor,P.102 Bangi,both,overall,overall,723.8
2024-01-01,Selangor,P.102 Bangi,female,overall,overall,336.9
2024-01-01,Selangor,P.102 Bangi,male,overall,overall,387.0
2020-01-01,Selangor,P.103 Puchong,both,overall,overall,375.2
2020-01-01,Selangor,P.103 Puchong,both,overall,citizen,339.7
2020-01-01,Selangor,P.103 Puchong,both,overall,noncitizen,35.5
2020-01-01,Selangor,P.103 Puchong,female,overall,overall,176.6
2020-01-01,Selangor,P.103 Puchong,male,overall,overall,198.6
2021-01-01,Selangor,P.103 Puchong,both,citizen,overall,343.0
2021-01-01,Selangor,P.103 Puchong,both,noncitizen,overall,33.2
2021-01-01,Selangor,P.103 Puchong,both,overall,overall,376.2
2021-01-01,Selangor,P.103 Puchong,female,overall,overall,177.7
2021-01-01,Selangor,P.103 Puchong,male,overall,overall,198.6
2022-01-01,Selangor,P.103 Puchong,both,citizen,overall,345.0
2022-01-01,Selangor,P.103 Puchong,both,noncitizen,overall,33.2
2022-01-01,Selangor,P.103 Puchong,both,overall,overall,378.2
2022-01-01,Selangor,P.103 Puchong,female,overall,overall,178.8
2022-01-01,Selangor,P.103 Puchong,male,overall,overall,199.4
2023-01-01,Selangor,P.103 Puchong,both,citizen,overall,347.2
2023-01-01,Selangor,P.103 Puchong,both,noncitizen,overall,39.6
2023-01-01,Selangor,P.103 Puchong,both,overall,overall,386.8
2023-01-01,Selangor,P.103 Puchong,female,overall,overall,181.7
2023-01-01,Selangor,P.103 Puchong,male,overall,overall,205.0
2024-01-01,Selangor,P.103 Puchong,both,citizen,overall,349.2
2024-01-01,Selangor,P.103 Puchong,both,noncitizen,overall,45.8
2024-01-01,Selangor,P.103 Puchong,both,overall,overall,394.9
2024-01-01,Selangor,P.103 Puchong,female,overall,overall,184.4
2024-01-01,Selangor,P.103 Puchong,male,overall,overall,210.5
2020-01-01,Selangor,P.104 Subang,both,overall,overall,478.2
2020-01-01,Selangor,P.104 Subang,both,overall,citizen,431.9
2020-01-01,Selangor,P.104 Subang,both,overall,noncitizen,46.3
2020-01-01,Selangor,P.104 Subang,female,overall,overall,220.5
2020-01-01,Selangor,P.104 Subang,male,overall,overall,257.7
2021-01-01,Selangor,P.104 Subang,both,citizen,overall,436.1
2021-01-01,Selangor,P.104 Subang,both,noncitizen,overall,43.4
2021-01-01,Selangor,P.104 Subang,both,overall,overall,479.5
2021-01-01,Selangor,P.104 Subang,female,overall,overall,221.9
2021-01-01,Selangor,P.104 Subang,male,overall,overall,257.6
2022-01-01,Selangor,P.104 Subang,both,citizen,overall,439.0
2022-01-01,Selangor,P.104 Subang,both,noncitizen,overall,43.0
2022-01-01,Selangor,P.104 Subang,both,overall,overall,482.0
2022-01-01,Selangor,P.104 Subang,female,overall,overall,223.3
2022-01-01,Selangor,P.104 Subang,male,overall,overall,258.6
2023-01-01,Selangor,P.104 Subang,both,citizen,overall,441.4
2023-01-01,Selangor,P.104 Subang,both,noncitizen,overall,51.4
2023-01-01,Selangor,P.104 Subang,both,overall,overall,492.9
2023-01-01,Selangor,P.104 Subang,female,overall,overall,226.8
2023-01-01,Selangor,P.104 Subang,male,overall,overall,266.0
2024-01-01,Selangor,P.104 Subang,both,citizen,overall,442.7
2024-01-01,Selangor,P.104 Subang,both,noncitizen,overall,60.7
2024-01-01,Selangor,P.104 Subang,both,overall,overall,503.4
2024-01-01,Selangor,P.104 Subang,female,overall,overall,230.2
2024-01-01,Selangor,P.104 Subang,male,overall,overall,273.1
2020-01-01,Selangor,P.105 Petaling Jaya,both,overall,overall,362.3
2020-01-01,Selangor,P.105 Petaling Jaya,both,overall,citizen,324.4
2020-01-01,Selangor,P.105 Petaling Jaya,both,overall,noncitizen,37.9
2020-01-01,Selangor,P.105 Petaling Jaya,female,overall,overall,168.7
2020-01-01,Selangor,P.105 Petaling Jaya,male,overall,overall,193.6
2021-01-01,Selangor,P.105 Petaling Jaya,both,citizen,overall,327.8
2021-01-01,Selangor,P.105 Petaling Jaya,both,noncitizen,overall,35.5
2021-01-01,Selangor,P.105 Petaling Jaya,both,overall,overall,363.3
2021-01-01,Selangor,P.105 Petaling Jaya,female,overall,overall,169.7
2021-01-01,Selangor,P.105 Petaling Jaya,male,overall,overall,193.5
2022-01-01,Selangor,P.105 Petaling Jaya,both,citizen,overall,330.0
2022-01-01,Selangor,P.105 Petaling Jaya,both,noncitizen,overall,35.3
2022-01-01,Selangor,P.105 Petaling Jaya,both,overall,overall,365.2
2022-01-01,Selangor,P.105 Petaling Jaya,female,overall,overall,170.9
2022-01-01,Selangor,P.105 Petaling Jaya,male,overall,overall,194.3
2023-01-01,Selangor,P.105 Petaling Jaya,both,citizen,overall,331.4
2023-01-01,Selangor,P.105 Petaling Jaya,both,noncitizen,overall,42.0
2023-01-01,Selangor,P.105 Petaling Jaya,both,overall,overall,373.4
2023-01-01,Selangor,P.105 Petaling Jaya,female,overall,overall,173.6
2023-01-01,Selangor,P.105 Petaling Jaya,male,overall,overall,199.8
2024-01-01,Selangor,P.105 Petaling Jaya,both,citizen,overall,332.9
2024-01-01,Selangor,P.105 Petaling Jaya,both,noncitizen,overall,48.6
2024-01-01,Selangor,P.105 Petaling Jaya,both,overall,overall,381.4
2024-01-01,Selangor,P.105 Petaling Jaya,female,overall,overall,176.2
2024-01-01,Selangor,P.105 Petaling Jaya,male,overall,overall,205.2
2020-01-01,Selangor,P.106 Damansara,both,overall,overall,468.9
2020-01-01,Selangor,P.106 Damansara,both,overall,citizen,437.0
2020-01-01,Selangor,P.106 Damansara,both,overall,noncitizen,31.9
2020-01-01,Selangor,P.106 Damansara,female,overall,overall,226.0
2020-01-01,Selangor,P.106 Damansara,male,overall,overall,242.9
2021-01-01,Selangor,P.106 Damansara,both,citizen,overall,440.4
2021-01-01,Selangor,P.106 Damansara,both,noncitizen,overall,29.9
2021-01-01,Selangor,P.106 Damansara,both,overall,overall,470.4
2021-01-01,Selangor,P.106 Damansara,female,overall,overall,227.3
2021-01-01,Selangor,P.106 Damansara,male,overall,overall,242.8
2022-01-01,Selangor,P.106 Damansara,both,citizen,overall,442.9
2022-01-01,Selangor,P.106 Damansara,both,noncitizen,overall,29.8
2022-01-01,Selangor,P.106 Damansara,both,overall,overall,472.6
2022-01-01,Selangor,P.106 Damansara,female,overall,overall,228.9
2022-01-01,Selangor,P.106 Damansara,male,overall,overall,243.8
2023-01-01,Selangor,P.106 Damansara,both,citizen,overall,447.1
2023-01-01,Selangor,P.106 Damansara,both,noncitizen,overall,36.3
2023-01-01,Selangor,P.106 Damansara,both,overall,overall,483.4
2023-01-01,Selangor,P.106 Damansara,female,overall,overall,232.5
2023-01-01,Selangor,P.106 Damansara,male,overall,overall,250.8
2024-01-01,Selangor,P.106 Damansara,both,citizen,overall,449.8
2024-01-01,Selangor,P.106 Damansara,both,noncitizen,overall,43.7
2024-01-01,Selangor,P.106 Damansara,both,overall,overall,493.6
2024-01-01,Selangor,P.106 Damansara,female,overall,overall,236.1
2024-01-01,Selangor,P.106 Damansara,male,overall,overall,257.5
2020-01-01,Selangor,P.107 Sungai Buloh,both,overall,overall,347.1
2020-01-01,Selangor,P.107 Sungai Buloh,both,overall,citizen,319.6
2020-01-01,Selangor,P.107 Sungai Buloh,both,overall,noncitizen,27.5
2020-01-01,Selangor,P.107 Sungai Buloh,female,overall,overall,163.6
2020-01-01,Selangor,P.107 Sungai Buloh,male,overall,overall,183.5
2021-01-01,Selangor,P.107 Sungai Buloh,both,citizen,overall,322.4
2021-01-01,Selangor,P.107 Sungai Buloh,both,noncitizen,overall,25.6
2021-01-01,Selangor,P.107 Sungai Buloh,both,overall,overall,348.1
2021-01-01,Selangor,P.107 Sungai Buloh,female,overall,overall,164.7
2021-01-01,Selangor,P.107 Sungai Buloh,male,overall,overall,183.4
2022-01-01,Selangor,P.107 Sungai Buloh,both,citizen,overall,324.6
2022-01-01,Selangor,P.107 Sungai Buloh,both,noncitizen,overall,25.2
2022-01-01,Selangor,P.107 Sungai Buloh,both,overall,overall,349.9
2022-01-01,Selangor,P.107 Sungai Buloh,female,overall,overall,165.7
2022-01-01,Selangor,P.107 Sungai Buloh,male,overall,overall,184.1
2023-01-01,Selangor,P.107 Sungai Buloh,both,citizen,overall,327.3
2023-01-01,Selangor,P.107 Sungai Buloh,both,noncitizen,overall,30.5
2023-01-01,Selangor,P.107 Sungai Buloh,both,overall,overall,357.7
2023-01-01,Selangor,P.107 Sungai Buloh,female,overall,overall,168.4
2023-01-01,Selangor,P.107 Sungai Buloh,male,overall,overall,189.4
2024-01-01,Selangor,P.107 Sungai Buloh,both,citizen,overall,329.8
2024-01-01,Selangor,P.107 Sungai Buloh,both,noncitizen,overall,35.5
2024-01-01,Selangor,P.107 Sungai Buloh,both,overall,overall,365.3
2024-01-01,Selangor,P.107 Sungai Buloh,female,overall,overall,170.9
2024-01-01,Selangor,P.107 Sungai Buloh,male,overall,overall,194.5
2020-01-01,Selangor,P.108 Shah Alam,both,overall,overall,438.7
2020-01-01,Selangor,P.108 Shah Alam,both,overall,citizen,398.6
2020-01-01,Selangor,P.108 Shah Alam,both,overall,noncitizen,40.1
2020-01-01,Selangor,P.108 Shah Alam,female,overall,overall,204.4
2020-01-01,Selangor,P.108 Shah Alam,male,overall,overall,234.3
2021-01-01,Selangor,P.108 Shah Alam,both,citizen,overall,402.6
2021-01-01,Selangor,P.108 Shah Alam,both,noncitizen,overall,37.4
2021-01-01,Selangor,P.108 Shah Alam,both,overall,overall,440.0
2021-01-01,Selangor,P.108 Shah Alam,female,overall,overall,205.8
2021-01-01,Selangor,P.108 Shah Alam,male,overall,overall,234.4
2022-01-01,Selangor,P.108 Shah Alam,both,citizen,overall,405.4
2022-01-01,Selangor,P.108 Shah Alam,both,noncitizen,overall,36.9
2022-01-01,Selangor,P.108 Shah Alam,both,overall,overall,442.3
2022-01-01,Selangor,P.108 Shah Alam,female,overall,overall,207.1
2022-01-01,Selangor,P.108 Shah Alam,male,overall,overall,235.2
2023-01-01,Selangor,P.108 Shah Alam,both,citizen,overall,408.3
2023-01-01,Selangor,P.108 Shah Alam,both,noncitizen,overall,44.0
2023-01-01,Selangor,P.108 Shah Alam,both,overall,overall,452.3
2023-01-01,Selangor,P.108 Shah Alam,female,overall,overall,210.3
2023-01-01,Selangor,P.108 Shah Alam,male,overall,overall,241.9
2024-01-01,Selangor,P.108 Shah Alam,both,citizen,overall,411.0
2024-01-01,Selangor,P.108 Shah Alam,both,noncitizen,overall,50.8
2024-01-01,Selangor,P.108 Shah Alam,both,overall,overall,461.9
2024-01-01,Selangor,P.108 Shah Alam,female,overall,overall,213.5
2024-01-01,Selangor,P.108 Shah Alam,male,overall,overall,248.4
2020-01-01,Selangor,P.109 Kapar,both,overall,overall,314.0
2020-01-01,Selangor,P.109 Kapar,both,overall,citizen,280.1
2020-01-01,Selangor,P.109 Kapar,both,overall,noncitizen,33.9
2020-01-01,Selangor,P.109 Kapar,female,overall,overall,140.5
2020-01-01,Selangor,P.109 Kapar,male,overall,overall,173.5
2021-01-01,Selangor,P.109 Kapar,both,citizen,overall,283.2
2021-01-01,Selangor,P.109 Kapar,both,noncitizen,overall,31.8
2021-01-01,Selangor,P.109 Kapar,both,overall,overall,315.0
2021-01-01,Selangor,P.109 Kapar,female,overall,overall,141.4
2021-01-01,Selangor,P.109 Kapar,male,overall,overall,173.5
2022-01-01,Selangor,P.109 Kapar,both,citizen,overall,285.3
2022-01-01,Selangor,P.109 Kapar,both,noncitizen,overall,31.3
2022-01-01,Selangor,P.109 Kapar,both,overall,overall,316.5
2022-01-01,Selangor,P.109 Kapar,female,overall,overall,142.5
2022-01-01,Selangor,P.109 Kapar,male,overall,overall,174.2
2023-01-01,Selangor,P.109 Kapar,both,citizen,overall,286.5
2023-01-01,Selangor,P.109 Kapar,both,noncitizen,overall,37.3
2023-01-01,Selangor,P.109 Kapar,both,overall,overall,323.7
2023-01-01,Selangor,P.109 Kapar,female,overall,overall,144.5
2023-01-01,Selangor,P.109 Kapar,male,overall,overall,179.2
2024-01-01,Selangor,P.109 Kapar,both,citizen,overall,288.2
2024-01-01,Selangor,P.109 Kapar,both,noncitizen,overall,42.3
2024-01-01,Selangor,P.109 Kapar,both,overall,overall,330.6
2024-01-01,Selangor,P.109 Kapar,female,overall,overall,146.6
2024-01-01,Selangor,P.109 Kapar,male,overall,overall,183.9
2020-01-01,Selangor,P.110 Klang,both,overall,overall,297.8
2020-01-01,Selangor,P.110 Klang,both,overall,citizen,271.4
2020-01-01,Selangor,P.110 Klang,both,overall,noncitizen,26.4
2020-01-01,Selangor,P.110 Klang,female,overall,overall,136.5
2020-01-01,Selangor,P.110 Klang,male,overall,overall,161.3
2021-01-01,Selangor,P.110 Klang,both,citizen,overall,273.9
2021-01-01,Selangor,P.110 Klang,both,noncitizen,overall,24.8
2021-01-01,Selangor,P.110 Klang,both,overall,overall,298.7
2021-01-01,Selangor,P.110 Klang,female,overall,overall,137.4
2021-01-01,Selangor,P.110 Klang,male,overall,overall,161.3
2022-01-01,Selangor,P.110 Klang,both,citizen,overall,275.8
2022-01-01,Selangor,P.110 Klang,both,noncitizen,overall,24.6
2022-01-01,Selangor,P.110 Klang,both,overall,overall,300.1
2022-01-01,Selangor,P.110 Klang,female,overall,overall,138.3
2022-01-01,Selangor,P.110 Klang,male,overall,overall,161.8
2023-01-01,Selangor,P.110 Klang,both,citizen,overall,277.6
2023-01-01,Selangor,P.110 Klang,both,noncitizen,overall,29.5
2023-01-01,Selangor,P.110 Klang,both,overall,overall,307.0
2023-01-01,Selangor,P.110 Klang,female,overall,overall,140.5
2023-01-01,Selangor,P.110 Klang,male,overall,overall,166.5
2024-01-01,Selangor,P.110 Klang,both,citizen,overall,279.3
2024-01-01,Selangor,P.110 Klang,both,noncitizen,overall,34.1
2024-01-01,Selangor,P.110 Klang,both,overall,overall,313.5
2024-01-01,Selangor,P.110 Klang,female,overall,overall,142.6
2024-01-01,Selangor,P.110 Klang,male,overall,overall,170.9
2020-01-01,Selangor,P.111 Kota Raja,both,overall,overall,523.1
2020-01-01,Selangor,P.111 Kota Raja,both,overall,citizen,478.9
2020-01-01,Selangor,P.111 Kota Raja,both,overall,noncitizen,44.2
2020-01-01,Selangor,P.111 Kota Raja,female,overall,overall,244.0
2020-01-01,Selangor,P.111 Kota Raja,male,overall,overall,279.1
2021-01-01,Selangor,P.111 Kota Raja,both,citizen,overall,483.4
2021-01-01,Selangor,P.111 Kota Raja,both,noncitizen,overall,41.3
2021-01-01,Selangor,P.111 Kota Raja,both,overall,overall,524.7
2021-01-01,Selangor,P.111 Kota Raja,female,overall,overall,245.6
2021-01-01,Selangor,P.111 Kota Raja,male,overall,overall,279.0
2022-01-01,Selangor,P.111 Kota Raja,both,citizen,overall,486.6
2022-01-01,Selangor,P.111 Kota Raja,both,noncitizen,overall,40.7
2022-01-01,Selangor,P.111 Kota Raja,both,overall,overall,527.2
2022-01-01,Selangor,P.111 Kota Raja,female,overall,overall,247.0
2022-01-01,Selangor,P.111 Kota Raja,male,overall,overall,280.2
2023-01-01,Selangor,P.111 Kota Raja,both,citizen,overall,490.1
2023-01-01,Selangor,P.111 Kota Raja,both,noncitizen,overall,49.3
2023-01-01,Selangor,P.111 Kota Raja,both,overall,overall,539.2
2023-01-01,Selangor,P.111 Kota Raja,female,overall,overall,251.1
2023-01-01,Selangor,P.111 Kota Raja,male,overall,overall,288.1
2024-01-01,Selangor,P.111 Kota Raja,both,citizen,overall,494.4
2024-01-01,Selangor,P.111 Kota Raja,both,noncitizen,overall,56.4
2024-01-01,Selangor,P.111 Kota Raja,both,overall,overall,550.6
2024-01-01,Selangor,P.111 Kota Raja,female,overall,overall,254.8
2024-01-01,Selangor,P.111 Kota Raja,male,overall,overall,295.8
2020-01-01,Selangor,P.112 Kuala Langat,both,overall,overall,247.1
2020-01-01,Selangor,P.112 Kuala Langat,both,overall,citizen,237.8
2020-01-01,Selangor,P.112 Kuala Langat,both,overall,noncitizen,9.3
2020-01-01,Selangor,P.112 Kuala Langat,female,overall,overall,118.8
2020-01-01,Selangor,P.112 Kuala Langat,male,overall,overall,128.3
2021-01-01,Selangor,P.112 Kuala Langat,both,citizen,overall,239.2
2021-01-01,Selangor,P.112 Kuala Langat,both,noncitizen,overall,8.7
2021-01-01,Selangor,P.112 Kuala Langat,both,overall,overall,247.8
2021-01-01,Selangor,P.112 Kuala Langat,female,overall,overall,119.5
2021-01-01,Selangor,P.112 Kuala Langat,male,overall,overall,128.3
2022-01-01,Selangor,P.112 Kuala Langat,both,citizen,overall,240.5
2022-01-01,Selangor,P.112 Kuala Langat,both,noncitizen,overall,8.4
2022-01-01,Selangor,P.112 Kuala Langat,both,overall,overall,249.1
2022-01-01,Selangor,P.112 Kuala Langat,female,overall,overall,120.3
2022-01-01,Selangor,P.112 Kuala Langat,male,overall,overall,128.8
2023-01-01,Selangor,P.112 Kuala Langat,both,citizen,overall,244.4
2023-01-01,Selangor,P.112 Kuala Langat,both,noncitizen,overall,10.3
2023-01-01,Selangor,P.112 Kuala Langat,both,overall,overall,254.6
2023-01-01,Selangor,P.112 Kuala Langat,female,overall,overall,122.3
2023-01-01,Selangor,P.112 Kuala Langat,male,overall,overall,132.5
2024-01-01,Selangor,P.112 Kuala Langat,both,citizen,overall,247.9
2024-01-01,Selangor,P.112 Kuala Langat,both,noncitizen,overall,12.3
2024-01-01,Selangor,P.112 Kuala Langat,both,overall,overall,260.1
2024-01-01,Selangor,P.112 Kuala Langat,female,overall,overall,124.1
2024-01-01,Selangor,P.112 Kuala Langat,male,overall,overall,136.1
2020-01-01,Selangor,P.113 Sepang,both,overall,overall,384.2
2020-01-01,Selangor,P.113 Sepang,both,overall,citizen,346.1
2020-01-01,Selangor,P.113 Sepang,both,overall,noncitizen,38.1
2020-01-01,Selangor,P.113 Sepang,female,overall,overall,177.9
2020-01-01,Selangor,P.113 Sepang,male,overall,overall,206.3
2021-01-01,Selangor,P.113 Sepang,both,citizen,overall,349.7
2021-01-01,Selangor,P.113 Sepang,both,noncitizen,overall,35.7
2021-01-01,Selangor,P.113 Sepang,both,overall,overall,385.3
2021-01-01,Selangor,P.113 Sepang,female,overall,overall,179.0
2021-01-01,Selangor,P.113 Sepang,male,overall,overall,206.3
2022-01-01,Selangor,P.113 Sepang,both,citizen,overall,352.4
2022-01-01,Selangor,P.113 Sepang,both,noncitizen,overall,35.0
2022-01-01,Selangor,P.113 Sepang,both,overall,overall,387.3
2022-01-01,Selangor,P.113 Sepang,female,overall,overall,180.1
2022-01-01,Selangor,P.113 Sepang,male,overall,overall,207.1
2023-01-01,Selangor,P.113 Sepang,both,citizen,overall,354.2
2023-01-01,Selangor,P.113 Sepang,both,noncitizen,overall,41.9
2023-01-01,Selangor,P.113 Sepang,both,overall,overall,396.1
2023-01-01,Selangor,P.113 Sepang,female,overall,overall,183.1
2023-01-01,Selangor,P.113 Sepang,male,overall,overall,213.0
2024-01-01,Selangor,P.113 Sepang,both,citizen,overall,356.2
2024-01-01,Selangor,P.113 Sepang,both,noncitizen,overall,48.2
2024-01-01,Selangor,P.113 Sepang,both,overall,overall,404.5
2024-01-01,Selangor,P.113 Sepang,female,overall,overall,185.8
2024-01-01,Selangor,P.113 Sepang,male,overall,overall,218.6
2020-01-01,W.P. Kuala Lumpur,P.114 Kepong,both,overall,overall,106.2
2020-01-01,W.P. Kuala Lumpur,P.114 Kepong,both,overall,citizen,88.2
2020-01-01,W.P. Kuala Lumpur,P.114 Kepong,both,overall,noncitizen,18.0
2020-01-01,W.P. Kuala Lumpur,P.114 Kepong,female,overall,overall,43.7
2020-01-01,W.P. Kuala Lumpur,P.114 Kepong,male,overall,overall,62.5
2021-01-01,W.P. Kuala Lumpur,P.114 Kepong,both,citizen,overall,88.5
2021-01-01,W.P. Kuala Lumpur,P.114 Kepong,both,noncitizen,overall,16.7
2021-01-01,W.P. Kuala Lumpur,P.114 Kepong,both,overall,overall,105.2
2021-01-01,W.P. Kuala Lumpur,P.114 Kepong,female,overall,overall,43.6
2021-01-01,W.P. Kuala Lumpur,P.114 Kepong,male,overall,overall,61.7
2022-01-01,W.P. Kuala Lumpur,P.114 Kepong,both,citizen,overall,88.9
2022-01-01,W.P. Kuala Lumpur,P.114 Kepong,both,noncitizen,overall,16.2
2022-01-01,W.P. Kuala Lumpur,P.114 Kepong,both,overall,overall,105.1
2022-01-01,W.P. Kuala Lumpur,P.114 Kepong,female,overall,overall,43.7
2022-01-01,W.P. Kuala Lumpur,P.114 Kepong,male,overall,overall,61.4
2023-01-01,W.P. Kuala Lumpur,P.114 Kepong,both,citizen,overall,88.4
2023-01-01,W.P. Kuala Lumpur,P.114 Kepong,both,noncitizen,overall,19.1
2023-01-01,W.P. Kuala Lumpur,P.114 Kepong,both,overall,overall,107.5
2023-01-01,W.P. Kuala Lumpur,P.114 Kepong,female,overall,overall,44.2
2023-01-01,W.P. Kuala Lumpur,P.114 Kepong,male,overall,overall,63.3
2024-01-01,W.P. Kuala Lumpur,P.114 Kepong,both,citizen,overall,87.3
2024-01-01,W.P. Kuala Lumpur,P.114 Kepong,both,noncitizen,overall,23.5
2024-01-01,W.P. Kuala Lumpur,P.114 Kepong,both,overall,overall,110.8
2024-01-01,W.P. Kuala Lumpur,P.114 Kepong,female,overall,overall,44.9
2024-01-01,W.P. Kuala Lumpur,P.114 Kepong,male,overall,overall,65.8
2020-01-01,W.P. Kuala Lumpur,P.115 Batu,both,overall,overall,219.1
2020-01-01,W.P. Kuala Lumpur,P.115 Batu,both,overall,citizen,172.5
2020-01-01,W.P. Kuala Lumpur,P.115 Batu,both,overall,noncitizen,46.6
2020-01-01,W.P. Kuala Lumpur,P.115 Batu,female,overall,overall,87.4
2020-01-01,W.P. Kuala Lumpur,P.115 Batu,male,overall,overall,131.8
2021-01-01,W.P. Kuala Lumpur,P.115 Batu,both,citizen,overall,173.9
2021-01-01,W.P. Kuala Lumpur,P.115 Batu,both,noncitizen,overall,43.2
2021-01-01,W.P. Kuala Lumpur,P.115 Batu,both,overall,overall,217.1
2021-01-01,W.P. Kuala Lumpur,P.115 Batu,female,overall,overall,87.1
2021-01-01,W.P. Kuala Lumpur,P.115 Batu,male,overall,overall,130.0
2022-01-01,W.P. Kuala Lumpur,P.115 Batu,both,citizen,overall,175.5
2022-01-01,W.P. Kuala Lumpur,P.115 Batu,both,noncitizen,overall,41.3
2022-01-01,W.P. Kuala Lumpur,P.115 Batu,both,overall,overall,216.8
2022-01-01,W.P. Kuala Lumpur,P.115 Batu,female,overall,overall,87.3
2022-01-01,W.P. Kuala Lumpur,P.115 Batu,male,overall,overall,129.5
2023-01-01,W.P. Kuala Lumpur,P.115 Batu,both,citizen,overall,173.6
2023-01-01,W.P. Kuala Lumpur,P.115 Batu,both,noncitizen,overall,48.1
2023-01-01,W.P. Kuala Lumpur,P.115 Batu,both,overall,overall,221.7
2023-01-01,W.P. Kuala Lumpur,P.115 Batu,female,overall,overall,88.4
2023-01-01,W.P. Kuala Lumpur,P.115 Batu,male,overall,overall,133.4
2024-01-01,W.P. Kuala Lumpur,P.115 Batu,both,citizen,overall,169.5
2024-01-01,W.P. Kuala Lumpur,P.115 Batu,both,noncitizen,overall,59.0
2024-01-01,W.P. Kuala Lumpur,P.115 Batu,both,overall,overall,228.6
2024-01-01,W.P. Kuala Lumpur,P.115 Batu,female,overall,overall,89.8
2024-01-01,W.P. Kuala Lumpur,P.115 Batu,male,overall,overall,138.8
2020-01-01,W.P. Kuala Lumpur,P.116 Wangsa Maju,both,overall,overall,215.6
2020-01-01,W.P. Kuala Lumpur,P.116 Wangsa Maju,both,overall,citizen,195.3
2020-01-01,W.P. Kuala Lumpur,P.116 Wangsa Maju,both,overall,noncitizen,20.3
2020-01-01,W.P. Kuala Lumpur,P.116 Wangsa Maju,female,overall,overall,99.8
2020-01-01,W.P. Kuala Lumpur,P.116 Wangsa Maju,male,overall,overall,115.8
2021-01-01,W.P. Kuala Lumpur,P.116 Wangsa Maju,both,citizen,overall,195.0
2021-01-01,W.P. Kuala Lumpur,P.116 Wangsa Maju,both,noncitizen,overall,18.7
2021-01-01,W.P. Kuala Lumpur,P.116 Wangsa Maju,both,overall,overall,213.6
2021-01-01,W.P. Kuala Lumpur,P.116 Wangsa Maju,female,overall,overall,99.3
2021-01-01,W.P. Kuala Lumpur,P.116 Wangsa Maju,male,overall,overall,114.3
2022-01-01,W.P. Kuala Lumpur,P.116 Wangsa Maju,both,citizen,overall,195.9
2022-01-01,W.P. Kuala Lumpur,P.116 Wangsa Maju,both,noncitizen,overall,17.4
2022-01-01,W.P. Kuala Lumpur,P.116 Wangsa Maju,both,overall,overall,213.3
2022-01-01,W.P. Kuala Lumpur,P.116 Wangsa Maju,female,overall,overall,99.5
2022-01-01,W.P. Kuala Lumpur,P.116 Wangsa Maju,male,overall,overall,113.8
2023-01-01,W.P. Kuala Lumpur,P.116 Wangsa Maju,both,citizen,overall,196.9
2023-01-01,W.P. Kuala Lumpur,P.116 Wangsa Maju,both,noncitizen,overall,21.3
2023-01-01,W.P. Kuala Lumpur,P.116 Wangsa Maju,both,overall,overall,218.2
2023-01-01,W.P. Kuala Lumpur,P.116 Wangsa Maju,female,overall,overall,100.9
2023-01-01,W.P. Kuala Lumpur,P.116 Wangsa Maju,male,overall,overall,117.3
2024-01-01,W.P. Kuala Lumpur,P.116 Wangsa Maju,both,citizen,overall,198.4
2024-01-01,W.P. Kuala Lumpur,P.116 Wangsa Maju,both,noncitizen,overall,26.5
2024-01-01,W.P. Kuala Lumpur,P.116 Wangsa Maju,both,overall,overall,224.9
2024-01-01,W.P. Kuala Lumpur,P.116 Wangsa Maju,female,overall,overall,102.8
2024-01-01,W.P. Kuala Lumpur,P.116 Wangsa Maju,male,overall,overall,122.1
2020-01-01,W.P. Kuala Lumpur,P.117 Segambut,both,overall,overall,253.7
2020-01-01,W.P. Kuala Lumpur,P.117 Segambut,both,overall,citizen,218.0
2020-01-01,W.P. Kuala Lumpur,P.117 Segambut,both,overall,noncitizen,35.7
2020-01-01,W.P. Kuala Lumpur,P.117 Segambut,female,overall,overall,121.5
2020-01-01,W.P. Kuala Lumpur,P.117 Segambut,male,overall,overall,132.2
2021-01-01,W.P. Kuala Lumpur,P.117 Segambut,both,citizen,overall,218.4
2021-01-01,W.P. Kuala Lumpur,P.117 Segambut,both,noncitizen,overall,33.0
2021-01-01,W.P. Kuala Lumpur,P.117 Segambut,both,overall,overall,251.4
2021-01-01,W.P. Kuala Lumpur,P.117 Segambut,female,overall,overall,120.9
2021-01-01,W.P. Kuala Lumpur,P.117 Segambut,male,overall,overall,130.5
2022-01-01,W.P. Kuala Lumpur,P.117 Segambut,both,citizen,overall,219.3
2022-01-01,W.P. Kuala Lumpur,P.117 Segambut,both,noncitizen,overall,31.7
2022-01-01,W.P. Kuala Lumpur,P.117 Segambut,both,overall,overall,251.0
2022-01-01,W.P. Kuala Lumpur,P.117 Segambut,female,overall,overall,121.1
2022-01-01,W.P. Kuala Lumpur,P.117 Segambut,male,overall,overall,129.9
2023-01-01,W.P. Kuala Lumpur,P.117 Segambut,both,citizen,overall,219.3
2023-01-01,W.P. Kuala Lumpur,P.117 Segambut,both,noncitizen,overall,37.4
2023-01-01,W.P. Kuala Lumpur,P.117 Segambut,both,overall,overall,256.7
2023-01-01,W.P. Kuala Lumpur,P.117 Segambut,female,overall,overall,122.9
2023-01-01,W.P. Kuala Lumpur,P.117 Segambut,male,overall,overall,133.9
2024-01-01,W.P. Kuala Lumpur,P.117 Segambut,both,citizen,overall,218.5
2024-01-01,W.P. Kuala Lumpur,P.117 Segambut,both,noncitizen,overall,46.2
2024-01-01,W.P. Kuala Lumpur,P.117 Segambut,both,overall,overall,264.6
2024-01-01,W.P. Kuala Lumpur,P.117 Segambut,female,overall,overall,125.2
2024-01-01,W.P. Kuala Lumpur,P.117 Segambut,male,overall,overall,139.5
2020-01-01,W.P. Kuala Lumpur,P.118 Setiawangsa,both,overall,overall,147.1
2020-01-01,W.P. Kuala Lumpur,P.118 Setiawangsa,both,overall,citizen,140.6
2020-01-01,W.P. Kuala Lumpur,P.118 Setiawangsa,both,overall,noncitizen,6.5
2020-01-01,W.P. Kuala Lumpur,P.118 Setiawangsa,female,overall,overall,70.8
2020-01-01,W.P. Kuala Lumpur,P.118 Setiawangsa,male,overall,overall,76.3
2021-01-01,W.P. Kuala Lumpur,P.118 Setiawangsa,both,citizen,overall,139.8
2021-01-01,W.P. Kuala Lumpur,P.118 Setiawangsa,both,noncitizen,overall,6.0
2021-01-01,W.P. Kuala Lumpur,P.118 Setiawangsa,both,overall,overall,145.8
2021-01-01,W.P. Kuala Lumpur,P.118 Setiawangsa,female,overall,overall,70.4
2021-01-01,W.P. Kuala Lumpur,P.118 Setiawangsa,male,overall,overall,75.4
2022-01-01,W.P. Kuala Lumpur,P.118 Setiawangsa,both,citizen,overall,140.0
2022-01-01,W.P. Kuala Lumpur,P.118 Setiawangsa,both,noncitizen,overall,5.6
2022-01-01,W.P. Kuala Lumpur,P.118 Setiawangsa,both,overall,overall,145.5
2022-01-01,W.P. Kuala Lumpur,P.118 Setiawangsa,female,overall,overall,70.5
2022-01-01,W.P. Kuala Lumpur,P.118 Setiawangsa,male,overall,overall,75.0
2023-01-01,W.P. Kuala Lumpur,P.118 Setiawangsa,both,citizen,overall,142.0
2023-01-01,W.P. Kuala Lumpur,P.118 Setiawangsa,both,noncitizen,overall,6.8
2023-01-01,W.P. Kuala Lumpur,P.118 Setiawangsa,both,overall,overall,148.8
2023-01-01,W.P. Kuala Lumpur,P.118 Setiawangsa,female,overall,overall,71.6
2023-01-01,W.P. Kuala Lumpur,P.118 Setiawangsa,male,overall,overall,77.3
2024-01-01,W.P. Kuala Lumpur,P.118 Setiawangsa,both,citizen,overall,144.6
2024-01-01,W.P. Kuala Lumpur,P.118 Setiawangsa,both,noncitizen,overall,8.8
2024-01-01,W.P. Kuala Lumpur,P.118 Setiawangsa,both,overall,overall,153.4
2024-01-01,W.P. Kuala Lumpur,P.118 Setiawangsa,female,overall,overall,72.9
2024-01-01,W.P. Kuala Lumpur,P.118 Setiawangsa,male,overall,overall,80.5
2020-01-01,W.P. Kuala Lumpur,P.119 Titiwangsa,both,overall,overall,122.1
2020-01-01,W.P. Kuala Lumpur,P.119 Titiwangsa,both,overall,citizen,106.8
2020-01-01,W.P. Kuala Lumpur,P.119 Titiwangsa,both,overall,noncitizen,15.3
2020-01-01,W.P. Kuala Lumpur,P.119 Titiwangsa,female,overall,overall,58.7
2020-01-01,W.P. Kuala Lumpur,P.119 Titiwangsa,male,overall,overall,63.4
2021-01-01,W.P. Kuala Lumpur,P.119 Titiwangsa,both,citizen,overall,106.9
2021-01-01,W.P. Kuala Lumpur,P.119 Titiwangsa,both,noncitizen,overall,14.1
2021-01-01,W.P. Kuala Lumpur,P.119 Titiwangsa,both,overall,overall,121.0
2021-01-01,W.P. Kuala Lumpur,P.119 Titiwangsa,female,overall,overall,58.4
2021-01-01,W.P. Kuala Lumpur,P.119 Titiwangsa,male,overall,overall,62.5
2022-01-01,W.P. Kuala Lumpur,P.119 Titiwangsa,both,citizen,overall,107.3
2022-01-01,W.P. Kuala Lumpur,P.119 Titiwangsa,both,noncitizen,overall,13.5
2022-01-01,W.P. Kuala Lumpur,P.119 Titiwangsa,both,overall,overall,120.8
2022-01-01,W.P. Kuala Lumpur,P.119 Titiwangsa,female,overall,overall,58.6
2022-01-01,W.P. Kuala Lumpur,P.119 Titiwangsa,male,overall,overall,62.3
2023-01-01,W.P. Kuala Lumpur,P.119 Titiwangsa,both,citizen,overall,107.8
2023-01-01,W.P. Kuala Lumpur,P.119 Titiwangsa,both,noncitizen,overall,15.8
2023-01-01,W.P. Kuala Lumpur,P.119 Titiwangsa,both,overall,overall,123.6
2023-01-01,W.P. Kuala Lumpur,P.119 Titiwangsa,female,overall,overall,59.4
2023-01-01,W.P. Kuala Lumpur,P.119 Titiwangsa,male,overall,overall,64.2
2024-01-01,W.P. Kuala Lumpur,P.119 Titiwangsa,both,citizen,overall,108.0
2024-01-01,W.P. Kuala Lumpur,P.119 Titiwangsa,both,noncitizen,overall,19.4
2024-01-01,W.P. Kuala Lumpur,P.119 Titiwangsa,both,overall,overall,127.4
2024-01-01,W.P. Kuala Lumpur,P.119 Titiwangsa,female,overall,overall,60.5
2024-01-01,W.P. Kuala Lumpur,P.119 Titiwangsa,male,overall,overall,66.9
2020-01-01,W.P. Kuala Lumpur,P.120 Bukit Bintang,both,overall,overall,120.5
2020-01-01,W.P. Kuala Lumpur,P.120 Bukit Bintang,both,overall,citizen,94.9
2020-01-01,W.P. Kuala Lumpur,P.120 Bukit Bintang,both,overall,noncitizen,25.6
2020-01-01,W.P. Kuala Lumpur,P.120 Bukit Bintang,female,overall,overall,52.5
2020-01-01,W.P. Kuala Lumpur,P.120 Bukit Bintang,male,overall,overall,68.1
2021-01-01,W.P. Kuala Lumpur,P.120 Bukit Bintang,both,citizen,overall,95.6
2021-01-01,W.P. Kuala Lumpur,P.120 Bukit Bintang,both,noncitizen,overall,23.8
2021-01-01,W.P. Kuala Lumpur,P.120 Bukit Bintang,both,overall,overall,119.4
2021-01-01,W.P. Kuala Lumpur,P.120 Bukit Bintang,female,overall,overall,52.2
2021-01-01,W.P. Kuala Lumpur,P.120 Bukit Bintang,male,overall,overall,67.2
2022-01-01,W.P. Kuala Lumpur,P.120 Bukit Bintang,both,citizen,overall,96.4
2022-01-01,W.P. Kuala Lumpur,P.120 Bukit Bintang,both,noncitizen,overall,22.8
2022-01-01,W.P. Kuala Lumpur,P.120 Bukit Bintang,both,overall,overall,119.3
2022-01-01,W.P. Kuala Lumpur,P.120 Bukit Bintang,female,overall,overall,52.3
2022-01-01,W.P. Kuala Lumpur,P.120 Bukit Bintang,male,overall,overall,66.9
2023-01-01,W.P. Kuala Lumpur,P.120 Bukit Bintang,both,citizen,overall,95.1
2023-01-01,W.P. Kuala Lumpur,P.120 Bukit Bintang,both,noncitizen,overall,26.9
2023-01-01,W.P. Kuala Lumpur,P.120 Bukit Bintang,both,overall,overall,122.0
2023-01-01,W.P. Kuala Lumpur,P.120 Bukit Bintang,female,overall,overall,53.0
2023-01-01,W.P. Kuala Lumpur,P.120 Bukit Bintang,male,overall,overall,68.9
2024-01-01,W.P. Kuala Lumpur,P.120 Bukit Bintang,both,citizen,overall,92.8
2024-01-01,W.P. Kuala Lumpur,P.120 Bukit Bintang,both,noncitizen,overall,32.9
2024-01-01,W.P. Kuala Lumpur,P.120 Bukit Bintang,both,overall,overall,125.7
2024-01-01,W.P. Kuala Lumpur,P.120 Bukit Bintang,female,overall,overall,54.0
2024-01-01,W.P. Kuala Lumpur,P.120 Bukit Bintang,male,overall,overall,71.8
2020-01-01,W.P. Kuala Lumpur,P.121 Lembah Pantai,both,overall,overall,148.1
2020-01-01,W.P. Kuala Lumpur,P.121 Lembah Pantai,both,overall,citizen,138.0
2020-01-01,W.P. Kuala Lumpur,P.121 Lembah Pantai,both,overall,noncitizen,10.1
2020-01-01,W.P. Kuala Lumpur,P.121 Lembah Pantai,female,overall,overall,72.8
2020-01-01,W.P. Kuala Lumpur,P.121 Lembah Pantai,male,overall,overall,75.3
2021-01-01,W.P. Kuala Lumpur,P.121 Lembah Pantai,both,citizen,overall,137.5
2021-01-01,W.P. Kuala Lumpur,P.121 Lembah Pantai,both,noncitizen,overall,9.2
2021-01-01,W.P. Kuala Lumpur,P.121 Lembah Pantai,both,overall,overall,146.7
2021-01-01,W.P. Kuala Lumpur,P.121 Lembah Pantai,female,overall,overall,72.4
2021-01-01,W.P. Kuala Lumpur,P.121 Lembah Pantai,male,overall,overall,74.4
2022-01-01,W.P. Kuala Lumpur,P.121 Lembah Pantai,both,citizen,overall,137.8
2022-01-01,W.P. Kuala Lumpur,P.121 Lembah Pantai,both,noncitizen,overall,8.7
2022-01-01,W.P. Kuala Lumpur,P.121 Lembah Pantai,both,overall,overall,146.5
2022-01-01,W.P. Kuala Lumpur,P.121 Lembah Pantai,female,overall,overall,72.5
2022-01-01,W.P. Kuala Lumpur,P.121 Lembah Pantai,male,overall,overall,74.0
2023-01-01,W.P. Kuala Lumpur,P.121 Lembah Pantai,both,citizen,overall,139.3
2023-01-01,W.P. Kuala Lumpur,P.121 Lembah Pantai,both,noncitizen,overall,10.5
2023-01-01,W.P. Kuala Lumpur,P.121 Lembah Pantai,both,overall,overall,149.9
2023-01-01,W.P. Kuala Lumpur,P.121 Lembah Pantai,female,overall,overall,73.6
2023-01-01,W.P. Kuala Lumpur,P.121 Lembah Pantai,male,overall,overall,76.3
2024-01-01,W.P. Kuala Lumpur,P.121 Lembah Pantai,both,citizen,overall,141.4
2024-01-01,W.P. Kuala Lumpur,P.121 Lembah Pantai,both,noncitizen,overall,13.1
2024-01-01,W.P. Kuala Lumpur,P.121 Lembah Pantai,both,overall,overall,154.5
2024-01-01,W.P. Kuala Lumpur,P.121 Lembah Pantai,female,overall,overall,75.0
2024-01-01,W.P. Kuala Lumpur,P.121 Lembah Pantai,male,overall,overall,79.5
2020-01-01,W.P. Kuala Lumpur,P.122 Seputeh,both,overall,overall,322.5
2020-01-01,W.P. Kuala Lumpur,P.122 Seputeh,both,overall,citizen,310.3
2020-01-01,W.P. Kuala Lumpur,P.122 Seputeh,both,overall,noncitizen,12.2
2020-01-01,W.P. Kuala Lumpur,P.122 Seputeh,female,overall,overall,158.0
2020-01-01,W.P. Kuala Lumpur,P.122 Seputeh,male,overall,overall,164.5
2021-01-01,W.P. Kuala Lumpur,P.122 Seputeh,both,citizen,overall,308.4
2021-01-01,W.P. Kuala Lumpur,P.122 Seputeh,both,noncitizen,overall,11.2
2021-01-01,W.P. Kuala Lumpur,P.122 Seputeh,both,overall,overall,319.6
2021-01-01,W.P. Kuala Lumpur,P.122 Seputeh,female,overall,overall,157.1
2021-01-01,W.P. Kuala Lumpur,P.122 Seputeh,male,overall,overall,162.4
2022-01-01,W.P. Kuala Lumpur,P.122 Seputeh,both,citizen,overall,308.4
2022-01-01,W.P. Kuala Lumpur,P.122 Seputeh,both,noncitizen,overall,10.7
2022-01-01,W.P. Kuala Lumpur,P.122 Seputeh,both,overall,overall,319.1
2022-01-01,W.P. Kuala Lumpur,P.122 Seputeh,female,overall,overall,157.1
2022-01-01,W.P. Kuala Lumpur,P.122 Seputeh,male,overall,overall,162.0
2023-01-01,W.P. Kuala Lumpur,P.122 Seputeh,both,citizen,overall,312.7
2023-01-01,W.P. Kuala Lumpur,P.122 Seputeh,both,noncitizen,overall,13.7
2023-01-01,W.P. Kuala Lumpur,P.122 Seputeh,both,overall,overall,326.4
2023-01-01,W.P. Kuala Lumpur,P.122 Seputeh,female,overall,overall,159.7
2023-01-01,W.P. Kuala Lumpur,P.122 Seputeh,male,overall,overall,166.6
2024-01-01,W.P. Kuala Lumpur,P.122 Seputeh,both,citizen,overall,318.4
2024-01-01,W.P. Kuala Lumpur,P.122 Seputeh,both,noncitizen,overall,18.0
2024-01-01,W.P. Kuala Lumpur,P.122 Seputeh,both,overall,overall,336.4
2024-01-01,W.P. Kuala Lumpur,P.122 Seputeh,female,overall,overall,162.8
2024-01-01,W.P. Kuala Lumpur,P.122 Seputeh,male,overall,overall,173.7
2020-01-01,W.P. Kuala Lumpur,P.123 Cheras,both,overall,overall,135.8
2020-01-01,W.P. Kuala Lumpur,P.123 Cheras,both,overall,citizen,123.9
2020-01-01,W.P. Kuala Lumpur,P.123 Cheras,both,overall,noncitizen,11.9
2020-01-01,W.P. Kuala Lumpur,P.123 Cheras,female,overall,overall,64.2
2020-01-01,W.P. Kuala Lumpur,P.123 Cheras,male,overall,overall,71.6
2021-01-01,W.P. Kuala Lumpur,P.123 Cheras,both,citizen,overall,123.6
2021-01-01,W.P. Kuala Lumpur,P.123 Cheras,both,noncitizen,overall,11.0
2021-01-01,W.P. Kuala Lumpur,P.123 Cheras,both,overall,overall,134.6
2021-01-01,W.P. Kuala Lumpur,P.123 Cheras,female,overall,overall,63.9
2021-01-01,W.P. Kuala Lumpur,P.123 Cheras,male,overall,overall,70.7
2022-01-01,W.P. Kuala Lumpur,P.123 Cheras,both,citizen,overall,123.9
2022-01-01,W.P. Kuala Lumpur,P.123 Cheras,both,noncitizen,overall,10.5
2022-01-01,W.P. Kuala Lumpur,P.123 Cheras,both,overall,overall,134.4
2022-01-01,W.P. Kuala Lumpur,P.123 Cheras,female,overall,overall,64.0
2022-01-01,W.P. Kuala Lumpur,P.123 Cheras,male,overall,overall,70.4
2023-01-01,W.P. Kuala Lumpur,P.123 Cheras,both,citizen,overall,125.0
2023-01-01,W.P. Kuala Lumpur,P.123 Cheras,both,noncitizen,overall,12.5
2023-01-01,W.P. Kuala Lumpur,P.123 Cheras,both,overall,overall,137.4
2023-01-01,W.P. Kuala Lumpur,P.123 Cheras,female,overall,overall,64.9
2023-01-01,W.P. Kuala Lumpur,P.123 Cheras,male,overall,overall,72.5
2024-01-01,W.P. Kuala Lumpur,P.123 Cheras,both,citizen,overall,126.2
2024-01-01,W.P. Kuala Lumpur,P.123 Cheras,both,noncitizen,overall,15.5
2024-01-01,W.P. Kuala Lumpur,P.123 Cheras,both,overall,overall,141.7
2024-01-01,W.P. Kuala Lumpur,P.123 Cheras,female,overall,overall,66.1
2024-01-01,W.P. Kuala Lumpur,P.123 Cheras,male,overall,overall,75.6
2020-01-01,W.P. Kuala Lumpur,P.124 Bandar Tun Razak,both,overall,overall,191.3
2020-01-01,W.P. Kuala Lumpur,P.124 Bandar Tun Razak,both,overall,citizen,185.1
2020-01-01,W.P. Kuala Lumpur,P.124 Bandar Tun Razak,both,overall,noncitizen,6.2
2020-01-01,W.P. Kuala Lumpur,P.124 Bandar Tun Razak,female,overall,overall,93.9
2020-01-01,W.P. Kuala Lumpur,P.124 Bandar Tun Razak,male,overall,overall,97.4
2021-01-01,W.P. Kuala Lumpur,P.124 Bandar Tun Razak,both,citizen,overall,183.9
2021-01-01,W.P. Kuala Lumpur,P.124 Bandar Tun Razak,both,noncitizen,overall,5.6
2021-01-01,W.P. Kuala Lumpur,P.124 Bandar Tun Razak,both,overall,overall,189.6
2021-01-01,W.P. Kuala Lumpur,P.124 Bandar Tun Razak,female,overall,overall,93.5
2021-01-01,W.P. Kuala Lumpur,P.124 Bandar Tun Razak,male,overall,overall,96.1
2022-01-01,W.P. Kuala Lumpur,P.124 Bandar Tun Razak,both,citizen,overall,184.0
2022-01-01,W.P. Kuala Lumpur,P.124 Bandar Tun Razak,both,noncitizen,overall,5.3
2022-01-01,W.P. Kuala Lumpur,P.124 Bandar Tun Razak,both,overall,overall,189.3
2022-01-01,W.P. Kuala Lumpur,P.124 Bandar Tun Razak,female,overall,overall,93.7
2022-01-01,W.P. Kuala Lumpur,P.124 Bandar Tun Razak,male,overall,overall,95.6
2023-01-01,W.P. Kuala Lumpur,P.124 Bandar Tun Razak,both,citizen,overall,187.1
2023-01-01,W.P. Kuala Lumpur,P.124 Bandar Tun Razak,both,noncitizen,overall,6.5
2023-01-01,W.P. Kuala Lumpur,P.124 Bandar Tun Razak,both,overall,overall,193.6
2023-01-01,W.P. Kuala Lumpur,P.124 Bandar Tun Razak,female,overall,overall,95.0
2023-01-01,W.P. Kuala Lumpur,P.124 Bandar Tun Razak,male,overall,overall,98.6
2024-01-01,W.P. Kuala Lumpur,P.124 Bandar Tun Razak,both,citizen,overall,191.0
2024-01-01,W.P. Kuala Lumpur,P.124 Bandar Tun Razak,both,noncitizen,overall,8.5
2024-01-01,W.P. Kuala Lumpur,P.124 Bandar Tun Razak,both,overall,overall,199.6
2024-01-01,W.P. Kuala Lumpur,P.124 Bandar Tun Razak,female,overall,overall,96.8
2024-01-01,W.P. Kuala Lumpur,P.124 Bandar Tun Razak,male,overall,overall,102.8
2020-01-01,W.P. Putrajaya,P.125 Putrajaya,both,overall,overall,109.2
2020-01-01,W.P. Putrajaya,P.125 Putrajaya,both,overall,citizen,106.4
2020-01-01,W.P. Putrajaya,P.125 Putrajaya,both,overall,noncitizen,2.8
2020-01-01,W.P. Putrajaya,P.125 Putrajaya,female,overall,overall,55.6
2020-01-01,W.P. Putrajaya,P.125 Putrajaya,male,overall,overall,53.6
2021-01-01,W.P. Putrajaya,P.125 Putrajaya,both,citizen,overall,111.6
2021-01-01,W.P. Putrajaya,P.125 Putrajaya,both,noncitizen,overall,3.7
2021-01-01,W.P. Putrajaya,P.125 Putrajaya,both,overall,overall,115.2
2021-01-01,W.P. Putrajaya,P.125 Putrajaya,female,overall,overall,58.5
2021-01-01,W.P. Putrajaya,P.125 Putrajaya,male,overall,overall,56.7
2022-01-01,W.P. Putrajaya,P.125 Putrajaya,both,citizen,overall,113.3
2022-01-01,W.P. Putrajaya,P.125 Putrajaya,both,noncitizen,overall,3.7
2022-01-01,W.P. Putrajaya,P.125 Putrajaya,both,overall,overall,117.0
2022-01-01,W.P. Putrajaya,P.125 Putrajaya,female,overall,overall,59.4
2022-01-01,W.P. Putrajaya,P.125 Putrajaya,male,overall,overall,57.6
2023-01-01,W.P. Putrajaya,P.125 Putrajaya,both,citizen,overall,114.8
2023-01-01,W.P. Putrajaya,P.125 Putrajaya,both,noncitizen,overall,4.0
2023-01-01,W.P. Putrajaya,P.125 Putrajaya,both,overall,overall,118.8
2023-01-01,W.P. Putrajaya,P.125 Putrajaya,female,overall,overall,60.2
2023-01-01,W.P. Putrajaya,P.125 Putrajaya,male,overall,overall,58.6
2024-01-01,W.P. Putrajaya,P.125 Putrajaya,both,citizen,overall,116.1
2024-01-01,W.P. Putrajaya,P.125 Putrajaya,both,noncitizen,overall,4.1
2024-01-01,W.P. Putrajaya,P.125 Putrajaya,both,overall,overall,120.3
2024-01-01,W.P. Putrajaya,P.125 Putrajaya,female,overall,overall,60.8
2024-01-01,W.P. Putrajaya,P.125 Putrajaya,male,overall,overall,59.4
2020-01-01,Negeri Sembilan,P.126 Jelebu,both,overall,overall,64.2
2020-01-01,Negeri Sembilan,P.126 Jelebu,both,overall,citizen,60.7
2020-01-01,Negeri Sembilan,P.126 Jelebu,both,overall,noncitizen,3.5
2020-01-01,Negeri Sembilan,P.126 Jelebu,female,overall,overall,29.8
2020-01-01,Negeri Sembilan,P.126 Jelebu,male,overall,overall,34.4
2021-01-01,Negeri Sembilan,P.126 Jelebu,both,citizen,overall,61.2
2021-01-01,Negeri Sembilan,P.126 Jelebu,both,noncitizen,overall,3.2
2021-01-01,Negeri Sembilan,P.126 Jelebu,both,overall,overall,64.4
2021-01-01,Negeri Sembilan,P.126 Jelebu,female,overall,overall,30.0
2021-01-01,Negeri Sembilan,P.126 Jelebu,male,overall,overall,34.4
2022-01-01,Negeri Sembilan,P.126 Jelebu,both,citizen,overall,61.7
2022-01-01,Negeri Sembilan,P.126 Jelebu,both,noncitizen,overall,2.9
2022-01-01,Negeri Sembilan,P.126 Jelebu,both,overall,overall,64.7
2022-01-01,Negeri Sembilan,P.126 Jelebu,female,overall,overall,30.2
2022-01-01,Negeri Sembilan,P.126 Jelebu,male,overall,overall,34.4
2023-01-01,Negeri Sembilan,P.126 Jelebu,both,citizen,overall,62.2
2023-01-01,Negeri Sembilan,P.126 Jelebu,both,noncitizen,overall,3.4
2023-01-01,Negeri Sembilan,P.126 Jelebu,both,overall,overall,65.5
2023-01-01,Negeri Sembilan,P.126 Jelebu,female,overall,overall,30.5
2023-01-01,Negeri Sembilan,P.126 Jelebu,male,overall,overall,35.0
2024-01-01,Negeri Sembilan,P.126 Jelebu,both,citizen,overall,62.5
2024-01-01,Negeri Sembilan,P.126 Jelebu,both,noncitizen,overall,3.7
2024-01-01,Negeri Sembilan,P.126 Jelebu,both,overall,overall,66.3
2024-01-01,Negeri Sembilan,P.126 Jelebu,female,overall,overall,30.9
2024-01-01,Negeri Sembilan,P.126 Jelebu,male,overall,overall,35.5
2020-01-01,Negeri Sembilan,P.127 Jempol,both,overall,overall,108.4
2020-01-01,Negeri Sembilan,P.127 Jempol,both,overall,citizen,103.6
2020-01-01,Negeri Sembilan,P.127 Jempol,both,overall,noncitizen,4.8
2020-01-01,Negeri Sembilan,P.127 Jempol,female,overall,overall,52.3
2020-01-01,Negeri Sembilan,P.127 Jempol,male,overall,overall,56.1
2021-01-01,Negeri Sembilan,P.127 Jempol,both,citizen,overall,104.4
2021-01-01,Negeri Sembilan,P.127 Jempol,both,noncitizen,overall,4.4
2021-01-01,Negeri Sembilan,P.127 Jempol,both,overall,overall,108.7
2021-01-01,Negeri Sembilan,P.127 Jempol,female,overall,overall,52.6
2021-01-01,Negeri Sembilan,P.127 Jempol,male,overall,overall,56.1
2022-01-01,Negeri Sembilan,P.127 Jempol,both,citizen,overall,105.0
2022-01-01,Negeri Sembilan,P.127 Jempol,both,noncitizen,overall,4.1
2022-01-01,Negeri Sembilan,P.127 Jempol,both,overall,overall,109.2
2022-01-01,Negeri Sembilan,P.127 Jempol,female,overall,overall,52.9
2022-01-01,Negeri Sembilan,P.127 Jempol,male,overall,overall,56.1
2023-01-01,Negeri Sembilan,P.127 Jempol,both,citizen,overall,106.2
2023-01-01,Negeri Sembilan,P.127 Jempol,both,noncitizen,overall,4.4
2023-01-01,Negeri Sembilan,P.127 Jempol,both,overall,overall,110.6
2023-01-01,Negeri Sembilan,P.127 Jempol,female,overall,overall,53.5
2023-01-01,Negeri Sembilan,P.127 Jempol,male,overall,overall,57.2
2024-01-01,Negeri Sembilan,P.127 Jempol,both,citizen,overall,106.3
2024-01-01,Negeri Sembilan,P.127 Jempol,both,noncitizen,overall,5.6
2024-01-01,Negeri Sembilan,P.127 Jempol,both,overall,overall,112.0
2024-01-01,Negeri Sembilan,P.127 Jempol,female,overall,overall,54.0
2024-01-01,Negeri Sembilan,P.127 Jempol,male,overall,overall,57.8
2020-01-01,Negeri Sembilan,P.128 Seremban,both,overall,overall,272.5
2020-01-01,Negeri Sembilan,P.128 Seremban,both,overall,citizen,249.5
2020-01-01,Negeri Sembilan,P.128 Seremban,both,overall,noncitizen,23.1
2020-01-01,Negeri Sembilan,P.128 Seremban,female,overall,overall,132.0
2020-01-01,Negeri Sembilan,P.128 Seremban,male,overall,overall,140.5
2021-01-01,Negeri Sembilan,P.128 Seremban,both,citizen,overall,252.7
2021-01-01,Negeri Sembilan,P.128 Seremban,both,noncitizen,overall,21.1
2021-01-01,Negeri Sembilan,P.128 Seremban,both,overall,overall,273.4
2021-01-01,Negeri Sembilan,P.128 Seremban,female,overall,overall,133.0
2021-01-01,Negeri Sembilan,P.128 Seremban,male,overall,overall,140.6
2022-01-01,Negeri Sembilan,P.128 Seremban,both,citizen,overall,254.3
2022-01-01,Negeri Sembilan,P.128 Seremban,both,noncitizen,overall,20.1
2022-01-01,Negeri Sembilan,P.128 Seremban,both,overall,overall,274.4
2022-01-01,Negeri Sembilan,P.128 Seremban,female,overall,overall,133.5
2022-01-01,Negeri Sembilan,P.128 Seremban,male,overall,overall,140.7
2023-01-01,Negeri Sembilan,P.128 Seremban,both,citizen,overall,255.1
2023-01-01,Negeri Sembilan,P.128 Seremban,both,noncitizen,overall,23.1
2023-01-01,Negeri Sembilan,P.128 Seremban,both,overall,overall,278.1
2023-01-01,Negeri Sembilan,P.128 Seremban,female,overall,overall,135.1
2023-01-01,Negeri Sembilan,P.128 Seremban,male,overall,overall,143.1
2024-01-01,Negeri Sembilan,P.128 Seremban,both,citizen,overall,256.5
2024-01-01,Negeri Sembilan,P.128 Seremban,both,noncitizen,overall,25.0
2024-01-01,Negeri Sembilan,P.128 Seremban,both,overall,overall,281.3
2024-01-01,Negeri Sembilan,P.128 Seremban,female,overall,overall,136.5
2024-01-01,Negeri Sembilan,P.128 Seremban,male,overall,overall,145.1
2020-01-01,Negeri Sembilan,P.129 Kuala Pilah,both,overall,overall,71.0
2020-01-01,Negeri Sembilan,P.129 Kuala Pilah,both,overall,citizen,69.2
2020-01-01,Negeri Sembilan,P.129 Kuala Pilah,both,overall,noncitizen,1.8
2020-01-01,Negeri Sembilan,P.129 Kuala Pilah,female,overall,overall,34.6
2020-01-01,Negeri Sembilan,P.129 Kuala Pilah,male,overall,overall,36.4
2021-01-01,Negeri Sembilan,P.129 Kuala Pilah,both,citizen,overall,69.7
2021-01-01,Negeri Sembilan,P.129 Kuala Pilah,both,noncitizen,overall,1.6
2021-01-01,Negeri Sembilan,P.129 Kuala Pilah,both,overall,overall,71.4
2021-01-01,Negeri Sembilan,P.129 Kuala Pilah,female,overall,overall,34.8
2021-01-01,Negeri Sembilan,P.129 Kuala Pilah,male,overall,overall,36.4
2022-01-01,Negeri Sembilan,P.129 Kuala Pilah,both,citizen,overall,69.9
2022-01-01,Negeri Sembilan,P.129 Kuala Pilah,both,noncitizen,overall,1.5
2022-01-01,Negeri Sembilan,P.129 Kuala Pilah,both,overall,overall,71.4
2022-01-01,Negeri Sembilan,P.129 Kuala Pilah,female,overall,overall,35.0
2022-01-01,Negeri Sembilan,P.129 Kuala Pilah,male,overall,overall,36.4
2023-01-01,Negeri Sembilan,P.129 Kuala Pilah,both,citizen,overall,70.7
2023-01-01,Negeri Sembilan,P.129 Kuala Pilah,both,noncitizen,overall,1.8
2023-01-01,Negeri Sembilan,P.129 Kuala Pilah,both,overall,overall,72.4
2023-01-01,Negeri Sembilan,P.129 Kuala Pilah,female,overall,overall,35.5
2023-01-01,Negeri Sembilan,P.129 Kuala Pilah,male,overall,overall,37.0
2024-01-01,Negeri Sembilan,P.129 Kuala Pilah,both,citizen,overall,71.4
2024-01-01,Negeri Sembilan,P.129 Kuala Pilah,both,noncitizen,overall,1.9
2024-01-01,Negeri Sembilan,P.129 Kuala Pilah,both,overall,overall,73.3
2024-01-01,Negeri Sembilan,P.129 Kuala Pilah,female,overall,overall,35.8
2024-01-01,Negeri Sembilan,P.129 Kuala Pilah,male,overall,overall,37.5
2020-01-01,Negeri Sembilan,P.130 Rasah,both,overall,overall,256.6
2020-01-01,Negeri Sembilan,P.130 Rasah,both,overall,citizen,243.6
2020-01-01,Negeri Sembilan,P.130 Rasah,both,overall,noncitizen,13.0
2020-01-01,Negeri Sembilan,P.130 Rasah,female,overall,overall,125.0
2020-01-01,Negeri Sembilan,P.130 Rasah,male,overall,overall,131.5
2021-01-01,Negeri Sembilan,P.130 Rasah,both,citizen,overall,245.8
2021-01-01,Negeri Sembilan,P.130 Rasah,both,noncitizen,overall,11.7
2021-01-01,Negeri Sembilan,P.130 Rasah,both,overall,overall,257.4
2021-01-01,Negeri Sembilan,P.130 Rasah,female,overall,overall,126.0
2021-01-01,Negeri Sembilan,P.130 Rasah,male,overall,overall,131.6
2022-01-01,Negeri Sembilan,P.130 Rasah,both,citizen,overall,247.3
2022-01-01,Negeri Sembilan,P.130 Rasah,both,noncitizen,overall,11.1
2022-01-01,Negeri Sembilan,P.130 Rasah,both,overall,overall,258.3
2022-01-01,Negeri Sembilan,P.130 Rasah,female,overall,overall,126.5
2022-01-01,Negeri Sembilan,P.130 Rasah,male,overall,overall,131.7
2023-01-01,Negeri Sembilan,P.130 Rasah,both,citizen,overall,249.0
2023-01-01,Negeri Sembilan,P.130 Rasah,both,noncitizen,overall,12.8
2023-01-01,Negeri Sembilan,P.130 Rasah,both,overall,overall,261.9
2023-01-01,Negeri Sembilan,P.130 Rasah,female,overall,overall,128.0
2023-01-01,Negeri Sembilan,P.130 Rasah,male,overall,overall,134.0
2024-01-01,Negeri Sembilan,P.130 Rasah,both,citizen,overall,250.8
2024-01-01,Negeri Sembilan,P.130 Rasah,both,noncitizen,overall,14.2
2024-01-01,Negeri Sembilan,P.130 Rasah,both,overall,overall,265.0
2024-01-01,Negeri Sembilan,P.130 Rasah,female,overall,overall,129.3
2024-01-01,Negeri Sembilan,P.130 Rasah,male,overall,overall,135.8
2020-01-01,Negeri Sembilan,P.131 Rembau,both,overall,overall,210.2
2020-01-01,Negeri Sembilan,P.131 Rembau,both,overall,citizen,199.5
2020-01-01,Negeri Sembilan,P.131 Rembau,both,overall,noncitizen,10.7
2020-01-01,Negeri Sembilan,P.131 Rembau,female,overall,overall,100.3
2020-01-01,Negeri Sembilan,P.131 Rembau,male,overall,overall,109.9
2021-01-01,Negeri Sembilan,P.131 Rembau,both,citizen,overall,201.3
2021-01-01,Negeri Sembilan,P.131 Rembau,both,noncitizen,overall,9.7
2021-01-01,Negeri Sembilan,P.131 Rembau,both,overall,overall,210.9
2021-01-01,Negeri Sembilan,P.131 Rembau,female,overall,overall,101.1
2021-01-01,Negeri Sembilan,P.131 Rembau,male,overall,overall,110.0
2022-01-01,Negeri Sembilan,P.131 Rembau,both,citizen,overall,202.5
2022-01-01,Negeri Sembilan,P.131 Rembau,both,noncitizen,overall,9.1
2022-01-01,Negeri Sembilan,P.131 Rembau,both,overall,overall,211.6
2022-01-01,Negeri Sembilan,P.131 Rembau,female,overall,overall,101.5
2022-01-01,Negeri Sembilan,P.131 Rembau,male,overall,overall,110.1
2023-01-01,Negeri Sembilan,P.131 Rembau,both,citizen,overall,204.0
2023-01-01,Negeri Sembilan,P.131 Rembau,both,noncitizen,overall,10.6
2023-01-01,Negeri Sembilan,P.131 Rembau,both,overall,overall,214.6
2023-01-01,Negeri Sembilan,P.131 Rembau,female,overall,overall,102.7
2023-01-01,Negeri Sembilan,P.131 Rembau,male,overall,overall,111.9
2024-01-01,Negeri Sembilan,P.131 Rembau,both,citizen,overall,205.4
2024-01-01,Negeri Sembilan,P.131 Rembau,both,noncitizen,overall,11.6
2024-01-01,Negeri Sembilan,P.131 Rembau,both,overall,overall,217.1
2024-01-01,Negeri Sembilan,P.131 Rembau,female,overall,overall,103.8
2024-01-01,Negeri Sembilan,P.131 Rembau,male,overall,overall,113.4
2020-01-01,Negeri Sembilan,P.132 Port Dickson,both,overall,overall,129.0
2020-01-01,Negeri Sembilan,P.132 Port Dickson,both,overall,citizen,122.8
2020-01-01,Negeri Sembilan,P.132 Port Dickson,both,overall,noncitizen,6.1
2020-01-01,Negeri Sembilan,P.132 Port Dickson,female,overall,overall,60.5
2020-01-01,Negeri Sembilan,P.132 Port Dickson,male,overall,overall,68.4
2021-01-01,Negeri Sembilan,P.132 Port Dickson,both,citizen,overall,123.9
2021-01-01,Negeri Sembilan,P.132 Port Dickson,both,noncitizen,overall,5.4
2021-01-01,Negeri Sembilan,P.132 Port Dickson,both,overall,overall,129.3
2021-01-01,Negeri Sembilan,P.132 Port Dickson,female,overall,overall,61.0
2021-01-01,Negeri Sembilan,P.132 Port Dickson,male,overall,overall,68.4
2022-01-01,Negeri Sembilan,P.132 Port Dickson,both,citizen,overall,124.7
2022-01-01,Negeri Sembilan,P.132 Port Dickson,both,noncitizen,overall,5.2
2022-01-01,Negeri Sembilan,P.132 Port Dickson,both,overall,overall,129.8
2022-01-01,Negeri Sembilan,P.132 Port Dickson,female,overall,overall,61.2
2022-01-01,Negeri Sembilan,P.132 Port Dickson,male,overall,overall,68.5
2023-01-01,Negeri Sembilan,P.132 Port Dickson,both,citizen,overall,125.6
2023-01-01,Negeri Sembilan,P.132 Port Dickson,both,noncitizen,overall,6.0
2023-01-01,Negeri Sembilan,P.132 Port Dickson,both,overall,overall,131.6
2023-01-01,Negeri Sembilan,P.132 Port Dickson,female,overall,overall,61.9
2023-01-01,Negeri Sembilan,P.132 Port Dickson,male,overall,overall,69.6
2024-01-01,Negeri Sembilan,P.132 Port Dickson,both,citizen,overall,126.4
2024-01-01,Negeri Sembilan,P.132 Port Dickson,both,noncitizen,overall,6.8
2024-01-01,Negeri Sembilan,P.132 Port Dickson,both,overall,overall,133.1
2024-01-01,Negeri Sembilan,P.132 Port Dickson,female,overall,overall,62.7
2024-01-01,Negeri Sembilan,P.132 Port Dickson,male,overall,overall,70.7
2020-01-01,Negeri Sembilan,P.133 Tampin,both,overall,overall,88.1
2020-01-01,Negeri Sembilan,P.133 Tampin,both,overall,citizen,83.3
2020-01-01,Negeri Sembilan,P.133 Tampin,both,overall,noncitizen,4.8
2020-01-01,Negeri Sembilan,P.133 Tampin,female,overall,overall,41.3
2020-01-01,Negeri Sembilan,P.133 Tampin,male,overall,overall,46.8
2021-01-01,Negeri Sembilan,P.133 Tampin,both,citizen,overall,84.0
2021-01-01,Negeri Sembilan,P.133 Tampin,both,noncitizen,overall,4.4
2021-01-01,Negeri Sembilan,P.133 Tampin,both,overall,overall,88.4
2021-01-01,Negeri Sembilan,P.133 Tampin,female,overall,overall,41.6
2021-01-01,Negeri Sembilan,P.133 Tampin,male,overall,overall,46.8
2022-01-01,Negeri Sembilan,P.133 Tampin,both,citizen,overall,84.6
2022-01-01,Negeri Sembilan,P.133 Tampin,both,noncitizen,overall,4.1
2022-01-01,Negeri Sembilan,P.133 Tampin,both,overall,overall,88.7
2022-01-01,Negeri Sembilan,P.133 Tampin,female,overall,overall,41.8
2022-01-01,Negeri Sembilan,P.133 Tampin,male,overall,overall,46.9
2023-01-01,Negeri Sembilan,P.133 Tampin,both,citizen,overall,85.2
2023-01-01,Negeri Sembilan,P.133 Tampin,both,noncitizen,overall,4.8
2023-01-01,Negeri Sembilan,P.133 Tampin,both,overall,overall,89.9
2023-01-01,Negeri Sembilan,P.133 Tampin,female,overall,overall,42.3
2023-01-01,Negeri Sembilan,P.133 Tampin,male,overall,overall,47.7
2024-01-01,Negeri Sembilan,P.133 Tampin,both,citizen,overall,85.5
2024-01-01,Negeri Sembilan,P.133 Tampin,both,noncitizen,overall,5.5
2024-01-01,Negeri Sembilan,P.133 Tampin,both,overall,overall,91.0
2024-01-01,Negeri Sembilan,P.133 Tampin,female,overall,overall,42.8
2024-01-01,Negeri Sembilan,P.133 Tampin,male,overall,overall,48.3
2020-01-01,Melaka,P.134 Masjid Tanah,both,overall,overall,95.7
2020-01-01,Melaka,P.134 Masjid Tanah,both,overall,citizen,90.5
2020-01-01,Melaka,P.134 Masjid Tanah,both,overall,noncitizen,5.2
2020-01-01,Melaka,P.134 Masjid Tanah,female,overall,overall,47.3
2020-01-01,Melaka,P.134 Masjid Tanah,male,overall,overall,48.4
2021-01-01,Melaka,P.134 Masjid Tanah,both,citizen,overall,91.3
2021-01-01,Melaka,P.134 Masjid Tanah,both,noncitizen,overall,5.0
2021-01-01,Melaka,P.134 Masjid Tanah,both,overall,overall,96.3
2021-01-01,Melaka,P.134 Masjid Tanah,female,overall,overall,47.6
2021-01-01,Melaka,P.134 Masjid Tanah,male,overall,overall,48.6
2022-01-01,Melaka,P.134 Masjid Tanah,both,citizen,overall,91.8
2022-01-01,Melaka,P.134 Masjid Tanah,both,noncitizen,overall,4.8
2022-01-01,Melaka,P.134 Masjid Tanah,both,overall,overall,96.7
2022-01-01,Melaka,P.134 Masjid Tanah,female,overall,overall,47.9
2022-01-01,Melaka,P.134 Masjid Tanah,male,overall,overall,48.8
2023-01-01,Melaka,P.134 Masjid Tanah,both,citizen,overall,92.7
2023-01-01,Melaka,P.134 Masjid Tanah,both,noncitizen,overall,5.8
2023-01-01,Melaka,P.134 Masjid Tanah,both,overall,overall,98.5
2023-01-01,Melaka,P.134 Masjid Tanah,female,overall,overall,48.6
2023-01-01,Melaka,P.134 Masjid Tanah,male,overall,overall,49.9
2024-01-01,Melaka,P.134 Masjid Tanah,both,citizen,overall,94.0
2024-01-01,Melaka,P.134 Masjid Tanah,both,noncitizen,overall,6.5
2024-01-01,Melaka,P.134 Masjid Tanah,both,overall,overall,100.3
2024-01-01,Melaka,P.134 Masjid Tanah,female,overall,overall,49.2
2024-01-01,Melaka,P.134 Masjid Tanah,male,overall,overall,51.1
2020-01-01,Melaka,P.135 Alor Gajah,both,overall,overall,171.1
2020-01-01,Melaka,P.135 Alor Gajah,both,overall,citizen,155.8
2020-01-01,Melaka,P.135 Alor Gajah,both,overall,noncitizen,15.2
2020-01-01,Melaka,P.135 Alor Gajah,female,overall,overall,81.2
2020-01-01,Melaka,P.135 Alor Gajah,male,overall,overall,89.9
2021-01-01,Melaka,P.135 Alor Gajah,both,citizen,overall,157.2
2021-01-01,Melaka,P.135 Alor Gajah,both,noncitizen,overall,14.8
2021-01-01,Melaka,P.135 Alor Gajah,both,overall,overall,172.1
2021-01-01,Melaka,P.135 Alor Gajah,female,overall,overall,81.8
2021-01-01,Melaka,P.135 Alor Gajah,male,overall,overall,90.3
2022-01-01,Melaka,P.135 Alor Gajah,both,citizen,overall,158.3
2022-01-01,Melaka,P.135 Alor Gajah,both,noncitizen,overall,14.5
2022-01-01,Melaka,P.135 Alor Gajah,both,overall,overall,172.8
2022-01-01,Melaka,P.135 Alor Gajah,female,overall,overall,82.3
2022-01-01,Melaka,P.135 Alor Gajah,male,overall,overall,90.5
2023-01-01,Melaka,P.135 Alor Gajah,both,citizen,overall,159.1
2023-01-01,Melaka,P.135 Alor Gajah,both,noncitizen,overall,17.1
2023-01-01,Melaka,P.135 Alor Gajah,both,overall,overall,176.2
2023-01-01,Melaka,P.135 Alor Gajah,female,overall,overall,83.5
2023-01-01,Melaka,P.135 Alor Gajah,male,overall,overall,92.8
2024-01-01,Melaka,P.135 Alor Gajah,both,citizen,overall,159.6
2024-01-01,Melaka,P.135 Alor Gajah,both,noncitizen,overall,19.6
2024-01-01,Melaka,P.135 Alor Gajah,both,overall,overall,179.3
2024-01-01,Melaka,P.135 Alor Gajah,female,overall,overall,84.4
2024-01-01,Melaka,P.135 Alor Gajah,male,overall,overall,94.9
2020-01-01,Melaka,P.136 Tangga Batu,both,overall,overall,198.0
2020-01-01,Melaka,P.136 Tangga Batu,both,overall,citizen,188.0
2020-01-01,Melaka,P.136 Tangga Batu,both,overall,noncitizen,10.1
2020-01-01,Melaka,P.136 Tangga Batu,female,overall,overall,92.3
2020-01-01,Melaka,P.136 Tangga Batu,male,overall,overall,105.8
2021-01-01,Melaka,P.136 Tangga Batu,both,citizen,overall,189.5
2021-01-01,Melaka,P.136 Tangga Batu,both,noncitizen,overall,9.7
2021-01-01,Melaka,P.136 Tangga Batu,both,overall,overall,199.2
2021-01-01,Melaka,P.136 Tangga Batu,female,overall,overall,93.0
2021-01-01,Melaka,P.136 Tangga Batu,male,overall,overall,106.4
2022-01-01,Melaka,P.136 Tangga Batu,both,citizen,overall,190.6
2022-01-01,Melaka,P.136 Tangga Batu,both,noncitizen,overall,9.5
2022-01-01,Melaka,P.136 Tangga Batu,both,overall,overall,200.1
2022-01-01,Melaka,P.136 Tangga Batu,female,overall,overall,93.5
2022-01-01,Melaka,P.136 Tangga Batu,male,overall,overall,106.5
2023-01-01,Melaka,P.136 Tangga Batu,both,citizen,overall,192.9
2023-01-01,Melaka,P.136 Tangga Batu,both,noncitizen,overall,11.0
2023-01-01,Melaka,P.136 Tangga Batu,both,overall,overall,203.9
2023-01-01,Melaka,P.136 Tangga Batu,female,overall,overall,94.8
2023-01-01,Melaka,P.136 Tangga Batu,male,overall,overall,109.2
2024-01-01,Melaka,P.136 Tangga Batu,both,citizen,overall,194.4
2024-01-01,Melaka,P.136 Tangga Batu,both,noncitizen,overall,13.2
2024-01-01,Melaka,P.136 Tangga Batu,both,overall,overall,207.6
2024-01-01,Melaka,P.136 Tangga Batu,female,overall,overall,96.0
2024-01-01,Melaka,P.136 Tangga Batu,male,overall,overall,111.7
2020-01-01,Melaka,P.137 Hang Tuah Jaya,both,overall,overall,183.7
2020-01-01,Melaka,P.137 Hang Tuah Jaya,both,overall,citizen,169.4
2020-01-01,Melaka,P.137 Hang Tuah Jaya,both,overall,noncitizen,14.3
2020-01-01,Melaka,P.137 Hang Tuah Jaya,female,overall,overall,87.8
2020-01-01,Melaka,P.137 Hang Tuah Jaya,male,overall,overall,95.9
2021-01-01,Melaka,P.137 Hang Tuah Jaya,both,citizen,overall,170.9
2021-01-01,Melaka,P.137 Hang Tuah Jaya,both,noncitizen,overall,14.1
2021-01-01,Melaka,P.137 Hang Tuah Jaya,both,overall,overall,184.8
2021-01-01,Melaka,P.137 Hang Tuah Jaya,female,overall,overall,88.4
2021-01-01,Melaka,P.137 Hang Tuah Jaya,male,overall,overall,96.4
2022-01-01,Melaka,P.137 Hang Tuah Jaya,both,citizen,overall,171.9
2022-01-01,Melaka,P.137 Hang Tuah Jaya,both,noncitizen,overall,13.7
2022-01-01,Melaka,P.137 Hang Tuah Jaya,both,overall,overall,185.6
2022-01-01,Melaka,P.137 Hang Tuah Jaya,female,overall,overall,88.9
2022-01-01,Melaka,P.137 Hang Tuah Jaya,male,overall,overall,96.7
2023-01-01,Melaka,P.137 Hang Tuah Jaya,both,citizen,overall,173.1
2023-01-01,Melaka,P.137 Hang Tuah Jaya,both,noncitizen,overall,16.1
2023-01-01,Melaka,P.137 Hang Tuah Jaya,both,overall,overall,189.1
2023-01-01,Melaka,P.137 Hang Tuah Jaya,female,overall,overall,90.1
2023-01-01,Melaka,P.137 Hang Tuah Jaya,male,overall,overall,99.0
2024-01-01,Melaka,P.137 Hang Tuah Jaya,both,citizen,overall,174.0
2024-01-01,Melaka,P.137 Hang Tuah Jaya,both,noncitizen,overall,18.7
2024-01-01,Melaka,P.137 Hang Tuah Jaya,both,overall,overall,192.6
2024-01-01,Melaka,P.137 Hang Tuah Jaya,female,overall,overall,91.2
2024-01-01,Melaka,P.137 Hang Tuah Jaya,male,overall,overall,101.3
2020-01-01,Melaka,P.138 Kota Melaka,both,overall,overall,215.4
2020-01-01,Melaka,P.138 Kota Melaka,both,overall,citizen,200.1
2020-01-01,Melaka,P.138 Kota Melaka,both,overall,noncitizen,15.3
2020-01-01,Melaka,P.138 Kota Melaka,female,overall,overall,102.7
2020-01-01,Melaka,P.138 Kota Melaka,male,overall,overall,112.7
2021-01-01,Melaka,P.138 Kota Melaka,both,citizen,overall,201.7
2021-01-01,Melaka,P.138 Kota Melaka,both,noncitizen,overall,15.0
2021-01-01,Melaka,P.138 Kota Melaka,both,overall,overall,216.8
2021-01-01,Melaka,P.138 Kota Melaka,female,overall,overall,103.4
2021-01-01,Melaka,P.138 Kota Melaka,male,overall,overall,113.1
2022-01-01,Melaka,P.138 Kota Melaka,both,citizen,overall,203.0
2022-01-01,Melaka,P.138 Kota Melaka,both,noncitizen,overall,14.6
2022-01-01,Melaka,P.138 Kota Melaka,both,overall,overall,217.6
2022-01-01,Melaka,P.138 Kota Melaka,female,overall,overall,103.9
2022-01-01,Melaka,P.138 Kota Melaka,male,overall,overall,113.7
2023-01-01,Melaka,P.138 Kota Melaka,both,citizen,overall,204.0
2023-01-01,Melaka,P.138 Kota Melaka,both,noncitizen,overall,17.7
2023-01-01,Melaka,P.138 Kota Melaka,both,overall,overall,221.8
2023-01-01,Melaka,P.138 Kota Melaka,female,overall,overall,105.5
2023-01-01,Melaka,P.138 Kota Melaka,male,overall,overall,116.4
2024-01-01,Melaka,P.138 Kota Melaka,both,citizen,overall,206.0
2024-01-01,Melaka,P.138 Kota Melaka,both,noncitizen,overall,20.0
2024-01-01,Melaka,P.138 Kota Melaka,both,overall,overall,225.9
2024-01-01,Melaka,P.138 Kota Melaka,female,overall,overall,106.8
2024-01-01,Melaka,P.138 Kota Melaka,male,overall,overall,119.1
2020-01-01,Melaka,P.139 Jasin,both,overall,overall,134.5
2020-01-01,Melaka,P.139 Jasin,both,overall,citizen,123.5
2020-01-01,Melaka,P.139 Jasin,both,overall,noncitizen,11.0
2020-01-01,Melaka,P.139 Jasin,female,overall,overall,62.3
2020-01-01,Melaka,P.139 Jasin,male,overall,overall,72.3
2021-01-01,Melaka,P.139 Jasin,both,citizen,overall,124.8
2021-01-01,Melaka,P.139 Jasin,both,noncitizen,overall,10.6
2021-01-01,Melaka,P.139 Jasin,both,overall,overall,135.3
2021-01-01,Melaka,P.139 Jasin,female,overall,overall,62.7
2021-01-01,Melaka,P.139 Jasin,male,overall,overall,72.6
2022-01-01,Melaka,P.139 Jasin,both,citizen,overall,125.4
2022-01-01,Melaka,P.139 Jasin,both,noncitizen,overall,10.5
2022-01-01,Melaka,P.139 Jasin,both,overall,overall,135.9
2022-01-01,Melaka,P.139 Jasin,female,overall,overall,63.1
2022-01-01,Melaka,P.139 Jasin,male,overall,overall,72.7
2023-01-01,Melaka,P.139 Jasin,both,citizen,overall,126.4
2023-01-01,Melaka,P.139 Jasin,both,noncitizen,overall,12.1
2023-01-01,Melaka,P.139 Jasin,both,overall,overall,138.5
2023-01-01,Melaka,P.139 Jasin,female,overall,overall,63.9
2023-01-01,Melaka,P.139 Jasin,male,overall,overall,74.5
2024-01-01,Melaka,P.139 Jasin,both,citizen,overall,126.8
2024-01-01,Melaka,P.139 Jasin,both,noncitizen,overall,14.2
2024-01-01,Melaka,P.139 Jasin,both,overall,overall,141.0
2024-01-01,Melaka,P.139 Jasin,female,overall,overall,64.8
2024-01-01,Melaka,P.139 Jasin,male,overall,overall,76.3
2020-01-01,Johor,P.140 Segamat,both,overall,overall,76.0
2020-01-01,Johor,P.140 Segamat,both,overall,citizen,71.2
2020-01-01,Johor,P.140 Segamat,both,overall,noncitizen,4.8
2020-01-01,Johor,P.140 Segamat,female,overall,overall,36.6
2020-01-01,Johor,P.140 Segamat,male,overall,overall,39.4
2021-01-01,Johor,P.140 Segamat,both,citizen,overall,71.7
2021-01-01,Johor,P.140 Segamat,both,noncitizen,overall,4.5
2021-01-01,Johor,P.140 Segamat,both,overall,overall,76.2
2021-01-01,Johor,P.140 Segamat,female,overall,overall,36.8
2021-01-01,Johor,P.140 Segamat,male,overall,overall,39.3
2022-01-01,Johor,P.140 Segamat,both,citizen,overall,72.0
2022-01-01,Johor,P.140 Segamat,both,noncitizen,overall,4.3
2022-01-01,Johor,P.140 Segamat,both,overall,overall,76.4
2022-01-01,Johor,P.140 Segamat,female,overall,overall,37.1
2022-01-01,Johor,P.140 Segamat,male,overall,overall,39.3
2023-01-01,Johor,P.140 Segamat,both,citizen,overall,72.8
2023-01-01,Johor,P.140 Segamat,both,noncitizen,overall,5.1
2023-01-01,Johor,P.140 Segamat,both,overall,overall,77.8
2023-01-01,Johor,P.140 Segamat,female,overall,overall,37.6
2023-01-01,Johor,P.140 Segamat,male,overall,overall,40.4
2024-01-01,Johor,P.140 Segamat,both,citizen,overall,73.0
2024-01-01,Johor,P.140 Segamat,both,noncitizen,overall,6.2
2024-01-01,Johor,P.140 Segamat,both,overall,overall,79.3
2024-01-01,Johor,P.140 Segamat,female,overall,overall,37.9
2024-01-01,Johor,P.140 Segamat,male,overall,overall,41.3
2020-01-01,Johor,P.141 Sekijang,both,overall,overall,79.3
2020-01-01,Johor,P.141 Sekijang,both,overall,citizen,75.9
2020-01-01,Johor,P.141 Sekijang,both,overall,noncitizen,3.5
2020-01-01,Johor,P.141 Sekijang,female,overall,overall,38.2
2020-01-01,Johor,P.141 Sekijang,male,overall,overall,41.1
2021-01-01,Johor,P.141 Sekijang,both,citizen,overall,76.3
2021-01-01,Johor,P.141 Sekijang,both,noncitizen,overall,3.2
2021-01-01,Johor,P.141 Sekijang,both,overall,overall,79.6
2021-01-01,Johor,P.141 Sekijang,female,overall,overall,38.5
2021-01-01,Johor,P.141 Sekijang,male,overall,overall,41.0
2022-01-01,Johor,P.141 Sekijang,both,citizen,overall,76.6
2022-01-01,Johor,P.141 Sekijang,both,noncitizen,overall,3.1
2022-01-01,Johor,P.141 Sekijang,both,overall,overall,79.8
2022-01-01,Johor,P.141 Sekijang,female,overall,overall,38.7
2022-01-01,Johor,P.141 Sekijang,male,overall,overall,41.0
2023-01-01,Johor,P.141 Sekijang,both,citizen,overall,77.6
2023-01-01,Johor,P.141 Sekijang,both,noncitizen,overall,3.6
2023-01-01,Johor,P.141 Sekijang,both,overall,overall,81.3
2023-01-01,Johor,P.141 Sekijang,female,overall,overall,39.2
2023-01-01,Johor,P.141 Sekijang,male,overall,overall,42.1
2024-01-01,Johor,P.141 Sekijang,both,citizen,overall,78.6
2024-01-01,Johor,P.141 Sekijang,both,noncitizen,overall,4.2
2024-01-01,Johor,P.141 Sekijang,both,overall,overall,82.8
2024-01-01,Johor,P.141 Sekijang,female,overall,overall,39.6
2024-01-01,Johor,P.141 Sekijang,male,overall,overall,43.1
2020-01-01,Johor,P.142 Labis,both,overall,overall,42.4
2020-01-01,Johor,P.142 Labis,both,overall,citizen,39.0
2020-01-01,Johor,P.142 Labis,both,overall,noncitizen,3.4
2020-01-01,Johor,P.142 Labis,female,overall,overall,19.7
2020-01-01,Johor,P.142 Labis,male,overall,overall,22.7
2021-01-01,Johor,P.142 Labis,both,citizen,overall,39.3
2021-01-01,Johor,P.142 Labis,both,noncitizen,overall,3.2
2021-01-01,Johor,P.142 Labis,both,overall,overall,42.5
2021-01-01,Johor,P.142 Labis,female,overall,overall,19.8
2021-01-01,Johor,P.142 Labis,male,overall,overall,22.7
2022-01-01,Johor,P.142 Labis,both,citizen,overall,39.5
2022-01-01,Johor,P.142 Labis,both,noncitizen,overall,3.0
2022-01-01,Johor,P.142 Labis,both,overall,overall,42.6
2022-01-01,Johor,P.142 Labis,female,overall,overall,19.9
2022-01-01,Johor,P.142 Labis,male,overall,overall,22.7
2023-01-01,Johor,P.142 Labis,both,citizen,overall,39.8
2023-01-01,Johor,P.142 Labis,both,noncitizen,overall,3.6
2023-01-01,Johor,P.142 Labis,both,overall,overall,43.5
2023-01-01,Johor,P.142 Labis,female,overall,overall,20.2
2023-01-01,Johor,P.142 Labis,male,overall,overall,23.2
2024-01-01,Johor,P.142 Labis,both,citizen,overall,40.2
2024-01-01,Johor,P.142 Labis,both,noncitizen,overall,4.1
2024-01-01,Johor,P.142 Labis,both,overall,overall,44.3
2024-01-01,Johor,P.142 Labis,female,overall,overall,20.4
2024-01-01,Johor,P.142 Labis,male,overall,overall,23.8
2020-01-01,Johor,P.143 Pagoh,both,overall,overall,95.2
2020-01-01,Johor,P.143 Pagoh,both,overall,citizen,83.7
2020-01-01,Johor,P.143 Pagoh,both,overall,noncitizen,11.5
2020-01-01,Johor,P.143 Pagoh,female,overall,overall,41.9
2020-01-01,Johor,P.143 Pagoh,male,overall,overall,53.3
2021-01-01,Johor,P.143 Pagoh,both,citizen,overall,84.7
2021-01-01,Johor,P.143 Pagoh,both,noncitizen,overall,10.8
2021-01-01,Johor,P.143 Pagoh,both,overall,overall,95.5
2021-01-01,Johor,P.143 Pagoh,female,overall,overall,42.2
2021-01-01,Johor,P.143 Pagoh,male,overall,overall,53.2
2022-01-01,Johor,P.143 Pagoh,both,citizen,overall,85.2
2022-01-01,Johor,P.143 Pagoh,both,noncitizen,overall,10.4
2022-01-01,Johor,P.143 Pagoh,both,overall,overall,95.6
2022-01-01,Johor,P.143 Pagoh,female,overall,overall,42.4
2022-01-01,Johor,P.143 Pagoh,male,overall,overall,53.2
2023-01-01,Johor,P.143 Pagoh,both,citizen,overall,85.3
2023-01-01,Johor,P.143 Pagoh,both,noncitizen,overall,12.2
2023-01-01,Johor,P.143 Pagoh,both,overall,overall,97.5
2023-01-01,Johor,P.143 Pagoh,female,overall,overall,42.9
2023-01-01,Johor,P.143 Pagoh,male,overall,overall,54.6
2024-01-01,Johor,P.143 Pagoh,both,citizen,overall,85.9
2024-01-01,Johor,P.143 Pagoh,both,noncitizen,overall,13.5
2024-01-01,Johor,P.143 Pagoh,both,overall,overall,99.4
2024-01-01,Johor,P.143 Pagoh,female,overall,overall,43.4
2024-01-01,Johor,P.143 Pagoh,male,overall,overall,55.9
2020-01-01,Johor,P.144 Ledang,both,overall,overall,147.6
2020-01-01,Johor,P.144 Ledang,both,overall,citizen,141.2
2020-01-01,Johor,P.144 Ledang,both,overall,noncitizen,6.4
2020-01-01,Johor,P.144 Ledang,female,overall,overall,71.3
2020-01-01,Johor,P.144 Ledang,male,overall,overall,76.3
2021-01-01,Johor,P.144 Ledang,both,citizen,overall,142.0
2021-01-01,Johor,P.144 Ledang,both,noncitizen,overall,5.9
2021-01-01,Johor,P.144 Ledang,both,overall,overall,147.9
2021-01-01,Johor,P.144 Ledang,female,overall,overall,71.8
2021-01-01,Johor,P.144 Ledang,male,overall,overall,76.2
2022-01-01,Johor,P.144 Ledang,both,citizen,overall,142.6
2022-01-01,Johor,P.144 Ledang,both,noncitizen,overall,5.7
2022-01-01,Johor,P.144 Ledang,both,overall,overall,148.2
2022-01-01,Johor,P.144 Ledang,female,overall,overall,72.1
2022-01-01,Johor,P.144 Ledang,male,overall,overall,76.2
2023-01-01,Johor,P.144 Ledang,both,citizen,overall,144.5
2023-01-01,Johor,P.144 Ledang,both,noncitizen,overall,6.7
2023-01-01,Johor,P.144 Ledang,both,overall,overall,151.2
2023-01-01,Johor,P.144 Ledang,female,overall,overall,73.1
2023-01-01,Johor,P.144 Ledang,male,overall,overall,78.1
2024-01-01,Johor,P.144 Ledang,both,citizen,overall,146.3
2024-01-01,Johor,P.144 Ledang,both,noncitizen,overall,7.7
2024-01-01,Johor,P.144 Ledang,both,overall,overall,154.1
2024-01-01,Johor,P.144 Ledang,female,overall,overall,73.9
2024-01-01,Johor,P.144 Ledang,male,overall,overall,80.0
2020-01-01,Johor,P.145 Bakri,both,overall,overall,135.2
2020-01-01,Johor,P.145 Bakri,both,overall,citizen,118.9
2020-01-01,Johor,P.145 Bakri,both,overall,noncitizen,16.3
2020-01-01,Johor,P.145 Bakri,female,overall,overall,59.7
2020-01-01,Johor,P.145 Bakri,male,overall,overall,75.4
2021-01-01,Johor,P.145 Bakri,both,citizen,overall,120.2
2021-01-01,Johor,P.145 Bakri,both,noncitizen,overall,15.3
2021-01-01,Johor,P.145 Bakri,both,overall,overall,135.5
2021-01-01,Johor,P.145 Bakri,female,overall,overall,60.2
2021-01-01,Johor,P.145 Bakri,male,overall,overall,75.3
2022-01-01,Johor,P.145 Bakri,both,citizen,overall,121.0
2022-01-01,Johor,P.145 Bakri,both,noncitizen,overall,14.9
2022-01-01,Johor,P.145 Bakri,both,overall,overall,135.9
2022-01-01,Johor,P.145 Bakri,female,overall,overall,60.5
2022-01-01,Johor,P.145 Bakri,male,overall,overall,75.3
2023-01-01,Johor,P.145 Bakri,both,citizen,overall,121.1
2023-01-01,Johor,P.145 Bakri,both,noncitizen,overall,17.2
2023-01-01,Johor,P.145 Bakri,both,overall,overall,138.5
2023-01-01,Johor,P.145 Bakri,female,overall,overall,61.3
2023-01-01,Johor,P.145 Bakri,male,overall,overall,77.2
2024-01-01,Johor,P.145 Bakri,both,citizen,overall,121.4
2024-01-01,Johor,P.145 Bakri,both,noncitizen,overall,19.7
2024-01-01,Johor,P.145 Bakri,both,overall,overall,141.1
2024-01-01,Johor,P.145 Bakri,female,overall,overall,62.0
2024-01-01,Johor,P.145 Bakri,male,overall,overall,79.2
2020-01-01,Johor,P.146 Muar,both,overall,overall,100.3
2020-01-01,Johor,P.146 Muar,both,overall,citizen,92.6
2020-01-01,Johor,P.146 Muar,both,overall,noncitizen,7.7
2020-01-01,Johor,P.146 Muar,female,overall,overall,46.8
2020-01-01,Johor,P.146 Muar,male,overall,overall,53.5
2021-01-01,Johor,P.146 Muar,both,citizen,overall,93.3
2021-01-01,Johor,P.146 Muar,both,noncitizen,overall,7.2
2021-01-01,Johor,P.146 Muar,both,overall,overall,100.5
2021-01-01,Johor,P.146 Muar,female,overall,overall,47.1
2021-01-01,Johor,P.146 Muar,male,overall,overall,53.4
2022-01-01,Johor,P.146 Muar,both,citizen,overall,93.8
2022-01-01,Johor,P.146 Muar,both,noncitizen,overall,6.9
2022-01-01,Johor,P.146 Muar,both,overall,overall,100.7
2022-01-01,Johor,P.146 Muar,female,overall,overall,47.4
2022-01-01,Johor,P.146 Muar,male,overall,overall,53.3
2023-01-01,Johor,P.146 Muar,both,citizen,overall,94.6
2023-01-01,Johor,P.146 Muar,both,noncitizen,overall,8.1
2023-01-01,Johor,P.146 Muar,both,overall,overall,102.7
2023-01-01,Johor,P.146 Muar,female,overall,overall,48.0
2023-01-01,Johor,P.146 Muar,male,overall,overall,54.7
2024-01-01,Johor,P.146 Muar,both,citizen,overall,95.5
2024-01-01,Johor,P.146 Muar,both,noncitizen,overall,9.2
2024-01-01,Johor,P.146 Muar,both,overall,overall,104.7
2024-01-01,Johor,P.146 Muar,female,overall,overall,48.5
2024-01-01,Johor,P.146 Muar,male,overall,overall,56.0
2020-01-01,Johor,P.147 Parit Sulong,both,overall,overall,82.4
2020-01-01,Johor,P.147 Parit Sulong,both,overall,citizen,79.2
2020-01-01,Johor,P.147 Parit Sulong,both,overall,noncitizen,3.2
2020-01-01,Johor,P.147 Parit Sulong,female,overall,overall,39.4
2020-01-01,Johor,P.147 Parit Sulong,male,overall,overall,43.0
2021-01-01,Johor,P.147 Parit Sulong,both,citizen,overall,79.7
2021-01-01,Johor,P.147 Parit Sulong,both,noncitizen,overall,2.9
2021-01-01,Johor,P.147 Parit Sulong,both,overall,overall,82.6
2021-01-01,Johor,P.147 Parit Sulong,female,overall,overall,39.7
2021-01-01,Johor,P.147 Parit Sulong,male,overall,overall,43.0
2022-01-01,Johor,P.147 Parit Sulong,both,citizen,overall,80.1
2022-01-01,Johor,P.147 Parit Sulong,both,noncitizen,overall,2.7
2022-01-01,Johor,P.147 Parit Sulong,both,overall,overall,82.8
2022-01-01,Johor,P.147 Parit Sulong,female,overall,overall,39.8
2022-01-01,Johor,P.147 Parit Sulong,male,overall,overall,43.0
2023-01-01,Johor,P.147 Parit Sulong,both,citizen,overall,81.0
2023-01-01,Johor,P.147 Parit Sulong,both,noncitizen,overall,3.4
2023-01-01,Johor,P.147 Parit Sulong,both,overall,overall,84.4
2023-01-01,Johor,P.147 Parit Sulong,female,overall,overall,40.4
2023-01-01,Johor,P.147 Parit Sulong,male,overall,overall,44.1
2024-01-01,Johor,P.147 Parit Sulong,both,citizen,overall,82.3
2024-01-01,Johor,P.147 Parit Sulong,both,noncitizen,overall,3.8
2024-01-01,Johor,P.147 Parit Sulong,both,overall,overall,86.0
2024-01-01,Johor,P.147 Parit Sulong,female,overall,overall,40.9
2024-01-01,Johor,P.147 Parit Sulong,male,overall,overall,45.1
2020-01-01,Johor,P.148 Ayer Hitam,both,overall,overall,71.8
2020-01-01,Johor,P.148 Ayer Hitam,both,overall,citizen,69.1
2020-01-01,Johor,P.148 Ayer Hitam,both,overall,noncitizen,2.7
2020-01-01,Johor,P.148 Ayer Hitam,female,overall,overall,33.9
2020-01-01,Johor,P.148 Ayer Hitam,male,overall,overall,37.8
2021-01-01,Johor,P.148 Ayer Hitam,both,citizen,overall,69.5
2021-01-01,Johor,P.148 Ayer Hitam,both,noncitizen,overall,2.5
2021-01-01,Johor,P.148 Ayer Hitam,both,overall,overall,72.0
2021-01-01,Johor,P.148 Ayer Hitam,female,overall,overall,34.2
2021-01-01,Johor,P.148 Ayer Hitam,male,overall,overall,37.8
2022-01-01,Johor,P.148 Ayer Hitam,both,citizen,overall,69.8
2022-01-01,Johor,P.148 Ayer Hitam,both,noncitizen,overall,2.3
2022-01-01,Johor,P.148 Ayer Hitam,both,overall,overall,72.1
2022-01-01,Johor,P.148 Ayer Hitam,female,overall,overall,34.4
2022-01-01,Johor,P.148 Ayer Hitam,male,overall,overall,37.8
2023-01-01,Johor,P.148 Ayer Hitam,both,citizen,overall,70.6
2023-01-01,Johor,P.148 Ayer Hitam,both,noncitizen,overall,2.9
2023-01-01,Johor,P.148 Ayer Hitam,both,overall,overall,73.5
2023-01-01,Johor,P.148 Ayer Hitam,female,overall,overall,34.8
2023-01-01,Johor,P.148 Ayer Hitam,male,overall,overall,38.7
2024-01-01,Johor,P.148 Ayer Hitam,both,citizen,overall,71.7
2024-01-01,Johor,P.148 Ayer Hitam,both,noncitizen,overall,3.3
2024-01-01,Johor,P.148 Ayer Hitam,both,overall,overall,74.9
2024-01-01,Johor,P.148 Ayer Hitam,female,overall,overall,35.3
2024-01-01,Johor,P.148 Ayer Hitam,male,overall,overall,39.6
2020-01-01,Johor,P.149 Sri Gading,both,overall,overall,175.2
2020-01-01,Johor,P.149 Sri Gading,both,overall,citizen,157.5
2020-01-01,Johor,P.149 Sri Gading,both,overall,noncitizen,17.7
2020-01-01,Johor,P.149 Sri Gading,female,overall,overall,80.6
2020-01-01,Johor,P.149 Sri Gading,male,overall,overall,94.6
2021-01-01,Johor,P.149 Sri Gading,both,citizen,overall,159.1
2021-01-01,Johor,P.149 Sri Gading,both,noncitizen,overall,16.5
2021-01-01,Johor,P.149 Sri Gading,both,overall,overall,175.6
2021-01-01,Johor,P.149 Sri Gading,female,overall,overall,81.2
2021-01-01,Johor,P.149 Sri Gading,male,overall,overall,94.5
2022-01-01,Johor,P.149 Sri Gading,both,citizen,overall,160.0
2022-01-01,Johor,P.149 Sri Gading,both,noncitizen,overall,16.0
2022-01-01,Johor,P.149 Sri Gading,both,overall,overall,175.9
2022-01-01,Johor,P.149 Sri Gading,female,overall,overall,81.5
2022-01-01,Johor,P.149 Sri Gading,male,overall,overall,94.5
2023-01-01,Johor,P.149 Sri Gading,both,citizen,overall,160.7
2023-01-01,Johor,P.149 Sri Gading,both,noncitizen,overall,18.7
2023-01-01,Johor,P.149 Sri Gading,both,overall,overall,179.4
2023-01-01,Johor,P.149 Sri Gading,female,overall,overall,82.6
2023-01-01,Johor,P.149 Sri Gading,male,overall,overall,96.8
2024-01-01,Johor,P.149 Sri Gading,both,citizen,overall,161.9
2024-01-01,Johor,P.149 Sri Gading,both,noncitizen,overall,20.9
2024-01-01,Johor,P.149 Sri Gading,both,overall,overall,182.8
2024-01-01,Johor,P.149 Sri Gading,female,overall,overall,83.6
2024-01-01,Johor,P.149 Sri Gading,male,overall,overall,99.2
2020-01-01,Johor,P.150 Batu Pahat,both,overall,overall,166.0
2020-01-01,Johor,P.150 Batu Pahat,both,overall,citizen,159.3
2020-01-01,Johor,P.150 Batu Pahat,both,overall,noncitizen,6.7
2020-01-01,Johor,P.150 Batu Pahat,female,overall,overall,79.8
2020-01-01,Johor,P.150 Batu Pahat,male,overall,overall,86.2
2021-01-01,Johor,P.150 Batu Pahat,both,citizen,overall,160.2
2021-01-01,Johor,P.150 Batu Pahat,both,noncitizen,overall,6.2
2021-01-01,Johor,P.150 Batu Pahat,both,overall,overall,166.5
2021-01-01,Johor,P.150 Batu Pahat,female,overall,overall,80.3
2021-01-01,Johor,P.150 Batu Pahat,male,overall,overall,86.2
2022-01-01,Johor,P.150 Batu Pahat,both,citizen,overall,161.2
2022-01-01,Johor,P.150 Batu Pahat,both,noncitizen,overall,5.6
2022-01-01,Johor,P.150 Batu Pahat,both,overall,overall,166.8
2022-01-01,Johor,P.150 Batu Pahat,female,overall,overall,80.7
2022-01-01,Johor,P.150 Batu Pahat,male,overall,overall,86.0
2023-01-01,Johor,P.150 Batu Pahat,both,citizen,overall,162.9
2023-01-01,Johor,P.150 Batu Pahat,both,noncitizen,overall,7.0
2023-01-01,Johor,P.150 Batu Pahat,both,overall,overall,170.1
2023-01-01,Johor,P.150 Batu Pahat,female,overall,overall,81.8
2023-01-01,Johor,P.150 Batu Pahat,male,overall,overall,88.3
2024-01-01,Johor,P.150 Batu Pahat,both,citizen,overall,165.1
2024-01-01,Johor,P.150 Batu Pahat,both,noncitizen,overall,8.2
2024-01-01,Johor,P.150 Batu Pahat,both,overall,overall,173.2
2024-01-01,Johor,P.150 Batu Pahat,female,overall,overall,82.8
2024-01-01,Johor,P.150 Batu Pahat,male,overall,overall,90.4
2020-01-01,Johor,P.151 Simpang Renggam,both,overall,overall,76.3
2020-01-01,Johor,P.151 Simpang Renggam,both,overall,citizen,65.9
2020-01-01,Johor,P.151 Simpang Renggam,both,overall,noncitizen,10.4
2020-01-01,Johor,P.151 Simpang Renggam,female,overall,overall,33.2
2020-01-01,Johor,P.151 Simpang Renggam,male,overall,overall,43.0
2021-01-01,Johor,P.151 Simpang Renggam,both,citizen,overall,66.8
2021-01-01,Johor,P.151 Simpang Renggam,both,noncitizen,overall,9.7
2021-01-01,Johor,P.151 Simpang Renggam,both,overall,overall,76.5
2021-01-01,Johor,P.151 Simpang Renggam,female,overall,overall,33.5
2021-01-01,Johor,P.151 Simpang Renggam,male,overall,overall,43.0
2022-01-01,Johor,P.151 Simpang Renggam,both,citizen,overall,67.3
2022-01-01,Johor,P.151 Simpang Renggam,both,noncitizen,overall,9.4
2022-01-01,Johor,P.151 Simpang Renggam,both,overall,overall,76.6
2022-01-01,Johor,P.151 Simpang Renggam,female,overall,overall,33.6
2022-01-01,Johor,P.151 Simpang Renggam,male,overall,overall,43.0
2023-01-01,Johor,P.151 Simpang Renggam,both,citizen,overall,67.2
2023-01-01,Johor,P.151 Simpang Renggam,both,noncitizen,overall,11.0
2023-01-01,Johor,P.151 Simpang Renggam,both,overall,overall,78.1
2023-01-01,Johor,P.151 Simpang Renggam,female,overall,overall,34.1
2023-01-01,Johor,P.151 Simpang Renggam,male,overall,overall,44.1
2024-01-01,Johor,P.151 Simpang Renggam,both,citizen,overall,67.2
2024-01-01,Johor,P.151 Simpang Renggam,both,noncitizen,overall,12.4
2024-01-01,Johor,P.151 Simpang Renggam,both,overall,overall,79.6
2024-01-01,Johor,P.151 Simpang Renggam,female,overall,overall,34.5
2024-01-01,Johor,P.151 Simpang Renggam,male,overall,overall,45.1
2020-01-01,Johor,P.152 Kluang,both,overall,overall,183.9
2020-01-01,Johor,P.152 Kluang,both,overall,citizen,169.4
2020-01-01,Johor,P.152 Kluang,both,overall,noncitizen,14.5
2020-01-01,Johor,P.152 Kluang,female,overall,overall,85.0
2020-01-01,Johor,P.152 Kluang,male,overall,overall,98.8
2021-01-01,Johor,P.152 Kluang,both,citizen,overall,170.8
2021-01-01,Johor,P.152 Kluang,both,noncitizen,overall,13.5
2021-01-01,Johor,P.152 Kluang,both,overall,overall,184.3
2021-01-01,Johor,P.152 Kluang,female,overall,overall,85.6
2021-01-01,Johor,P.152 Kluang,male,overall,overall,98.7
2022-01-01,Johor,P.152 Kluang,both,citizen,overall,171.7
2022-01-01,Johor,P.152 Kluang,both,noncitizen,overall,13.0
2022-01-01,Johor,P.152 Kluang,both,overall,overall,184.7
2022-01-01,Johor,P.152 Kluang,female,overall,overall,86.1
2022-01-01,Johor,P.152 Kluang,male,overall,overall,98.7
2023-01-01,Johor,P.152 Kluang,both,citizen,overall,173.1
2023-01-01,Johor,P.152 Kluang,both,noncitizen,overall,15.3
2023-01-01,Johor,P.152 Kluang,both,overall,overall,188.3
2023-01-01,Johor,P.152 Kluang,female,overall,overall,87.2
2023-01-01,Johor,P.152 Kluang,male,overall,overall,101.2
2024-01-01,Johor,P.152 Kluang,both,citizen,overall,174.0
2024-01-01,Johor,P.152 Kluang,both,noncitizen,overall,17.8
2024-01-01,Johor,P.152 Kluang,both,overall,overall,191.9
2024-01-01,Johor,P.152 Kluang,female,overall,overall,88.2
2024-01-01,Johor,P.152 Kluang,male,overall,overall,103.7
2020-01-01,Johor,P.153 Sembrong,both,overall,overall,63.6
2020-01-01,Johor,P.153 Sembrong,both,overall,citizen,54.7
2020-01-01,Johor,P.153 Sembrong,both,overall,noncitizen,9.0
2020-01-01,Johor,P.153 Sembrong,female,overall,overall,26.2
2020-01-01,Johor,P.153 Sembrong,male,overall,overall,37.5
2021-01-01,Johor,P.153 Sembrong,both,citizen,overall,55.3
2021-01-01,Johor,P.153 Sembrong,both,noncitizen,overall,8.4
2021-01-01,Johor,P.153 Sembrong,both,overall,overall,63.8
2021-01-01,Johor,P.153 Sembrong,female,overall,overall,26.4
2021-01-01,Johor,P.153 Sembrong,male,overall,overall,37.4
2022-01-01,Johor,P.153 Sembrong,both,citizen,overall,55.7
2022-01-01,Johor,P.153 Sembrong,both,noncitizen,overall,8.2
2022-01-01,Johor,P.153 Sembrong,both,overall,overall,64.0
2022-01-01,Johor,P.153 Sembrong,female,overall,overall,26.5
2022-01-01,Johor,P.153 Sembrong,male,overall,overall,37.4
2023-01-01,Johor,P.153 Sembrong,both,citizen,overall,55.7
2023-01-01,Johor,P.153 Sembrong,both,noncitizen,overall,9.5
2023-01-01,Johor,P.153 Sembrong,both,overall,overall,65.2
2023-01-01,Johor,P.153 Sembrong,female,overall,overall,26.9
2023-01-01,Johor,P.153 Sembrong,male,overall,overall,38.3
2024-01-01,Johor,P.153 Sembrong,both,citizen,overall,55.5
2024-01-01,Johor,P.153 Sembrong,both,noncitizen,overall,10.9
2024-01-01,Johor,P.153 Sembrong,both,overall,overall,66.4
2024-01-01,Johor,P.153 Sembrong,female,overall,overall,27.1
2024-01-01,Johor,P.153 Sembrong,male,overall,overall,39.2
2020-01-01,Johor,P.154 Mersing,both,overall,overall,78.2
2020-01-01,Johor,P.154 Mersing,both,overall,citizen,74.1
2020-01-01,Johor,P.154 Mersing,both,overall,noncitizen,4.1
2020-01-01,Johor,P.154 Mersing,female,overall,overall,36.3
2020-01-01,Johor,P.154 Mersing,male,overall,overall,41.9
2021-01-01,Johor,P.154 Mersing,both,citizen,overall,74.6
2021-01-01,Johor,P.154 Mersing,both,noncitizen,overall,3.8
2021-01-01,Johor,P.154 Mersing,both,overall,overall,78.4
2021-01-01,Johor,P.154 Mersing,female,overall,overall,36.5
2021-01-01,Johor,P.154 Mersing,male,overall,overall,41.9
2022-01-01,Johor,P.154 Mersing,both,citizen,overall,74.9
2022-01-01,Johor,P.154 Mersing,both,noncitizen,overall,3.6
2022-01-01,Johor,P.154 Mersing,both,overall,overall,78.6
2022-01-01,Johor,P.154 Mersing,female,overall,overall,36.7
2022-01-01,Johor,P.154 Mersing,male,overall,overall,41.9
2023-01-01,Johor,P.154 Mersing,both,citizen,overall,75.8
2023-01-01,Johor,P.154 Mersing,both,noncitizen,overall,4.4
2023-01-01,Johor,P.154 Mersing,both,overall,overall,80.1
2023-01-01,Johor,P.154 Mersing,female,overall,overall,37.1
2023-01-01,Johor,P.154 Mersing,male,overall,overall,42.9
2024-01-01,Johor,P.154 Mersing,both,citizen,overall,77.0
2024-01-01,Johor,P.154 Mersing,both,noncitizen,overall,4.6
2024-01-01,Johor,P.154 Mersing,both,overall,overall,81.6
2024-01-01,Johor,P.154 Mersing,female,overall,overall,37.6
2024-01-01,Johor,P.154 Mersing,male,overall,overall,43.9
2020-01-01,Johor,P.155 Tenggara,both,overall,overall,94.2
2020-01-01,Johor,P.155 Tenggara,both,overall,citizen,89.3
2020-01-01,Johor,P.155 Tenggara,both,overall,noncitizen,4.9
2020-01-01,Johor,P.155 Tenggara,female,overall,overall,45.1
2020-01-01,Johor,P.155 Tenggara,male,overall,overall,49.1
2021-01-01,Johor,P.155 Tenggara,both,citizen,overall,89.9
2021-01-01,Johor,P.155 Tenggara,both,noncitizen,overall,4.6
2021-01-01,Johor,P.155 Tenggara,both,overall,overall,94.4
2021-01-01,Johor,P.155 Tenggara,female,overall,overall,45.4
2021-01-01,Johor,P.155 Tenggara,male,overall,overall,49.1
2022-01-01,Johor,P.155 Tenggara,both,citizen,overall,90.3
2022-01-01,Johor,P.155 Tenggara,both,noncitizen,overall,4.3
2022-01-01,Johor,P.155 Tenggara,both,overall,overall,94.6
2022-01-01,Johor,P.155 Tenggara,female,overall,overall,45.6
2022-01-01,Johor,P.155 Tenggara,male,overall,overall,48.9
2023-01-01,Johor,P.155 Tenggara,both,citizen,overall,91.3
2023-01-01,Johor,P.155 Tenggara,both,noncitizen,overall,5.2
2023-01-01,Johor,P.155 Tenggara,both,overall,overall,96.5
2023-01-01,Johor,P.155 Tenggara,female,overall,overall,46.2
2023-01-01,Johor,P.155 Tenggara,male,overall,overall,50.3
2024-01-01,Johor,P.155 Tenggara,both,citizen,overall,92.3
2024-01-01,Johor,P.155 Tenggara,both,noncitizen,overall,6.0
2024-01-01,Johor,P.155 Tenggara,both,overall,overall,98.3
2024-01-01,Johor,P.155 Tenggara,female,overall,overall,46.8
2024-01-01,Johor,P.155 Tenggara,male,overall,overall,51.5
2020-01-01,Johor,P.156 Kota Tinggi,both,overall,overall,57.4
2020-01-01,Johor,P.156 Kota Tinggi,both,overall,citizen,53.0
2020-01-01,Johor,P.156 Kota Tinggi,both,overall,noncitizen,4.4
2020-01-01,Johor,P.156 Kota Tinggi,female,overall,overall,26.9
2020-01-01,Johor,P.156 Kota Tinggi,male,overall,overall,30.5
2021-01-01,Johor,P.156 Kota Tinggi,both,citizen,overall,53.4
2021-01-01,Johor,P.156 Kota Tinggi,both,noncitizen,overall,4.1
2021-01-01,Johor,P.156 Kota Tinggi,both,overall,overall,57.5
2021-01-01,Johor,P.156 Kota Tinggi,female,overall,overall,27.1
2021-01-01,Johor,P.156 Kota Tinggi,male,overall,overall,30.5
2022-01-01,Johor,P.156 Kota Tinggi,both,citizen,overall,53.9
2022-01-01,Johor,P.156 Kota Tinggi,both,noncitizen,overall,3.7
2022-01-01,Johor,P.156 Kota Tinggi,both,overall,overall,57.6
2022-01-01,Johor,P.156 Kota Tinggi,female,overall,overall,27.2
2022-01-01,Johor,P.156 Kota Tinggi,male,overall,overall,30.5
2023-01-01,Johor,P.156 Kota Tinggi,both,citizen,overall,54.3
2023-01-01,Johor,P.156 Kota Tinggi,both,noncitizen,overall,4.5
2023-01-01,Johor,P.156 Kota Tinggi,both,overall,overall,58.8
2023-01-01,Johor,P.156 Kota Tinggi,female,overall,overall,27.5
2023-01-01,Johor,P.156 Kota Tinggi,male,overall,overall,31.3
2024-01-01,Johor,P.156 Kota Tinggi,both,citizen,overall,54.8
2024-01-01,Johor,P.156 Kota Tinggi,both,noncitizen,overall,5.1
2024-01-01,Johor,P.156 Kota Tinggi,both,overall,overall,59.9
2024-01-01,Johor,P.156 Kota Tinggi,female,overall,overall,27.9
2024-01-01,Johor,P.156 Kota Tinggi,male,overall,overall,32.0
2020-01-01,Johor,P.157 Pengerang,both,overall,overall,70.8
2020-01-01,Johor,P.157 Pengerang,both,overall,citizen,66.3
2020-01-01,Johor,P.157 Pengerang,both,overall,noncitizen,4.5
2020-01-01,Johor,P.157 Pengerang,female,overall,overall,32.0
2020-01-01,Johor,P.157 Pengerang,male,overall,overall,38.8
2021-01-01,Johor,P.157 Pengerang,both,citizen,overall,66.9
2021-01-01,Johor,P.157 Pengerang,both,noncitizen,overall,4.2
2021-01-01,Johor,P.157 Pengerang,both,overall,overall,71.0
2021-01-01,Johor,P.157 Pengerang,female,overall,overall,32.2
2021-01-01,Johor,P.157 Pengerang,male,overall,overall,38.8
2022-01-01,Johor,P.157 Pengerang,both,citizen,overall,67.2
2022-01-01,Johor,P.157 Pengerang,both,noncitizen,overall,3.9
2022-01-01,Johor,P.157 Pengerang,both,overall,overall,71.1
2022-01-01,Johor,P.157 Pengerang,female,overall,overall,32.4
2022-01-01,Johor,P.157 Pengerang,male,overall,overall,38.8
2023-01-01,Johor,P.157 Pengerang,both,citizen,overall,67.8
2023-01-01,Johor,P.157 Pengerang,both,noncitizen,overall,4.7
2023-01-01,Johor,P.157 Pengerang,both,overall,overall,72.5
2023-01-01,Johor,P.157 Pengerang,female,overall,overall,32.8
2023-01-01,Johor,P.157 Pengerang,male,overall,overall,39.8
2024-01-01,Johor,P.157 Pengerang,both,citizen,overall,68.7
2024-01-01,Johor,P.157 Pengerang,both,noncitizen,overall,5.2
2024-01-01,Johor,P.157 Pengerang,both,overall,overall,73.9
2024-01-01,Johor,P.157 Pengerang,female,overall,overall,33.2
2024-01-01,Johor,P.157 Pengerang,male,overall,overall,40.7
2020-01-01,Johor,P.158 Tebrau,both,overall,overall,475.3
2020-01-01,Johor,P.158 Tebrau,both,overall,citizen,440.9
2020-01-01,Johor,P.158 Tebrau,both,overall,noncitizen,34.4
2020-01-01,Johor,P.158 Tebrau,female,overall,overall,221.9
2020-01-01,Johor,P.158 Tebrau,male,overall,overall,253.3
2021-01-01,Johor,P.158 Tebrau,both,citizen,overall,444.4
2021-01-01,Johor,P.158 Tebrau,both,noncitizen,overall,32.1
2021-01-01,Johor,P.158 Tebrau,both,overall,overall,476.5
2021-01-01,Johor,P.158 Tebrau,female,overall,overall,223.4
2021-01-01,Johor,P.158 Tebrau,male,overall,overall,253.0
2022-01-01,Johor,P.158 Tebrau,both,citizen,overall,446.5
2022-01-01,Johor,P.158 Tebrau,both,noncitizen,overall,30.9
2022-01-01,Johor,P.158 Tebrau,both,overall,overall,477.5
2022-01-01,Johor,P.158 Tebrau,female,overall,overall,224.4
2022-01-01,Johor,P.158 Tebrau,male,overall,overall,253.0
2023-01-01,Johor,P.158 Tebrau,both,citizen,overall,450.2
2023-01-01,Johor,P.158 Tebrau,both,noncitizen,overall,36.6
2023-01-01,Johor,P.158 Tebrau,both,overall,overall,486.8
2023-01-01,Johor,P.158 Tebrau,female,overall,overall,227.5
2023-01-01,Johor,P.158 Tebrau,male,overall,overall,259.4
2024-01-01,Johor,P.158 Tebrau,both,citizen,overall,454.2
2024-01-01,Johor,P.158 Tebrau,both,noncitizen,overall,41.8
2024-01-01,Johor,P.158 Tebrau,both,overall,overall,496.0
2024-01-01,Johor,P.158 Tebrau,female,overall,overall,230.3
2024-01-01,Johor,P.158 Tebrau,male,overall,overall,265.7
2020-01-01,Johor,P.159 Pasir Gudang,both,overall,overall,360.6
2020-01-01,Johor,P.159 Pasir Gudang,both,overall,citizen,332.2
2020-01-01,Johor,P.159 Pasir Gudang,both,overall,noncitizen,28.5
2020-01-01,Johor,P.159 Pasir Gudang,female,overall,overall,166.3
2020-01-01,Johor,P.159 Pasir Gudang,male,overall,overall,194.3
2021-01-01,Johor,P.159 Pasir Gudang,both,citizen,overall,335.0
2021-01-01,Johor,P.159 Pasir Gudang,both,noncitizen,overall,26.6
2021-01-01,Johor,P.159 Pasir Gudang,both,overall,overall,361.6
2021-01-01,Johor,P.159 Pasir Gudang,female,overall,overall,167.4
2021-01-01,Johor,P.159 Pasir Gudang,male,overall,overall,194.1
2022-01-01,Johor,P.159 Pasir Gudang,both,citizen,overall,336.8
2022-01-01,Johor,P.159 Pasir Gudang,both,noncitizen,overall,25.5
2022-01-01,Johor,P.159 Pasir Gudang,both,overall,overall,362.3
2022-01-01,Johor,P.159 Pasir Gudang,female,overall,overall,168.2
2022-01-01,Johor,P.159 Pasir Gudang,male,overall,overall,194.1
2023-01-01,Johor,P.159 Pasir Gudang,both,citizen,overall,339.3
2023-01-01,Johor,P.159 Pasir Gudang,both,noncitizen,overall,30.1
2023-01-01,Johor,P.159 Pasir Gudang,both,overall,overall,369.4
2023-01-01,Johor,P.159 Pasir Gudang,female,overall,overall,170.4
2023-01-01,Johor,P.159 Pasir Gudang,male,overall,overall,199.0
2024-01-01,Johor,P.159 Pasir Gudang,both,citizen,overall,341.7
2024-01-01,Johor,P.159 Pasir Gudang,both,noncitizen,overall,34.6
2024-01-01,Johor,P.159 Pasir Gudang,both,overall,overall,376.3
2024-01-01,Johor,P.159 Pasir Gudang,female,overall,overall,172.6
2024-01-01,Johor,P.159 Pasir Gudang,male,overall,overall,203.8
2020-01-01,Johor,P.160 Johor Bahru,both,overall,overall,177.8
2020-01-01,Johor,P.160 Johor Bahru,both,overall,citizen,165.1
2020-01-01,Johor,P.160 Johor Bahru,both,overall,noncitizen,12.7
2020-01-01,Johor,P.160 Johor Bahru,female,overall,overall,85.6
2020-01-01,Johor,P.160 Johor Bahru,male,overall,overall,92.2
2021-01-01,Johor,P.160 Johor Bahru,both,citizen,overall,166.3
2021-01-01,Johor,P.160 Johor Bahru,both,noncitizen,overall,11.9
2021-01-01,Johor,P.160 Johor Bahru,both,overall,overall,178.3
2021-01-01,Johor,P.160 Johor Bahru,female,overall,overall,86.1
2021-01-01,Johor,P.160 Johor Bahru,male,overall,overall,92.1
2022-01-01,Johor,P.160 Johor Bahru,both,citizen,overall,167.2
2022-01-01,Johor,P.160 Johor Bahru,both,noncitizen,overall,11.5
2022-01-01,Johor,P.160 Johor Bahru,both,overall,overall,178.6
2022-01-01,Johor,P.160 Johor Bahru,female,overall,overall,86.6
2022-01-01,Johor,P.160 Johor Bahru,male,overall,overall,92.1
2023-01-01,Johor,P.160 Johor Bahru,both,citizen,overall,168.6
2023-01-01,Johor,P.160 Johor Bahru,both,noncitizen,overall,13.6
2023-01-01,Johor,P.160 Johor Bahru,both,overall,overall,182.2
2023-01-01,Johor,P.160 Johor Bahru,female,overall,overall,87.7
2023-01-01,Johor,P.160 Johor Bahru,male,overall,overall,94.5
2024-01-01,Johor,P.160 Johor Bahru,both,citizen,overall,169.9
2024-01-01,Johor,P.160 Johor Bahru,both,noncitizen,overall,15.7
2024-01-01,Johor,P.160 Johor Bahru,both,overall,overall,185.6
2024-01-01,Johor,P.160 Johor Bahru,female,overall,overall,88.8
2024-01-01,Johor,P.160 Johor Bahru,male,overall,overall,96.8
2020-01-01,Johor,P.161 Pulai,both,overall,overall,291.9
2020-01-01,Johor,P.161 Pulai,both,overall,citizen,274.0
2020-01-01,Johor,P.161 Pulai,both,overall,noncitizen,17.9
2020-01-01,Johor,P.161 Pulai,female,overall,overall,140.0
2020-01-01,Johor,P.161 Pulai,male,overall,overall,151.9
2021-01-01,Johor,P.161 Pulai,both,citizen,overall,275.9
2021-01-01,Johor,P.161 Pulai,both,noncitizen,overall,16.8
2021-01-01,Johor,P.161 Pulai,both,overall,overall,292.6
2021-01-01,Johor,P.161 Pulai,female,overall,overall,140.9
2021-01-01,Johor,P.161 Pulai,male,overall,overall,151.7
2022-01-01,Johor,P.161 Pulai,both,citizen,overall,277.1
2022-01-01,Johor,P.161 Pulai,both,noncitizen,overall,16.1
2022-01-01,Johor,P.161 Pulai,both,overall,overall,293.2
2022-01-01,Johor,P.161 Pulai,female,overall,overall,141.6
2022-01-01,Johor,P.161 Pulai,male,overall,overall,151.7
2023-01-01,Johor,P.161 Pulai,both,citizen,overall,279.9
2023-01-01,Johor,P.161 Pulai,both,noncitizen,overall,19.2
2023-01-01,Johor,P.161 Pulai,both,overall,overall,299.0
2023-01-01,Johor,P.161 Pulai,female,overall,overall,143.4
2023-01-01,Johor,P.161 Pulai,male,overall,overall,155.5
2024-01-01,Johor,P.161 Pulai,both,citizen,overall,282.0
2024-01-01,Johor,P.161 Pulai,both,noncitizen,overall,22.7
2024-01-01,Johor,P.161 Pulai,both,overall,overall,304.6
2024-01-01,Johor,P.161 Pulai,female,overall,overall,145.3
2024-01-01,Johor,P.161 Pulai,male,overall,overall,159.3
2020-01-01,Johor,P.162 Iskandar Puteri,both,overall,overall,447.7
2020-01-01,Johor,P.162 Iskandar Puteri,both,overall,citizen,417.2
2020-01-01,Johor,P.162 Iskandar Puteri,both,overall,noncitizen,30.5
2020-01-01,Johor,P.162 Iskandar Puteri,female,overall,overall,211.9
2020-01-01,Johor,P.162 Iskandar Puteri,male,overall,overall,235.8
2021-01-01,Johor,P.162 Iskandar Puteri,both,citizen,overall,420.3
2021-01-01,Johor,P.162 Iskandar Puteri,both,noncitizen,overall,28.6
2021-01-01,Johor,P.162 Iskandar Puteri,both,overall,overall,448.9
2021-01-01,Johor,P.162 Iskandar Puteri,female,overall,overall,213.3
2021-01-01,Johor,P.162 Iskandar Puteri,male,overall,overall,235.5
2022-01-01,Johor,P.162 Iskandar Puteri,both,citizen,overall,422.3
2022-01-01,Johor,P.162 Iskandar Puteri,both,noncitizen,overall,27.5
2022-01-01,Johor,P.162 Iskandar Puteri,both,overall,overall,449.8
2022-01-01,Johor,P.162 Iskandar Puteri,female,overall,overall,214.2
2022-01-01,Johor,P.162 Iskandar Puteri,male,overall,overall,235.6
2023-01-01,Johor,P.162 Iskandar Puteri,both,citizen,overall,426.2
2023-01-01,Johor,P.162 Iskandar Puteri,both,noncitizen,overall,32.4
2023-01-01,Johor,P.162 Iskandar Puteri,both,overall,overall,458.6
2023-01-01,Johor,P.162 Iskandar Puteri,female,overall,overall,217.2
2023-01-01,Johor,P.162 Iskandar Puteri,male,overall,overall,241.4
2024-01-01,Johor,P.162 Iskandar Puteri,both,citizen,overall,429.2
2024-01-01,Johor,P.162 Iskandar Puteri,both,noncitizen,overall,38.1
2024-01-01,Johor,P.162 Iskandar Puteri,both,overall,overall,467.2
2024-01-01,Johor,P.162 Iskandar Puteri,female,overall,overall,219.9
2024-01-01,Johor,P.162 Iskandar Puteri,male,overall,overall,247.3
2020-01-01,Johor,P.163 Kulai,both,overall,overall,287.4
2020-01-01,Johor,P.163 Kulai,both,overall,citizen,241.1
2020-01-01,Johor,P.163 Kulai,both,overall,noncitizen,46.4
2020-01-01,Johor,P.163 Kulai,female,overall,overall,129.9
2020-01-01,Johor,P.163 Kulai,male,overall,overall,157.5
2021-01-01,Johor,P.163 Kulai,both,citizen,overall,244.4
2021-01-01,Johor,P.163 Kulai,both,noncitizen,overall,43.8
2021-01-01,Johor,P.163 Kulai,both,overall,overall,288.2
2021-01-01,Johor,P.163 Kulai,female,overall,overall,130.8
2021-01-01,Johor,P.163 Kulai,male,overall,overall,157.4
2022-01-01,Johor,P.163 Kulai,both,citizen,overall,245.9
2022-01-01,Johor,P.163 Kulai,both,noncitizen,overall,42.9
2022-01-01,Johor,P.163 Kulai,both,overall,overall,288.7
2022-01-01,Johor,P.163 Kulai,female,overall,overall,131.5
2022-01-01,Johor,P.163 Kulai,male,overall,overall,157.2
2023-01-01,Johor,P.163 Kulai,both,citizen,overall,245.6
2023-01-01,Johor,P.163 Kulai,both,noncitizen,overall,48.7
2023-01-01,Johor,P.163 Kulai,both,overall,overall,294.4
2023-01-01,Johor,P.163 Kulai,female,overall,overall,133.2
2023-01-01,Johor,P.163 Kulai,male,overall,overall,161.2
2024-01-01,Johor,P.163 Kulai,both,citizen,overall,243.6
2024-01-01,Johor,P.163 Kulai,both,noncitizen,overall,56.3
2024-01-01,Johor,P.163 Kulai,both,overall,overall,299.9
2024-01-01,Johor,P.163 Kulai,female,overall,overall,134.8
2024-01-01,Johor,P.163 Kulai,male,overall,overall,165.2
2020-01-01,Johor,P.164 Pontian,both,overall,overall,81.8
2020-01-01,Johor,P.164 Pontian,both,overall,citizen,77.5
2020-01-01,Johor,P.164 Pontian,both,overall,noncitizen,4.3
2020-01-01,Johor,P.164 Pontian,female,overall,overall,39.0
2020-01-01,Johor,P.164 Pontian,male,overall,overall,42.8
2021-01-01,Johor,P.164 Pontian,both,citizen,overall,78.0
2021-01-01,Johor,P.164 Pontian,both,noncitizen,overall,4.0
2021-01-01,Johor,P.164 Pontian,both,overall,overall,82.0
2021-01-01,Johor,P.164 Pontian,female,overall,overall,39.2
2021-01-01,Johor,P.164 Pontian,male,overall,overall,42.8
2022-01-01,Johor,P.164 Pontian,both,citizen,overall,78.3
2022-01-01,Johor,P.164 Pontian,both,noncitizen,overall,3.9
2022-01-01,Johor,P.164 Pontian,both,overall,overall,82.2
2022-01-01,Johor,P.164 Pontian,female,overall,overall,39.4
2022-01-01,Johor,P.164 Pontian,male,overall,overall,42.8
2023-01-01,Johor,P.164 Pontian,both,citizen,overall,79.2
2023-01-01,Johor,P.164 Pontian,both,noncitizen,overall,4.6
2023-01-01,Johor,P.164 Pontian,both,overall,overall,83.7
2023-01-01,Johor,P.164 Pontian,female,overall,overall,40.0
2023-01-01,Johor,P.164 Pontian,male,overall,overall,43.9
2024-01-01,Johor,P.164 Pontian,both,citizen,overall,80.1
2024-01-01,Johor,P.164 Pontian,both,noncitizen,overall,5.2
2024-01-01,Johor,P.164 Pontian,both,overall,overall,85.3
2024-01-01,Johor,P.164 Pontian,female,overall,overall,40.5
2024-01-01,Johor,P.164 Pontian,male,overall,overall,44.9
2020-01-01,Johor,P.165 Tanjung Piai,both,overall,overall,91.5
2020-01-01,Johor,P.165 Tanjung Piai,both,overall,citizen,82.5
2020-01-01,Johor,P.165 Tanjung Piai,both,overall,noncitizen,9.0
2020-01-01,Johor,P.165 Tanjung Piai,female,overall,overall,41.1
2020-01-01,Johor,P.165 Tanjung Piai,male,overall,overall,50.4
2021-01-01,Johor,P.165 Tanjung Piai,both,citizen,overall,83.4
2021-01-01,Johor,P.165 Tanjung Piai,both,noncitizen,overall,8.5
2021-01-01,Johor,P.165 Tanjung Piai,both,overall,overall,91.7
2021-01-01,Johor,P.165 Tanjung Piai,female,overall,overall,41.4
2021-01-01,Johor,P.165 Tanjung Piai,male,overall,overall,50.3
2022-01-01,Johor,P.165 Tanjung Piai,both,citizen,overall,83.8
2022-01-01,Johor,P.165 Tanjung Piai,both,noncitizen,overall,8.2
2022-01-01,Johor,P.165 Tanjung Piai,both,overall,overall,92.0
2022-01-01,Johor,P.165 Tanjung Piai,female,overall,overall,41.6
2022-01-01,Johor,P.165 Tanjung Piai,male,overall,overall,50.3
2023-01-01,Johor,P.165 Tanjung Piai,both,citizen,overall,84.2
2023-01-01,Johor,P.165 Tanjung Piai,both,noncitizen,overall,9.6
2023-01-01,Johor,P.165 Tanjung Piai,both,overall,overall,93.8
2023-01-01,Johor,P.165 Tanjung Piai,female,overall,overall,42.1
2023-01-01,Johor,P.165 Tanjung Piai,male,overall,overall,51.7
2024-01-01,Johor,P.165 Tanjung Piai,both,citizen,overall,84.6
2024-01-01,Johor,P.165 Tanjung Piai,both,noncitizen,overall,11.0
2024-01-01,Johor,P.165 Tanjung Piai,both,overall,overall,95.6
2024-01-01,Johor,P.165 Tanjung Piai,female,overall,overall,42.7
2024-01-01,Johor,P.165 Tanjung Piai,male,overall,overall,52.9
2020-01-01,W.P. Labuan,P.166 Labuan,both,overall,overall,95.1
2020-01-01,W.P. Labuan,P.166 Labuan,both,overall,citizen,84.3
2020-01-01,W.P. Labuan,P.166 Labuan,both,overall,noncitizen,10.8
2020-01-01,W.P. Labuan,P.166 Labuan,female,overall,overall,46.2
2020-01-01,W.P. Labuan,P.166 Labuan,male,overall,overall,48.9
2021-01-01,W.P. Labuan,P.166 Labuan,both,citizen,overall,85.6
2021-01-01,W.P. Labuan,P.166 Labuan,both,noncitizen,overall,10.4
2021-01-01,W.P. Labuan,P.166 Labuan,both,overall,overall,96.0
2021-01-01,W.P. Labuan,P.166 Labuan,female,overall,overall,46.6
2021-01-01,W.P. Labuan,P.166 Labuan,male,overall,overall,49.4
2022-01-01,W.P. Labuan,P.166 Labuan,both,citizen,overall,86.6
2022-01-01,W.P. Labuan,P.166 Labuan,both,noncitizen,overall,10.3
2022-01-01,W.P. Labuan,P.166 Labuan,both,overall,overall,96.9
2022-01-01,W.P. Labuan,P.166 Labuan,female,overall,overall,47.0
2022-01-01,W.P. Labuan,P.166 Labuan,male,overall,overall,49.8
2023-01-01,W.P. Labuan,P.166 Labuan,both,citizen,overall,87.7
2023-01-01,W.P. Labuan,P.166 Labuan,both,noncitizen,overall,11.4
2023-01-01,W.P. Labuan,P.166 Labuan,both,overall,overall,99.0
2023-01-01,W.P. Labuan,P.166 Labuan,female,overall,overall,48.2
2023-01-01,W.P. Labuan,P.166 Labuan,male,overall,overall,50.8
2024-01-01,W.P. Labuan,P.166 Labuan,both,citizen,overall,88.6
2024-01-01,W.P. Labuan,P.166 Labuan,both,noncitizen,overall,12.2
2024-01-01,W.P. Labuan,P.166 Labuan,both,overall,overall,100.8
2024-01-01,W.P. Labuan,P.166 Labuan,female,overall,overall,49.1
2024-01-01,W.P. Labuan,P.166 Labuan,male,overall,overall,51.7
2020-01-01,Sabah,P.167 Kudat,both,overall,overall,92.6
2020-01-01,Sabah,P.167 Kudat,both,overall,citizen,83.6
2020-01-01,Sabah,P.167 Kudat,both,overall,noncitizen,8.9
2020-01-01,Sabah,P.167 Kudat,female,overall,overall,45.2
2020-01-01,Sabah,P.167 Kudat,male,overall,overall,47.3
2021-01-01,Sabah,P.167 Kudat,both,citizen,overall,83.9
2021-01-01,Sabah,P.167 Kudat,both,noncitizen,overall,8.4
2021-01-01,Sabah,P.167 Kudat,both,overall,overall,92.4
2021-01-01,Sabah,P.167 Kudat,female,overall,overall,45.1
2021-01-01,Sabah,P.167 Kudat,male,overall,overall,47.2
2022-01-01,Sabah,P.167 Kudat,both,citizen,overall,84.5
2022-01-01,Sabah,P.167 Kudat,both,noncitizen,overall,7.9
2022-01-01,Sabah,P.167 Kudat,both,overall,overall,92.4
2022-01-01,Sabah,P.167 Kudat,female,overall,overall,45.2
2022-01-01,Sabah,P.167 Kudat,male,overall,overall,47.2
2023-01-01,Sabah,P.167 Kudat,both,citizen,overall,87.0
2023-01-01,Sabah,P.167 Kudat,both,noncitizen,overall,10.2
2023-01-01,Sabah,P.167 Kudat,both,overall,overall,97.4
2023-01-01,Sabah,P.167 Kudat,female,overall,overall,47.4
2023-01-01,Sabah,P.167 Kudat,male,overall,overall,49.9
2024-01-01,Sabah,P.167 Kudat,both,citizen,overall,88.7
2024-01-01,Sabah,P.167 Kudat,both,noncitizen,overall,12.7
2024-01-01,Sabah,P.167 Kudat,both,overall,overall,101.3
2024-01-01,Sabah,P.167 Kudat,female,overall,overall,49.3
2024-01-01,Sabah,P.167 Kudat,male,overall,overall,52.0
2020-01-01,Sabah,P.168 Kota Marudu,both,overall,overall,100.0
2020-01-01,Sabah,P.168 Kota Marudu,both,overall,citizen,96.2
2020-01-01,Sabah,P.168 Kota Marudu,both,overall,noncitizen,3.8
2020-01-01,Sabah,P.168 Kota Marudu,female,overall,overall,48.8
2020-01-01,Sabah,P.168 Kota Marudu,male,overall,overall,51.2
2021-01-01,Sabah,P.168 Kota Marudu,both,citizen,overall,96.2
2021-01-01,Sabah,P.168 Kota Marudu,both,noncitizen,overall,3.6
2021-01-01,Sabah,P.168 Kota Marudu,both,overall,overall,99.8
2021-01-01,Sabah,P.168 Kota Marudu,female,overall,overall,48.6
2021-01-01,Sabah,P.168 Kota Marudu,male,overall,overall,51.2
2022-01-01,Sabah,P.168 Kota Marudu,both,citizen,overall,96.8
2022-01-01,Sabah,P.168 Kota Marudu,both,noncitizen,overall,3.2
2022-01-01,Sabah,P.168 Kota Marudu,both,overall,overall,99.8
2022-01-01,Sabah,P.168 Kota Marudu,female,overall,overall,48.7
2022-01-01,Sabah,P.168 Kota Marudu,male,overall,overall,51.2
2023-01-01,Sabah,P.168 Kota Marudu,both,citizen,overall,100.5
2023-01-01,Sabah,P.168 Kota Marudu,both,noncitizen,overall,4.7
2023-01-01,Sabah,P.168 Kota Marudu,both,overall,overall,105.3
2023-01-01,Sabah,P.168 Kota Marudu,female,overall,overall,51.2
2023-01-01,Sabah,P.168 Kota Marudu,male,overall,overall,54.1
2024-01-01,Sabah,P.168 Kota Marudu,both,citizen,overall,102.7
2024-01-01,Sabah,P.168 Kota Marudu,both,noncitizen,overall,6.6
2024-01-01,Sabah,P.168 Kota Marudu,both,overall,overall,109.5
2024-01-01,Sabah,P.168 Kota Marudu,female,overall,overall,53.2
2024-01-01,Sabah,P.168 Kota Marudu,male,overall,overall,56.3
2020-01-01,Sabah,P.169 Kota Belud,both,overall,overall,107.2
2020-01-01,Sabah,P.169 Kota Belud,both,overall,citizen,103.2
2020-01-01,Sabah,P.169 Kota Belud,both,overall,noncitizen,4.1
2020-01-01,Sabah,P.169 Kota Belud,female,overall,overall,53.3
2020-01-01,Sabah,P.169 Kota Belud,male,overall,overall,53.9
2021-01-01,Sabah,P.169 Kota Belud,both,citizen,overall,103.2
2021-01-01,Sabah,P.169 Kota Belud,both,noncitizen,overall,3.8
2021-01-01,Sabah,P.169 Kota Belud,both,overall,overall,107.1
2021-01-01,Sabah,P.169 Kota Belud,female,overall,overall,53.0
2021-01-01,Sabah,P.169 Kota Belud,male,overall,overall,54.0
2022-01-01,Sabah,P.169 Kota Belud,both,citizen,overall,103.9
2022-01-01,Sabah,P.169 Kota Belud,both,noncitizen,overall,3.2
2022-01-01,Sabah,P.169 Kota Belud,both,overall,overall,107.1
2022-01-01,Sabah,P.169 Kota Belud,female,overall,overall,53.2
2022-01-01,Sabah,P.169 Kota Belud,male,overall,overall,54.0
2023-01-01,Sabah,P.169 Kota Belud,both,citizen,overall,108.0
2023-01-01,Sabah,P.169 Kota Belud,both,noncitizen,overall,4.9
2023-01-01,Sabah,P.169 Kota Belud,both,overall,overall,112.9
2023-01-01,Sabah,P.169 Kota Belud,female,overall,overall,56.0
2023-01-01,Sabah,P.169 Kota Belud,male,overall,overall,56.9
2024-01-01,Sabah,P.169 Kota Belud,both,citizen,overall,109.5
2024-01-01,Sabah,P.169 Kota Belud,both,noncitizen,overall,7.9
2024-01-01,Sabah,P.169 Kota Belud,both,overall,overall,117.4
2024-01-01,Sabah,P.169 Kota Belud,female,overall,overall,58.1
2024-01-01,Sabah,P.169 Kota Belud,male,overall,overall,59.2
2020-01-01,Sabah,P.170 Tuaran,both,overall,overall,135.0
2020-01-01,Sabah,P.170 Tuaran,both,overall,citizen,127.4
2020-01-01,Sabah,P.170 Tuaran,both,overall,noncitizen,7.6
2020-01-01,Sabah,P.170 Tuaran,female,overall,overall,66.4
2020-01-01,Sabah,P.170 Tuaran,male,overall,overall,68.5
2021-01-01,Sabah,P.170 Tuaran,both,citizen,overall,127.5
2021-01-01,Sabah,P.170 Tuaran,both,noncitizen,overall,7.1
2021-01-01,Sabah,P.170 Tuaran,both,overall,overall,134.6
2021-01-01,Sabah,P.170 Tuaran,female,overall,overall,66.2
2021-01-01,Sabah,P.170 Tuaran,male,overall,overall,68.4
2022-01-01,Sabah,P.170 Tuaran,both,citizen,overall,128.1
2022-01-01,Sabah,P.170 Tuaran,both,noncitizen,overall,6.7
2022-01-01,Sabah,P.170 Tuaran,both,overall,overall,134.9
2022-01-01,Sabah,P.170 Tuaran,female,overall,overall,66.2
2022-01-01,Sabah,P.170 Tuaran,male,overall,overall,68.4
2023-01-01,Sabah,P.170 Tuaran,both,citizen,overall,132.0
2023-01-01,Sabah,P.170 Tuaran,both,noncitizen,overall,9.9
2023-01-01,Sabah,P.170 Tuaran,both,overall,overall,142.1
2023-01-01,Sabah,P.170 Tuaran,female,overall,overall,69.7
2023-01-01,Sabah,P.170 Tuaran,male,overall,overall,72.2
2024-01-01,Sabah,P.170 Tuaran,both,citizen,overall,135.4
2024-01-01,Sabah,P.170 Tuaran,both,noncitizen,overall,12.2
2024-01-01,Sabah,P.170 Tuaran,both,overall,overall,147.6
2024-01-01,Sabah,P.170 Tuaran,female,overall,overall,72.5
2024-01-01,Sabah,P.170 Tuaran,male,overall,overall,75.3
2020-01-01,Sabah,P.171 Sepanggar,both,overall,overall,336.3
2020-01-01,Sabah,P.171 Sepanggar,both,overall,citizen,280.7
2020-01-01,Sabah,P.171 Sepanggar,both,overall,noncitizen,55.5
2020-01-01,Sabah,P.171 Sepanggar,female,overall,overall,164.8
2020-01-01,Sabah,P.171 Sepanggar,male,overall,overall,171.5
2021-01-01,Sabah,P.171 Sepanggar,both,citizen,overall,282.8
2021-01-01,Sabah,P.171 Sepanggar,both,noncitizen,overall,52.8
2021-01-01,Sabah,P.171 Sepanggar,both,overall,overall,335.7
2021-01-01,Sabah,P.171 Sepanggar,female,overall,overall,164.2
2021-01-01,Sabah,P.171 Sepanggar,male,overall,overall,171.6
2022-01-01,Sabah,P.171 Sepanggar,both,citizen,overall,284.3
2022-01-01,Sabah,P.171 Sepanggar,both,noncitizen,overall,51.6
2022-01-01,Sabah,P.171 Sepanggar,both,overall,overall,335.9
2022-01-01,Sabah,P.171 Sepanggar,female,overall,overall,164.5
2022-01-01,Sabah,P.171 Sepanggar,male,overall,overall,171.4
2023-01-01,Sabah,P.171 Sepanggar,both,citizen,overall,289.8
2023-01-01,Sabah,P.171 Sepanggar,both,noncitizen,overall,63.9
2023-01-01,Sabah,P.171 Sepanggar,both,overall,overall,353.7
2023-01-01,Sabah,P.171 Sepanggar,female,overall,overall,172.9
2023-01-01,Sabah,P.171 Sepanggar,male,overall,overall,180.9
2024-01-01,Sabah,P.171 Sepanggar,both,citizen,overall,293.2
2024-01-01,Sabah,P.171 Sepanggar,both,noncitizen,overall,74.8
2024-01-01,Sabah,P.171 Sepanggar,both,overall,overall,368.1
2024-01-01,Sabah,P.171 Sepanggar,female,overall,overall,179.6
2024-01-01,Sabah,P.171 Sepanggar,male,overall,overall,188.4
2020-01-01,Sabah,P.172 Kota Kinabalu,both,overall,overall,114.2
2020-01-01,Sabah,P.172 Kota Kinabalu,both,overall,citizen,95.5
2020-01-01,Sabah,P.172 Kota Kinabalu,both,overall,noncitizen,18.7
2020-01-01,Sabah,P.172 Kota Kinabalu,female,overall,overall,55.0
2020-01-01,Sabah,P.172 Kota Kinabalu,male,overall,overall,59.2
2021-01-01,Sabah,P.172 Kota Kinabalu,both,citizen,overall,96.0
2021-01-01,Sabah,P.172 Kota Kinabalu,both,noncitizen,overall,17.9
2021-01-01,Sabah,P.172 Kota Kinabalu,both,overall,overall,114.0
2021-01-01,Sabah,P.172 Kota Kinabalu,female,overall,overall,54.8
2021-01-01,Sabah,P.172 Kota Kinabalu,male,overall,overall,59.2
2022-01-01,Sabah,P.172 Kota Kinabalu,both,citizen,overall,96.6
2022-01-01,Sabah,P.172 Kota Kinabalu,both,noncitizen,overall,17.6
2022-01-01,Sabah,P.172 Kota Kinabalu,both,overall,overall,114.1
2022-01-01,Sabah,P.172 Kota Kinabalu,female,overall,overall,54.9
2022-01-01,Sabah,P.172 Kota Kinabalu,male,overall,overall,59.2
2023-01-01,Sabah,P.172 Kota Kinabalu,both,citizen,overall,98.8
2023-01-01,Sabah,P.172 Kota Kinabalu,both,noncitizen,overall,21.4
2023-01-01,Sabah,P.172 Kota Kinabalu,both,overall,overall,120.1
2023-01-01,Sabah,P.172 Kota Kinabalu,female,overall,overall,57.7
2023-01-01,Sabah,P.172 Kota Kinabalu,male,overall,overall,62.4
2024-01-01,Sabah,P.172 Kota Kinabalu,both,citizen,overall,99.3
2024-01-01,Sabah,P.172 Kota Kinabalu,both,noncitizen,overall,25.7
2024-01-01,Sabah,P.172 Kota Kinabalu,both,overall,overall,125.0
2024-01-01,Sabah,P.172 Kota Kinabalu,female,overall,overall,60.0
2024-01-01,Sabah,P.172 Kota Kinabalu,male,overall,overall,65.0
2020-01-01,Sabah,P.173 Putatan,both,overall,overall,115.2
2020-01-01,Sabah,P.173 Putatan,both,overall,citizen,98.1
2020-01-01,Sabah,P.173 Putatan,both,overall,noncitizen,17.1
2020-01-01,Sabah,P.173 Putatan,female,overall,overall,56.1
2020-01-01,Sabah,P.173 Putatan,male,overall,overall,59.1
2021-01-01,Sabah,P.173 Putatan,both,citizen,overall,98.7
2021-01-01,Sabah,P.173 Putatan,both,noncitizen,overall,16.3
2021-01-01,Sabah,P.173 Putatan,both,overall,overall,115.1
2021-01-01,Sabah,P.173 Putatan,female,overall,overall,56.0
2021-01-01,Sabah,P.173 Putatan,male,overall,overall,59.1
2022-01-01,Sabah,P.173 Putatan,both,citizen,overall,99.0
2022-01-01,Sabah,P.173 Putatan,both,noncitizen,overall,16.1
2022-01-01,Sabah,P.173 Putatan,both,overall,overall,115.1
2022-01-01,Sabah,P.173 Putatan,female,overall,overall,56.0
2022-01-01,Sabah,P.173 Putatan,male,overall,overall,59.1
2023-01-01,Sabah,P.173 Putatan,both,citizen,overall,101.7
2023-01-01,Sabah,P.173 Putatan,both,noncitizen,overall,19.5
2023-01-01,Sabah,P.173 Putatan,both,overall,overall,121.2
2023-01-01,Sabah,P.173 Putatan,female,overall,overall,58.8
2023-01-01,Sabah,P.173 Putatan,male,overall,overall,62.3
2024-01-01,Sabah,P.173 Putatan,both,citizen,overall,104.2
2024-01-01,Sabah,P.173 Putatan,both,noncitizen,overall,21.9
2024-01-01,Sabah,P.173 Putatan,both,overall,overall,126.1
2024-01-01,Sabah,P.173 Putatan,female,overall,overall,61.1
2024-01-01,Sabah,P.173 Putatan,male,overall,overall,65.0
2020-01-01,Sabah,P.174 Penampang,both,overall,overall,178.5
2020-01-01,Sabah,P.174 Penampang,both,overall,citizen,158.6
2020-01-01,Sabah,P.174 Penampang,both,overall,noncitizen,19.9
2020-01-01,Sabah,P.174 Penampang,female,overall,overall,83.6
2020-01-01,Sabah,P.174 Penampang,male,overall,overall,94.9
2021-01-01,Sabah,P.174 Penampang,both,citizen,overall,159.3
2021-01-01,Sabah,P.174 Penampang,both,noncitizen,overall,18.9
2021-01-01,Sabah,P.174 Penampang,both,overall,overall,178.2
2021-01-01,Sabah,P.174 Penampang,female,overall,overall,83.3
2021-01-01,Sabah,P.174 Penampang,male,overall,overall,94.8
2022-01-01,Sabah,P.174 Penampang,both,citizen,overall,159.7
2022-01-01,Sabah,P.174 Penampang,both,noncitizen,overall,18.6
2022-01-01,Sabah,P.174 Penampang,both,overall,overall,178.3
2022-01-01,Sabah,P.174 Penampang,female,overall,overall,83.5
2022-01-01,Sabah,P.174 Penampang,male,overall,overall,94.8
2023-01-01,Sabah,P.174 Penampang,both,citizen,overall,164.1
2023-01-01,Sabah,P.174 Penampang,both,noncitizen,overall,23.7
2023-01-01,Sabah,P.174 Penampang,both,overall,overall,187.8
2023-01-01,Sabah,P.174 Penampang,female,overall,overall,87.8
2023-01-01,Sabah,P.174 Penampang,male,overall,overall,100.1
2024-01-01,Sabah,P.174 Penampang,both,citizen,overall,167.7
2024-01-01,Sabah,P.174 Penampang,both,noncitizen,overall,27.6
2024-01-01,Sabah,P.174 Penampang,both,overall,overall,195.4
2024-01-01,Sabah,P.174 Penampang,female,overall,overall,91.2
2024-01-01,Sabah,P.174 Penampang,male,overall,overall,104.2
2020-01-01,Sabah,P.175 Papar,both,overall,overall,106.8
2020-01-01,Sabah,P.175 Papar,both,overall,citizen,98.5
2020-01-01,Sabah,P.175 Papar,both,overall,noncitizen,8.3
2020-01-01,Sabah,P.175 Papar,female,overall,overall,50.6
2020-01-01,Sabah,P.175 Papar,male,overall,overall,56.2
2021-01-01,Sabah,P.175 Papar,both,citizen,overall,98.7
2021-01-01,Sabah,P.175 Papar,both,noncitizen,overall,7.9
2021-01-01,Sabah,P.175 Papar,both,overall,overall,106.6
2021-01-01,Sabah,P.175 Papar,female,overall,overall,50.4
2021-01-01,Sabah,P.175 Papar,male,overall,overall,56.2
2022-01-01,Sabah,P.175 Papar,both,citizen,overall,99.2
2022-01-01,Sabah,P.175 Papar,both,noncitizen,overall,7.4
2022-01-01,Sabah,P.175 Papar,both,overall,overall,106.6
2022-01-01,Sabah,P.175 Papar,female,overall,overall,50.5
2022-01-01,Sabah,P.175 Papar,male,overall,overall,56.2
2023-01-01,Sabah,P.175 Papar,both,citizen,overall,101.2
2023-01-01,Sabah,P.175 Papar,both,noncitizen,overall,11.2
2023-01-01,Sabah,P.175 Papar,both,overall,overall,112.3
2023-01-01,Sabah,P.175 Papar,female,overall,overall,53.1
2023-01-01,Sabah,P.175 Papar,male,overall,overall,59.2
2024-01-01,Sabah,P.175 Papar,both,citizen,overall,104.9
2024-01-01,Sabah,P.175 Papar,both,noncitizen,overall,12.0
2024-01-01,Sabah,P.175 Papar,both,overall,overall,116.9
2024-01-01,Sabah,P.175 Papar,female,overall,overall,55.2
2024-01-01,Sabah,P.175 Papar,male,overall,overall,61.8
2020-01-01,Sabah,P.176 Kimanis,both,overall,overall,50.4
2020-01-01,Sabah,P.176 Kimanis,both,overall,citizen,45.8
2020-01-01,Sabah,P.176 Kimanis,both,overall,noncitizen,4.6
2020-01-01,Sabah,P.176 Kimanis,female,overall,overall,24.4
2020-01-01,Sabah,P.176 Kimanis,male,overall,overall,26.0
2021-01-01,Sabah,P.176 Kimanis,both,citizen,overall,46.0
2021-01-01,Sabah,P.176 Kimanis,both,noncitizen,overall,4.3
2021-01-01,Sabah,P.176 Kimanis,both,overall,overall,50.3
2021-01-01,Sabah,P.176 Kimanis,female,overall,overall,24.3
2021-01-01,Sabah,P.176 Kimanis,male,overall,overall,26.0
2022-01-01,Sabah,P.176 Kimanis,both,citizen,overall,46.3
2022-01-01,Sabah,P.176 Kimanis,both,noncitizen,overall,4.0
2022-01-01,Sabah,P.176 Kimanis,both,overall,overall,50.3
2022-01-01,Sabah,P.176 Kimanis,female,overall,overall,24.3
2022-01-01,Sabah,P.176 Kimanis,male,overall,overall,26.0
2023-01-01,Sabah,P.176 Kimanis,both,citizen,overall,47.2
2023-01-01,Sabah,P.176 Kimanis,both,noncitizen,overall,5.8
2023-01-01,Sabah,P.176 Kimanis,both,overall,overall,53.0
2023-01-01,Sabah,P.176 Kimanis,female,overall,overall,25.6
2023-01-01,Sabah,P.176 Kimanis,male,overall,overall,27.4
2024-01-01,Sabah,P.176 Kimanis,both,citizen,overall,48.6
2024-01-01,Sabah,P.176 Kimanis,both,noncitizen,overall,6.6
2024-01-01,Sabah,P.176 Kimanis,both,overall,overall,55.2
2024-01-01,Sabah,P.176 Kimanis,female,overall,overall,26.7
2024-01-01,Sabah,P.176 Kimanis,male,overall,overall,28.6
2020-01-01,Sabah,P.177 Beaufort,both,overall,overall,52.1
2020-01-01,Sabah,P.177 Beaufort,both,overall,citizen,48.5
2020-01-01,Sabah,P.177 Beaufort,both,overall,noncitizen,3.6
2020-01-01,Sabah,P.177 Beaufort,female,overall,overall,25.7
2020-01-01,Sabah,P.177 Beaufort,male,overall,overall,26.4
2021-01-01,Sabah,P.177 Beaufort,both,citizen,overall,48.7
2021-01-01,Sabah,P.177 Beaufort,both,noncitizen,overall,3.4
2021-01-01,Sabah,P.177 Beaufort,both,overall,overall,52.0
2021-01-01,Sabah,P.177 Beaufort,female,overall,overall,25.6
2021-01-01,Sabah,P.177 Beaufort,male,overall,overall,26.4
2022-01-01,Sabah,P.177 Beaufort,both,citizen,overall,48.9
2022-01-01,Sabah,P.177 Beaufort,both,noncitizen,overall,3.2
2022-01-01,Sabah,P.177 Beaufort,both,overall,overall,52.1
2022-01-01,Sabah,P.177 Beaufort,female,overall,overall,25.6
2022-01-01,Sabah,P.177 Beaufort,male,overall,overall,26.4
2023-01-01,Sabah,P.177 Beaufort,both,citizen,overall,50.7
2023-01-01,Sabah,P.177 Beaufort,both,noncitizen,overall,4.1
2023-01-01,Sabah,P.177 Beaufort,both,overall,overall,54.8
2023-01-01,Sabah,P.177 Beaufort,female,overall,overall,27.0
2023-01-01,Sabah,P.177 Beaufort,male,overall,overall,27.8
2024-01-01,Sabah,P.177 Beaufort,both,citizen,overall,51.6
2024-01-01,Sabah,P.177 Beaufort,both,noncitizen,overall,5.4
2024-01-01,Sabah,P.177 Beaufort,both,overall,overall,57.1
2024-01-01,Sabah,P.177 Beaufort,female,overall,overall,28.0
2024-01-01,Sabah,P.177 Beaufort,male,overall,overall,29.0
2020-01-01,Sabah,P.178 Sipitang,both,overall,overall,66.6
2020-01-01,Sabah,P.178 Sipitang,both,overall,citizen,60.5
2020-01-01,Sabah,P.178 Sipitang,both,overall,noncitizen,6.1
2020-01-01,Sabah,P.178 Sipitang,female,overall,overall,32.2
2020-01-01,Sabah,P.178 Sipitang,male,overall,overall,34.4
2021-01-01,Sabah,P.178 Sipitang,both,citizen,overall,60.7
2021-01-01,Sabah,P.178 Sipitang,both,noncitizen,overall,5.8
2021-01-01,Sabah,P.178 Sipitang,both,overall,overall,66.5
2021-01-01,Sabah,P.178 Sipitang,female,overall,overall,32.1
2021-01-01,Sabah,P.178 Sipitang,male,overall,overall,34.4
2022-01-01,Sabah,P.178 Sipitang,both,citizen,overall,61.2
2022-01-01,Sabah,P.178 Sipitang,both,noncitizen,overall,5.3
2022-01-01,Sabah,P.178 Sipitang,both,overall,overall,66.5
2022-01-01,Sabah,P.178 Sipitang,female,overall,overall,32.1
2022-01-01,Sabah,P.178 Sipitang,male,overall,overall,34.4
2023-01-01,Sabah,P.178 Sipitang,both,citizen,overall,63.0
2023-01-01,Sabah,P.178 Sipitang,both,noncitizen,overall,7.0
2023-01-01,Sabah,P.178 Sipitang,both,overall,overall,70.1
2023-01-01,Sabah,P.178 Sipitang,female,overall,overall,33.8
2023-01-01,Sabah,P.178 Sipitang,male,overall,overall,36.2
2024-01-01,Sabah,P.178 Sipitang,both,citizen,overall,64.1
2024-01-01,Sabah,P.178 Sipitang,both,noncitizen,overall,8.8
2024-01-01,Sabah,P.178 Sipitang,both,overall,overall,72.9
2024-01-01,Sabah,P.178 Sipitang,female,overall,overall,35.1
2024-01-01,Sabah,P.178 Sipitang,male,overall,overall,37.8
2020-01-01,Sabah,P.179 Ranau,both,overall,overall,86.1
2020-01-01,Sabah,P.179 Ranau,both,overall,citizen,79.7
2020-01-01,Sabah,P.179 Ranau,both,overall,noncitizen,6.3
2020-01-01,Sabah,P.179 Ranau,female,overall,overall,41.4
2020-01-01,Sabah,P.179 Ranau,male,overall,overall,44.7
2021-01-01,Sabah,P.179 Ranau,both,citizen,overall,79.9
2021-01-01,Sabah,P.179 Ranau,both,noncitizen,overall,6.1
2021-01-01,Sabah,P.179 Ranau,both,overall,overall,85.9
2021-01-01,Sabah,P.179 Ranau,female,overall,overall,41.3
2021-01-01,Sabah,P.179 Ranau,male,overall,overall,44.6
2022-01-01,Sabah,P.179 Ranau,both,citizen,overall,80.3
2022-01-01,Sabah,P.179 Ranau,both,noncitizen,overall,5.8
2022-01-01,Sabah,P.179 Ranau,both,overall,overall,86.0
2022-01-01,Sabah,P.179 Ranau,female,overall,overall,41.3
2022-01-01,Sabah,P.179 Ranau,male,overall,overall,44.6
2023-01-01,Sabah,P.179 Ranau,both,citizen,overall,83.4
2023-01-01,Sabah,P.179 Ranau,both,noncitizen,overall,7.2
2023-01-01,Sabah,P.179 Ranau,both,overall,overall,90.6
2023-01-01,Sabah,P.179 Ranau,female,overall,overall,43.5
2023-01-01,Sabah,P.179 Ranau,male,overall,overall,47.1
2024-01-01,Sabah,P.179 Ranau,both,citizen,overall,85.3
2024-01-01,Sabah,P.179 Ranau,both,noncitizen,overall,8.9
2024-01-01,Sabah,P.179 Ranau,both,overall,overall,94.2
2024-01-01,Sabah,P.179 Ranau,female,overall,overall,45.1
2024-01-01,Sabah,P.179 Ranau,male,overall,overall,49.1
2020-01-01,Sabah,P.180 Keningau,both,overall,overall,129.9
2020-01-01,Sabah,P.180 Keningau,both,overall,citizen,117.6
2020-01-01,Sabah,P.180 Keningau,both,overall,noncitizen,12.3
2020-01-01,Sabah,P.180 Keningau,female,overall,overall,63.5
2020-01-01,Sabah,P.180 Keningau,male,overall,overall,66.4
2021-01-01,Sabah,P.180 Keningau,both,citizen,overall,118.0
2021-01-01,Sabah,P.180 Keningau,both,noncitizen,overall,11.7
2021-01-01,Sabah,P.180 Keningau,both,overall,overall,129.6
2021-01-01,Sabah,P.180 Keningau,female,overall,overall,63.3
2021-01-01,Sabah,P.180 Keningau,male,overall,overall,66.4
2022-01-01,Sabah,P.180 Keningau,both,citizen,overall,118.5
2022-01-01,Sabah,P.180 Keningau,both,noncitizen,overall,11.3
2022-01-01,Sabah,P.180 Keningau,both,overall,overall,129.8
2022-01-01,Sabah,P.180 Keningau,female,overall,overall,63.4
2022-01-01,Sabah,P.180 Keningau,male,overall,overall,66.4
2023-01-01,Sabah,P.180 Keningau,both,citizen,overall,120.8
2023-01-01,Sabah,P.180 Keningau,both,noncitizen,overall,15.8
2023-01-01,Sabah,P.180 Keningau,both,overall,overall,136.7
2023-01-01,Sabah,P.180 Keningau,female,overall,overall,66.6
2023-01-01,Sabah,P.180 Keningau,male,overall,overall,70.1
2024-01-01,Sabah,P.180 Keningau,both,citizen,overall,125.3
2024-01-01,Sabah,P.180 Keningau,both,noncitizen,overall,16.9
2024-01-01,Sabah,P.180 Keningau,both,overall,overall,142.1
2024-01-01,Sabah,P.180 Keningau,female,overall,overall,69.3
2024-01-01,Sabah,P.180 Keningau,male,overall,overall,72.9
2020-01-01,Sabah,P.181 Tenom,both,overall,overall,50.2
2020-01-01,Sabah,P.181 Tenom,both,overall,citizen,48.0
2020-01-01,Sabah,P.181 Tenom,both,overall,noncitizen,2.2
2020-01-01,Sabah,P.181 Tenom,female,overall,overall,24.4
2020-01-01,Sabah,P.181 Tenom,male,overall,overall,25.8
2021-01-01,Sabah,P.181 Tenom,both,citizen,overall,48.1
2021-01-01,Sabah,P.181 Tenom,both,noncitizen,overall,2.0
2021-01-01,Sabah,P.181 Tenom,both,overall,overall,50.1
2021-01-01,Sabah,P.181 Tenom,female,overall,overall,24.3
2021-01-01,Sabah,P.181 Tenom,male,overall,overall,25.8
2022-01-01,Sabah,P.181 Tenom,both,citizen,overall,48.2
2022-01-01,Sabah,P.181 Tenom,both,noncitizen,overall,1.9
2022-01-01,Sabah,P.181 Tenom,both,overall,overall,50.2
2022-01-01,Sabah,P.181 Tenom,female,overall,overall,24.4
2022-01-01,Sabah,P.181 Tenom,male,overall,overall,25.8
2023-01-01,Sabah,P.181 Tenom,both,citizen,overall,49.3
2023-01-01,Sabah,P.181 Tenom,both,noncitizen,overall,3.5
2023-01-01,Sabah,P.181 Tenom,both,overall,overall,52.9
2023-01-01,Sabah,P.181 Tenom,female,overall,overall,25.6
2023-01-01,Sabah,P.181 Tenom,male,overall,overall,27.2
2024-01-01,Sabah,P.181 Tenom,both,citizen,overall,51.4
2024-01-01,Sabah,P.181 Tenom,both,noncitizen,overall,3.5
2024-01-01,Sabah,P.181 Tenom,both,overall,overall,55.0
2024-01-01,Sabah,P.181 Tenom,female,overall,overall,26.7
2024-01-01,Sabah,P.181 Tenom,male,overall,overall,28.4
2020-01-01,Sabah,P.182 Pensiangan,both,overall,overall,82.5
2020-01-01,Sabah,P.182 Pensiangan,both,overall,citizen,74.0
2020-01-01,Sabah,P.182 Pensiangan,both,overall,noncitizen,8.5
2020-01-01,Sabah,P.182 Pensiangan,female,overall,overall,39.0
2020-01-01,Sabah,P.182 Pensiangan,male,overall,overall,43.5
2021-01-01,Sabah,P.182 Pensiangan,both,citizen,overall,74.2
2021-01-01,Sabah,P.182 Pensiangan,both,noncitizen,overall,8.1
2021-01-01,Sabah,P.182 Pensiangan,both,overall,overall,82.4
2021-01-01,Sabah,P.182 Pensiangan,female,overall,overall,38.9
2021-01-01,Sabah,P.182 Pensiangan,male,overall,overall,43.4
2022-01-01,Sabah,P.182 Pensiangan,both,citizen,overall,74.6
2022-01-01,Sabah,P.182 Pensiangan,both,noncitizen,overall,7.8
2022-01-01,Sabah,P.182 Pensiangan,both,overall,overall,82.4
2022-01-01,Sabah,P.182 Pensiangan,female,overall,overall,38.9
2022-01-01,Sabah,P.182 Pensiangan,male,overall,overall,43.4
2023-01-01,Sabah,P.182 Pensiangan,both,citizen,overall,76.2
2023-01-01,Sabah,P.182 Pensiangan,both,noncitizen,overall,10.7
2023-01-01,Sabah,P.182 Pensiangan,both,overall,overall,86.8
2023-01-01,Sabah,P.182 Pensiangan,female,overall,overall,40.9
2023-01-01,Sabah,P.182 Pensiangan,male,overall,overall,45.8
2024-01-01,Sabah,P.182 Pensiangan,both,citizen,overall,79.2
2024-01-01,Sabah,P.182 Pensiangan,both,noncitizen,overall,11.1
2024-01-01,Sabah,P.182 Pensiangan,both,overall,overall,90.3
2024-01-01,Sabah,P.182 Pensiangan,female,overall,overall,42.6
2024-01-01,Sabah,P.182 Pensiangan,male,overall,overall,47.8
2020-01-01,Sabah,P.183 Beluran,both,overall,overall,101.1
2020-01-01,Sabah,P.183 Beluran,both,overall,citizen,59.0
2020-01-01,Sabah,P.183 Beluran,both,overall,noncitizen,42.0
2020-01-01,Sabah,P.183 Beluran,female,overall,overall,46.4
2020-01-01,Sabah,P.183 Beluran,male,overall,overall,54.7
2021-01-01,Sabah,P.183 Beluran,both,citizen,overall,60.3
2021-01-01,Sabah,P.183 Beluran,both,noncitizen,overall,40.6
2021-01-01,Sabah,P.183 Beluran,both,overall,overall,100.9
2021-01-01,Sabah,P.183 Beluran,female,overall,overall,46.2
2021-01-01,Sabah,P.183 Beluran,male,overall,overall,54.6
2022-01-01,Sabah,P.183 Beluran,both,citizen,overall,60.7
2022-01-01,Sabah,P.183 Beluran,both,noncitizen,overall,40.3
2022-01-01,Sabah,P.183 Beluran,both,overall,overall,100.9
2022-01-01,Sabah,P.183 Beluran,female,overall,overall,46.3
2022-01-01,Sabah,P.183 Beluran,male,overall,overall,54.6
2023-01-01,Sabah,P.183 Beluran,both,citizen,overall,59.5
2023-01-01,Sabah,P.183 Beluran,both,noncitizen,overall,46.8
2023-01-01,Sabah,P.183 Beluran,both,overall,overall,106.3
2023-01-01,Sabah,P.183 Beluran,female,overall,overall,48.6
2023-01-01,Sabah,P.183 Beluran,male,overall,overall,57.6
2024-01-01,Sabah,P.183 Beluran,both,citizen,overall,58.4
2024-01-01,Sabah,P.183 Beluran,both,noncitizen,overall,52.1
2024-01-01,Sabah,P.183 Beluran,both,overall,overall,110.6
2024-01-01,Sabah,P.183 Beluran,female,overall,overall,50.6
2024-01-01,Sabah,P.183 Beluran,male,overall,overall,60.2
2020-01-01,Sabah,P.184 Libaran,both,overall,overall,171.5
2020-01-01,Sabah,P.184 Libaran,both,overall,citizen,122.8
2020-01-01,Sabah,P.184 Libaran,both,overall,noncitizen,48.6
2020-01-01,Sabah,P.184 Libaran,female,overall,overall,84.2
2020-01-01,Sabah,P.184 Libaran,male,overall,overall,87.2
2021-01-01,Sabah,P.184 Libaran,both,citizen,overall,124.5
2021-01-01,Sabah,P.184 Libaran,both,noncitizen,overall,46.7
2021-01-01,Sabah,P.184 Libaran,both,overall,overall,171.2
2021-01-01,Sabah,P.184 Libaran,female,overall,overall,84.0
2021-01-01,Sabah,P.184 Libaran,male,overall,overall,87.1
2022-01-01,Sabah,P.184 Libaran,both,citizen,overall,125.1
2022-01-01,Sabah,P.184 Libaran,both,noncitizen,overall,46.1
2022-01-01,Sabah,P.184 Libaran,both,overall,overall,171.3
2022-01-01,Sabah,P.184 Libaran,female,overall,overall,84.1
2022-01-01,Sabah,P.184 Libaran,male,overall,overall,87.1
2023-01-01,Sabah,P.184 Libaran,both,citizen,overall,125.4
2023-01-01,Sabah,P.184 Libaran,both,noncitizen,overall,55.1
2023-01-01,Sabah,P.184 Libaran,both,overall,overall,180.4
2023-01-01,Sabah,P.184 Libaran,female,overall,overall,88.5
2023-01-01,Sabah,P.184 Libaran,male,overall,overall,92.0
2024-01-01,Sabah,P.184 Libaran,both,citizen,overall,124.9
2024-01-01,Sabah,P.184 Libaran,both,noncitizen,overall,62.7
2024-01-01,Sabah,P.184 Libaran,both,overall,overall,187.7
2024-01-01,Sabah,P.184 Libaran,female,overall,overall,91.8
2024-01-01,Sabah,P.184 Libaran,male,overall,overall,95.8
2020-01-01,Sabah,P.185 Batu Sapi,both,overall,overall,119.7
2020-01-01,Sabah,P.185 Batu Sapi,both,overall,citizen,85.1
2020-01-01,Sabah,P.185 Batu Sapi,both,overall,noncitizen,34.6
2020-01-01,Sabah,P.185 Batu Sapi,female,overall,overall,57.2
2020-01-01,Sabah,P.185 Batu Sapi,male,overall,overall,62.5
2021-01-01,Sabah,P.185 Batu Sapi,both,citizen,overall,86.3
2021-01-01,Sabah,P.185 Batu Sapi,both,noncitizen,overall,33.2
2021-01-01,Sabah,P.185 Batu Sapi,both,overall,overall,119.5
2021-01-01,Sabah,P.185 Batu Sapi,female,overall,overall,57.0
2021-01-01,Sabah,P.185 Batu Sapi,male,overall,overall,62.5
2022-01-01,Sabah,P.185 Batu Sapi,both,citizen,overall,86.9
2022-01-01,Sabah,P.185 Batu Sapi,both,noncitizen,overall,32.6
2022-01-01,Sabah,P.185 Batu Sapi,both,overall,overall,119.5
2022-01-01,Sabah,P.185 Batu Sapi,female,overall,overall,57.0
2022-01-01,Sabah,P.185 Batu Sapi,male,overall,overall,62.5
2023-01-01,Sabah,P.185 Batu Sapi,both,citizen,overall,86.6
2023-01-01,Sabah,P.185 Batu Sapi,both,noncitizen,overall,39.3
2023-01-01,Sabah,P.185 Batu Sapi,both,overall,overall,126.0
2023-01-01,Sabah,P.185 Batu Sapi,female,overall,overall,60.0
2023-01-01,Sabah,P.185 Batu Sapi,male,overall,overall,65.9
2024-01-01,Sabah,P.185 Batu Sapi,both,citizen,overall,86.5
2024-01-01,Sabah,P.185 Batu Sapi,both,noncitizen,overall,44.5
2024-01-01,Sabah,P.185 Batu Sapi,both,overall,overall,131.0
2024-01-01,Sabah,P.185 Batu Sapi,female,overall,overall,62.4
2024-01-01,Sabah,P.185 Batu Sapi,male,overall,overall,68.6
2020-01-01,Sabah,P.186 Sandakan,both,overall,overall,121.7
2020-01-01,Sabah,P.186 Sandakan,both,overall,citizen,82.1
2020-01-01,Sabah,P.186 Sandakan,both,overall,noncitizen,39.6
2020-01-01,Sabah,P.186 Sandakan,female,overall,overall,59.3
2020-01-01,Sabah,P.186 Sandakan,male,overall,overall,62.3
2021-01-01,Sabah,P.186 Sandakan,both,citizen,overall,83.4
2021-01-01,Sabah,P.186 Sandakan,both,noncitizen,overall,38.1
2021-01-01,Sabah,P.186 Sandakan,both,overall,overall,121.5
2021-01-01,Sabah,P.186 Sandakan,female,overall,overall,59.1
2021-01-01,Sabah,P.186 Sandakan,male,overall,overall,62.3
2022-01-01,Sabah,P.186 Sandakan,both,citizen,overall,84.2
2022-01-01,Sabah,P.186 Sandakan,both,noncitizen,overall,37.4
2022-01-01,Sabah,P.186 Sandakan,both,overall,overall,121.5
2022-01-01,Sabah,P.186 Sandakan,female,overall,overall,59.2
2022-01-01,Sabah,P.186 Sandakan,male,overall,overall,62.3
2023-01-01,Sabah,P.186 Sandakan,both,citizen,overall,83.1
2023-01-01,Sabah,P.186 Sandakan,both,noncitizen,overall,45.0
2023-01-01,Sabah,P.186 Sandakan,both,overall,overall,128.0
2023-01-01,Sabah,P.186 Sandakan,female,overall,overall,62.2
2023-01-01,Sabah,P.186 Sandakan,male,overall,overall,65.8
2024-01-01,Sabah,P.186 Sandakan,both,citizen,overall,82.3
2024-01-01,Sabah,P.186 Sandakan,both,noncitizen,overall,51.0
2024-01-01,Sabah,P.186 Sandakan,both,overall,overall,133.1
2024-01-01,Sabah,P.186 Sandakan,female,overall,overall,64.7
2024-01-01,Sabah,P.186 Sandakan,male,overall,overall,68.5
2020-01-01,Sabah,P.187 Kinabatangan,both,overall,overall,216.1
2020-01-01,Sabah,P.187 Kinabatangan,both,overall,citizen,79.6
2020-01-01,Sabah,P.187 Kinabatangan,both,overall,noncitizen,136.5
2020-01-01,Sabah,P.187 Kinabatangan,female,overall,overall,97.2
2020-01-01,Sabah,P.187 Kinabatangan,male,overall,overall,118.9
2021-01-01,Sabah,P.187 Kinabatangan,both,citizen,overall,82.3
2021-01-01,Sabah,P.187 Kinabatangan,both,noncitizen,overall,133.4
2021-01-01,Sabah,P.187 Kinabatangan,both,overall,overall,215.7
2021-01-01,Sabah,P.187 Kinabatangan,female,overall,overall,96.8
2021-01-01,Sabah,P.187 Kinabatangan,male,overall,overall,118.9
2022-01-01,Sabah,P.187 Kinabatangan,both,citizen,overall,84.1
2022-01-01,Sabah,P.187 Kinabatangan,both,noncitizen,overall,131.7
2022-01-01,Sabah,P.187 Kinabatangan,both,overall,overall,215.8
2022-01-01,Sabah,P.187 Kinabatangan,female,overall,overall,97.0
2022-01-01,Sabah,P.187 Kinabatangan,male,overall,overall,118.8
2023-01-01,Sabah,P.187 Kinabatangan,both,citizen,overall,77.5
2023-01-01,Sabah,P.187 Kinabatangan,both,noncitizen,overall,149.9
2023-01-01,Sabah,P.187 Kinabatangan,both,overall,overall,227.3
2023-01-01,Sabah,P.187 Kinabatangan,female,overall,overall,102.0
2023-01-01,Sabah,P.187 Kinabatangan,male,overall,overall,125.3
2024-01-01,Sabah,P.187 Kinabatangan,both,citizen,overall,75.1
2024-01-01,Sabah,P.187 Kinabatangan,both,noncitizen,overall,161.5
2024-01-01,Sabah,P.187 Kinabatangan,both,overall,overall,236.5
2024-01-01,Sabah,P.187 Kinabatangan,female,overall,overall,106.0
2024-01-01,Sabah,P.187 Kinabatangan,male,overall,overall,130.5
2020-01-01,Sabah,P.188 Lahad Datu,both,overall,overall,299.6
2020-01-01,Sabah,P.188 Lahad Datu,both,overall,citizen,180.5
2020-01-01,Sabah,P.188 Lahad Datu,both,overall,noncitizen,119.0
2020-01-01,Sabah,P.188 Lahad Datu,female,overall,overall,139.7
2020-01-01,Sabah,P.188 Lahad Datu,male,overall,overall,159.8
2021-01-01,Sabah,P.188 Lahad Datu,both,citizen,overall,184.4
2021-01-01,Sabah,P.188 Lahad Datu,both,noncitizen,overall,114.7
2021-01-01,Sabah,P.188 Lahad Datu,both,overall,overall,299.1
2021-01-01,Sabah,P.188 Lahad Datu,female,overall,overall,139.2
2021-01-01,Sabah,P.188 Lahad Datu,male,overall,overall,159.9
2022-01-01,Sabah,P.188 Lahad Datu,both,citizen,overall,186.5
2022-01-01,Sabah,P.188 Lahad Datu,both,noncitizen,overall,112.7
2022-01-01,Sabah,P.188 Lahad Datu,both,overall,overall,299.2
2022-01-01,Sabah,P.188 Lahad Datu,female,overall,overall,139.4
2022-01-01,Sabah,P.188 Lahad Datu,male,overall,overall,159.8
2023-01-01,Sabah,P.188 Lahad Datu,both,citizen,overall,181.7
2023-01-01,Sabah,P.188 Lahad Datu,both,noncitizen,overall,133.5
2023-01-01,Sabah,P.188 Lahad Datu,both,overall,overall,315.1
2023-01-01,Sabah,P.188 Lahad Datu,female,overall,overall,146.6
2023-01-01,Sabah,P.188 Lahad Datu,male,overall,overall,168.6
2024-01-01,Sabah,P.188 Lahad Datu,both,citizen,overall,178.3
2024-01-01,Sabah,P.188 Lahad Datu,both,noncitizen,overall,149.6
2024-01-01,Sabah,P.188 Lahad Datu,both,overall,overall,327.9
2024-01-01,Sabah,P.188 Lahad Datu,female,overall,overall,152.3
2024-01-01,Sabah,P.188 Lahad Datu,male,overall,overall,175.6
2020-01-01,Sabah,P.189 Semporna,both,overall,overall,166.6
2020-01-01,Sabah,P.189 Semporna,both,overall,citizen,102.7
2020-01-01,Sabah,P.189 Semporna,both,overall,noncitizen,63.8
2020-01-01,Sabah,P.189 Semporna,female,overall,overall,81.2
2020-01-01,Sabah,P.189 Semporna,male,overall,overall,85.4
2021-01-01,Sabah,P.189 Semporna,both,citizen,overall,104.9
2021-01-01,Sabah,P.189 Semporna,both,noncitizen,overall,61.4
2021-01-01,Sabah,P.189 Semporna,both,overall,overall,166.2
2021-01-01,Sabah,P.189 Semporna,female,overall,overall,80.9
2021-01-01,Sabah,P.189 Semporna,male,overall,overall,85.4
2022-01-01,Sabah,P.189 Semporna,both,citizen,overall,105.2
2022-01-01,Sabah,P.189 Semporna,both,noncitizen,overall,61.2
2022-01-01,Sabah,P.189 Semporna,both,overall,overall,166.4
2022-01-01,Sabah,P.189 Semporna,female,overall,overall,81.1
2022-01-01,Sabah,P.189 Semporna,male,overall,overall,85.4
2023-01-01,Sabah,P.189 Semporna,both,citizen,overall,104.1
2023-01-01,Sabah,P.189 Semporna,both,noncitizen,overall,71.1
2023-01-01,Sabah,P.189 Semporna,both,overall,overall,175.2
2023-01-01,Sabah,P.189 Semporna,female,overall,overall,85.1
2023-01-01,Sabah,P.189 Semporna,male,overall,overall,90.1
2024-01-01,Sabah,P.189 Semporna,both,citizen,overall,100.1
2024-01-01,Sabah,P.189 Semporna,both,noncitizen,overall,82.3
2024-01-01,Sabah,P.189 Semporna,both,overall,overall,182.3
2024-01-01,Sabah,P.189 Semporna,female,overall,overall,88.5
2024-01-01,Sabah,P.189 Semporna,male,overall,overall,93.8
2020-01-01,Sabah,P.190 Tawau,both,overall,overall,230.5
2020-01-01,Sabah,P.190 Tawau,both,overall,citizen,155.4
2020-01-01,Sabah,P.190 Tawau,both,overall,noncitizen,75.1
2020-01-01,Sabah,P.190 Tawau,female,overall,overall,109.9
2020-01-01,Sabah,P.190 Tawau,male,overall,overall,120.7
2021-01-01,Sabah,P.190 Tawau,both,citizen,overall,158.0
2021-01-01,Sabah,P.190 Tawau,both,noncitizen,overall,72.0
2021-01-01,Sabah,P.190 Tawau,both,overall,overall,230.1
2021-01-01,Sabah,P.190 Tawau,female,overall,overall,109.4
2021-01-01,Sabah,P.190 Tawau,male,overall,overall,120.6
2022-01-01,Sabah,P.190 Tawau,both,citizen,overall,159.7
2022-01-01,Sabah,P.190 Tawau,both,noncitizen,overall,70.6
2022-01-01,Sabah,P.190 Tawau,both,overall,overall,230.3
2022-01-01,Sabah,P.190 Tawau,female,overall,overall,109.7
2022-01-01,Sabah,P.190 Tawau,male,overall,overall,120.6
2023-01-01,Sabah,P.190 Tawau,both,citizen,overall,157.5
2023-01-01,Sabah,P.190 Tawau,both,noncitizen,overall,85.0
2023-01-01,Sabah,P.190 Tawau,both,overall,overall,242.5
2023-01-01,Sabah,P.190 Tawau,female,overall,overall,115.3
2023-01-01,Sabah,P.190 Tawau,male,overall,overall,127.2
2024-01-01,Sabah,P.190 Tawau,both,citizen,overall,155.1
2024-01-01,Sabah,P.190 Tawau,both,noncitizen,overall,97.3
2024-01-01,Sabah,P.190 Tawau,both,overall,overall,252.3
2024-01-01,Sabah,P.190 Tawau,female,overall,overall,119.7
2024-01-01,Sabah,P.190 Tawau,male,overall,overall,132.5
2020-01-01,Sabah,P.191 Kalabakan,both,overall,overall,188.7
2020-01-01,Sabah,P.191 Kalabakan,both,overall,citizen,125.0
2020-01-01,Sabah,P.191 Kalabakan,both,overall,noncitizen,63.6
2020-01-01,Sabah,P.191 Kalabakan,female,overall,overall,89.4
2020-01-01,Sabah,P.191 Kalabakan,male,overall,overall,99.3
2021-01-01,Sabah,P.191 Kalabakan,both,citizen,overall,127.0
2021-01-01,Sabah,P.191 Kalabakan,both,noncitizen,overall,61.4
2021-01-01,Sabah,P.191 Kalabakan,both,overall,overall,188.3
2021-01-01,Sabah,P.191 Kalabakan,female,overall,overall,89.1
2021-01-01,Sabah,P.191 Kalabakan,male,overall,overall,99.3
2022-01-01,Sabah,P.191 Kalabakan,both,citizen,overall,128.2
2022-01-01,Sabah,P.191 Kalabakan,both,noncitizen,overall,60.3
2022-01-01,Sabah,P.191 Kalabakan,both,overall,overall,188.5
2022-01-01,Sabah,P.191 Kalabakan,female,overall,overall,89.2
2022-01-01,Sabah,P.191 Kalabakan,male,overall,overall,99.2
2023-01-01,Sabah,P.191 Kalabakan,both,citizen,overall,126.6
2023-01-01,Sabah,P.191 Kalabakan,both,noncitizen,overall,71.8
2023-01-01,Sabah,P.191 Kalabakan,both,overall,overall,198.4
2023-01-01,Sabah,P.191 Kalabakan,female,overall,overall,93.8
2023-01-01,Sabah,P.191 Kalabakan,male,overall,overall,104.6
2024-01-01,Sabah,P.191 Kalabakan,both,citizen,overall,126.6
2024-01-01,Sabah,P.191 Kalabakan,both,noncitizen,overall,79.9
2024-01-01,Sabah,P.191 Kalabakan,both,overall,overall,206.5
2024-01-01,Sabah,P.191 Kalabakan,female,overall,overall,97.4
2024-01-01,Sabah,P.191 Kalabakan,male,overall,overall,109.1
2020-01-01,Sarawak,P.192 Mas Gading,both,overall,overall,51.4
2020-01-01,Sarawak,P.192 Mas Gading,both,overall,citizen,48.8
2020-01-01,Sarawak,P.192 Mas Gading,both,overall,noncitizen,2.6
2020-01-01,Sarawak,P.192 Mas Gading,female,overall,overall,24.2
2020-01-01,Sarawak,P.192 Mas Gading,male,overall,overall,27.2
2021-01-01,Sarawak,P.192 Mas Gading,both,citizen,overall,49.2
2021-01-01,Sarawak,P.192 Mas Gading,both,noncitizen,overall,2.5
2021-01-01,Sarawak,P.192 Mas Gading,both,overall,overall,51.7
2021-01-01,Sarawak,P.192 Mas Gading,female,overall,overall,24.4
2021-01-01,Sarawak,P.192 Mas Gading,male,overall,overall,27.2
2022-01-01,Sarawak,P.192 Mas Gading,both,citizen,overall,49.4
2022-01-01,Sarawak,P.192 Mas Gading,both,noncitizen,overall,2.4
2022-01-01,Sarawak,P.192 Mas Gading,both,overall,overall,51.8
2022-01-01,Sarawak,P.192 Mas Gading,female,overall,overall,24.5
2022-01-01,Sarawak,P.192 Mas Gading,male,overall,overall,27.4
2023-01-01,Sarawak,P.192 Mas Gading,both,citizen,overall,49.8
2023-01-01,Sarawak,P.192 Mas Gading,both,noncitizen,overall,2.6
2023-01-01,Sarawak,P.192 Mas Gading,both,overall,overall,52.5
2023-01-01,Sarawak,P.192 Mas Gading,female,overall,overall,24.8
2023-01-01,Sarawak,P.192 Mas Gading,male,overall,overall,27.7
2024-01-01,Sarawak,P.192 Mas Gading,both,citizen,overall,50.2
2024-01-01,Sarawak,P.192 Mas Gading,both,noncitizen,overall,2.5
2024-01-01,Sarawak,P.192 Mas Gading,both,overall,overall,52.7
2024-01-01,Sarawak,P.192 Mas Gading,female,overall,overall,25.0
2024-01-01,Sarawak,P.192 Mas Gading,male,overall,overall,27.9
2020-01-01,Sarawak,P.193 Santubong,both,overall,overall,117.8
2020-01-01,Sarawak,P.193 Santubong,both,overall,citizen,115.1
2020-01-01,Sarawak,P.193 Santubong,both,overall,noncitizen,2.6
2020-01-01,Sarawak,P.193 Santubong,female,overall,overall,58.1
2020-01-01,Sarawak,P.193 Santubong,male,overall,overall,59.7
2021-01-01,Sarawak,P.193 Santubong,both,citizen,overall,115.8
2021-01-01,Sarawak,P.193 Santubong,both,noncitizen,overall,2.5
2021-01-01,Sarawak,P.193 Santubong,both,overall,overall,118.3
2021-01-01,Sarawak,P.193 Santubong,female,overall,overall,58.4
2021-01-01,Sarawak,P.193 Santubong,male,overall,overall,59.9
2022-01-01,Sarawak,P.193 Santubong,both,citizen,overall,116.3
2022-01-01,Sarawak,P.193 Santubong,both,noncitizen,overall,2.4
2022-01-01,Sarawak,P.193 Santubong,both,overall,overall,118.7
2022-01-01,Sarawak,P.193 Santubong,female,overall,overall,58.7
2022-01-01,Sarawak,P.193 Santubong,male,overall,overall,60.0
2023-01-01,Sarawak,P.193 Santubong,both,citizen,overall,117.5
2023-01-01,Sarawak,P.193 Santubong,both,noncitizen,overall,2.6
2023-01-01,Sarawak,P.193 Santubong,both,overall,overall,120.1
2023-01-01,Sarawak,P.193 Santubong,female,overall,overall,59.4
2023-01-01,Sarawak,P.193 Santubong,male,overall,overall,60.7
2024-01-01,Sarawak,P.193 Santubong,both,citizen,overall,118.3
2024-01-01,Sarawak,P.193 Santubong,both,noncitizen,overall,2.6
2024-01-01,Sarawak,P.193 Santubong,both,overall,overall,120.8
2024-01-01,Sarawak,P.193 Santubong,female,overall,overall,59.7
2024-01-01,Sarawak,P.193 Santubong,male,overall,overall,61.2
2020-01-01,Sarawak,P.194 Petra Jaya,both,overall,overall,150.8
2020-01-01,Sarawak,P.194 Petra Jaya,both,overall,citizen,149.6
2020-01-01,Sarawak,P.194 Petra Jaya,both,overall,noncitizen,1.2
2020-01-01,Sarawak,P.194 Petra Jaya,female,overall,overall,75.6
2020-01-01,Sarawak,P.194 Petra Jaya,male,overall,overall,75.2
2021-01-01,Sarawak,P.194 Petra Jaya,both,citizen,overall,150.4
2021-01-01,Sarawak,P.194 Petra Jaya,both,noncitizen,overall,1.1
2021-01-01,Sarawak,P.194 Petra Jaya,both,overall,overall,151.5
2021-01-01,Sarawak,P.194 Petra Jaya,female,overall,overall,76.1
2021-01-01,Sarawak,P.194 Petra Jaya,male,overall,overall,75.4
2022-01-01,Sarawak,P.194 Petra Jaya,both,citizen,overall,150.9
2022-01-01,Sarawak,P.194 Petra Jaya,both,noncitizen,overall,1.1
2022-01-01,Sarawak,P.194 Petra Jaya,both,overall,overall,152.0
2022-01-01,Sarawak,P.194 Petra Jaya,female,overall,overall,76.5
2022-01-01,Sarawak,P.194 Petra Jaya,male,overall,overall,75.6
2023-01-01,Sarawak,P.194 Petra Jaya,both,citizen,overall,152.5
2023-01-01,Sarawak,P.194 Petra Jaya,both,noncitizen,overall,1.2
2023-01-01,Sarawak,P.194 Petra Jaya,both,overall,overall,153.8
2023-01-01,Sarawak,P.194 Petra Jaya,female,overall,overall,77.3
2023-01-01,Sarawak,P.194 Petra Jaya,male,overall,overall,76.6
2024-01-01,Sarawak,P.194 Petra Jaya,both,citizen,overall,153.5
2024-01-01,Sarawak,P.194 Petra Jaya,both,noncitizen,overall,1.2
2024-01-01,Sarawak,P.194 Petra Jaya,both,overall,overall,154.7
2024-01-01,Sarawak,P.194 Petra Jaya,female,overall,overall,77.8
2024-01-01,Sarawak,P.194 Petra Jaya,male,overall,overall,76.9
2020-01-01,Sarawak,P.195 Bandar Kuching,both,overall,overall,116.3
2020-01-01,Sarawak,P.195 Bandar Kuching,both,overall,citizen,113.0
2020-01-01,Sarawak,P.195 Bandar Kuching,both,overall,noncitizen,3.3
2020-01-01,Sarawak,P.195 Bandar Kuching,female,overall,overall,57.8
2020-01-01,Sarawak,P.195 Bandar Kuching,male,overall,overall,58.5
2021-01-01,Sarawak,P.195 Bandar Kuching,both,citizen,overall,113.8
2021-01-01,Sarawak,P.195 Bandar Kuching,both,noncitizen,overall,3.1
2021-01-01,Sarawak,P.195 Bandar Kuching,both,overall,overall,116.8
2021-01-01,Sarawak,P.195 Bandar Kuching,female,overall,overall,58.1
2021-01-01,Sarawak,P.195 Bandar Kuching,male,overall,overall,58.6
2022-01-01,Sarawak,P.195 Bandar Kuching,both,citizen,overall,114.2
2022-01-01,Sarawak,P.195 Bandar Kuching,both,noncitizen,overall,3.0
2022-01-01,Sarawak,P.195 Bandar Kuching,both,overall,overall,117.3
2022-01-01,Sarawak,P.195 Bandar Kuching,female,overall,overall,58.4
2022-01-01,Sarawak,P.195 Bandar Kuching,male,overall,overall,58.8
2023-01-01,Sarawak,P.195 Bandar Kuching,both,citizen,overall,115.3
2023-01-01,Sarawak,P.195 Bandar Kuching,both,noncitizen,overall,3.3
2023-01-01,Sarawak,P.195 Bandar Kuching,both,overall,overall,118.6
2023-01-01,Sarawak,P.195 Bandar Kuching,female,overall,overall,59.0
2023-01-01,Sarawak,P.195 Bandar Kuching,male,overall,overall,59.5
2024-01-01,Sarawak,P.195 Bandar Kuching,both,citizen,overall,115.9
2024-01-01,Sarawak,P.195 Bandar Kuching,both,noncitizen,overall,3.5
2024-01-01,Sarawak,P.195 Bandar Kuching,both,overall,overall,119.2
2024-01-01,Sarawak,P.195 Bandar Kuching,female,overall,overall,59.5
2024-01-01,Sarawak,P.195 Bandar Kuching,male,overall,overall,59.9
2020-01-01,Sarawak,P.196 Stampin,both,overall,overall,212.2
2020-01-01,Sarawak,P.196 Stampin,both,overall,citizen,208.8
2020-01-01,Sarawak,P.196 Stampin,both,overall,noncitizen,3.4
2020-01-01,Sarawak,P.196 Stampin,female,overall,overall,104.5
2020-01-01,Sarawak,P.196 Stampin,male,overall,overall,107.7
2021-01-01,Sarawak,P.196 Stampin,both,citizen,overall,210.0
2021-01-01,Sarawak,P.196 Stampin,both,noncitizen,overall,3.3
2021-01-01,Sarawak,P.196 Stampin,both,overall,overall,213.2
2021-01-01,Sarawak,P.196 Stampin,female,overall,overall,105.1
2021-01-01,Sarawak,P.196 Stampin,male,overall,overall,108.1
2022-01-01,Sarawak,P.196 Stampin,both,citizen,overall,210.7
2022-01-01,Sarawak,P.196 Stampin,both,noncitizen,overall,3.1
2022-01-01,Sarawak,P.196 Stampin,both,overall,overall,213.9
2022-01-01,Sarawak,P.196 Stampin,female,overall,overall,105.7
2022-01-01,Sarawak,P.196 Stampin,male,overall,overall,108.2
2023-01-01,Sarawak,P.196 Stampin,both,citizen,overall,212.8
2023-01-01,Sarawak,P.196 Stampin,both,noncitizen,overall,3.6
2023-01-01,Sarawak,P.196 Stampin,both,overall,overall,216.4
2023-01-01,Sarawak,P.196 Stampin,female,overall,overall,106.8
2023-01-01,Sarawak,P.196 Stampin,male,overall,overall,109.6
2024-01-01,Sarawak,P.196 Stampin,both,citizen,overall,214.1
2024-01-01,Sarawak,P.196 Stampin,both,noncitizen,overall,3.7
2024-01-01,Sarawak,P.196 Stampin,both,overall,overall,217.7
2024-01-01,Sarawak,P.196 Stampin,female,overall,overall,107.5
2024-01-01,Sarawak,P.196 Stampin,male,overall,overall,110.2
2020-01-01,Sarawak,P.197 Kota Samarahan,both,overall,overall,158.5
2020-01-01,Sarawak,P.197 Kota Samarahan,both,overall,citizen,157.0
2020-01-01,Sarawak,P.197 Kota Samarahan,both,overall,noncitizen,1.5
2020-01-01,Sarawak,P.197 Kota Samarahan,female,overall,overall,81.0
2020-01-01,Sarawak,P.197 Kota Samarahan,male,overall,overall,77.5
2021-01-01,Sarawak,P.197 Kota Samarahan,both,citizen,overall,157.9
2021-01-01,Sarawak,P.197 Kota Samarahan,both,noncitizen,overall,1.4
2021-01-01,Sarawak,P.197 Kota Samarahan,both,overall,overall,159.2
2021-01-01,Sarawak,P.197 Kota Samarahan,female,overall,overall,81.5
2021-01-01,Sarawak,P.197 Kota Samarahan,male,overall,overall,77.8
2022-01-01,Sarawak,P.197 Kota Samarahan,both,citizen,overall,158.3
2022-01-01,Sarawak,P.197 Kota Samarahan,both,noncitizen,overall,1.4
2022-01-01,Sarawak,P.197 Kota Samarahan,both,overall,overall,159.9
2022-01-01,Sarawak,P.197 Kota Samarahan,female,overall,overall,82.0
2022-01-01,Sarawak,P.197 Kota Samarahan,male,overall,overall,77.9
2023-01-01,Sarawak,P.197 Kota Samarahan,both,citizen,overall,160.0
2023-01-01,Sarawak,P.197 Kota Samarahan,both,noncitizen,overall,1.6
2023-01-01,Sarawak,P.197 Kota Samarahan,both,overall,overall,161.6
2023-01-01,Sarawak,P.197 Kota Samarahan,female,overall,overall,82.8
2023-01-01,Sarawak,P.197 Kota Samarahan,male,overall,overall,78.9
2024-01-01,Sarawak,P.197 Kota Samarahan,both,citizen,overall,161.4
2024-01-01,Sarawak,P.197 Kota Samarahan,both,noncitizen,overall,1.4
2024-01-01,Sarawak,P.197 Kota Samarahan,both,overall,overall,162.6
2024-01-01,Sarawak,P.197 Kota Samarahan,female,overall,overall,83.4
2024-01-01,Sarawak,P.197 Kota Samarahan,male,overall,overall,79.3
2020-01-01,Sarawak,P.198 Puncak Borneo,both,overall,overall,80.8
2020-01-01,Sarawak,P.198 Puncak Borneo,both,overall,citizen,79.8
2020-01-01,Sarawak,P.198 Puncak Borneo,both,overall,noncitizen,1.0
2020-01-01,Sarawak,P.198 Puncak Borneo,female,overall,overall,38.7
2020-01-01,Sarawak,P.198 Puncak Borneo,male,overall,overall,42.1
2021-01-01,Sarawak,P.198 Puncak Borneo,both,citizen,overall,80.3
2021-01-01,Sarawak,P.198 Puncak Borneo,both,noncitizen,overall,1.0
2021-01-01,Sarawak,P.198 Puncak Borneo,both,overall,overall,81.1
2021-01-01,Sarawak,P.198 Puncak Borneo,female,overall,overall,39.0
2021-01-01,Sarawak,P.198 Puncak Borneo,male,overall,overall,42.3
2022-01-01,Sarawak,P.198 Puncak Borneo,both,citizen,overall,80.5
2022-01-01,Sarawak,P.198 Puncak Borneo,both,noncitizen,overall,1.0
2022-01-01,Sarawak,P.198 Puncak Borneo,both,overall,overall,81.4
2022-01-01,Sarawak,P.198 Puncak Borneo,female,overall,overall,39.1
2022-01-01,Sarawak,P.198 Puncak Borneo,male,overall,overall,42.3
2023-01-01,Sarawak,P.198 Puncak Borneo,both,citizen,overall,81.3
2023-01-01,Sarawak,P.198 Puncak Borneo,both,noncitizen,overall,1.1
2023-01-01,Sarawak,P.198 Puncak Borneo,both,overall,overall,82.4
2023-01-01,Sarawak,P.198 Puncak Borneo,female,overall,overall,39.6
2023-01-01,Sarawak,P.198 Puncak Borneo,male,overall,overall,42.9
2024-01-01,Sarawak,P.198 Puncak Borneo,both,citizen,overall,81.9
2024-01-01,Sarawak,P.198 Puncak Borneo,both,noncitizen,overall,1.1
2024-01-01,Sarawak,P.198 Puncak Borneo,both,overall,overall,82.9
2024-01-01,Sarawak,P.198 Puncak Borneo,female,overall,overall,39.7
2024-01-01,Sarawak,P.198 Puncak Borneo,male,overall,overall,43.0
2020-01-01,Sarawak,P.199 Serian,both,overall,overall,61.7
2020-01-01,Sarawak,P.199 Serian,both,overall,citizen,60.6
2020-01-01,Sarawak,P.199 Serian,both,overall,noncitizen,1.1
2020-01-01,Sarawak,P.199 Serian,female,overall,overall,30.2
2020-01-01,Sarawak,P.199 Serian,male,overall,overall,31.6
2021-01-01,Sarawak,P.199 Serian,both,citizen,overall,61.0
2021-01-01,Sarawak,P.199 Serian,both,noncitizen,overall,1.1
2021-01-01,Sarawak,P.199 Serian,both,overall,overall,62.1
2021-01-01,Sarawak,P.199 Serian,female,overall,overall,30.4
2021-01-01,Sarawak,P.199 Serian,male,overall,overall,31.6
2022-01-01,Sarawak,P.199 Serian,both,citizen,overall,61.2
2022-01-01,Sarawak,P.199 Serian,both,noncitizen,overall,1.0
2022-01-01,Sarawak,P.199 Serian,both,overall,overall,62.2
2022-01-01,Sarawak,P.199 Serian,female,overall,overall,30.5
2022-01-01,Sarawak,P.199 Serian,male,overall,overall,31.8
2023-01-01,Sarawak,P.199 Serian,both,citizen,overall,61.8
2023-01-01,Sarawak,P.199 Serian,both,noncitizen,overall,1.1
2023-01-01,Sarawak,P.199 Serian,both,overall,overall,63.0
2023-01-01,Sarawak,P.199 Serian,female,overall,overall,30.8
2023-01-01,Sarawak,P.199 Serian,male,overall,overall,32.2
2024-01-01,Sarawak,P.199 Serian,both,citizen,overall,62.3
2024-01-01,Sarawak,P.199 Serian,both,noncitizen,overall,1.0
2024-01-01,Sarawak,P.199 Serian,both,overall,overall,63.3
2024-01-01,Sarawak,P.199 Serian,female,overall,overall,31.1
2024-01-01,Sarawak,P.199 Serian,male,overall,overall,32.3
2020-01-01,Sarawak,P.200 Batang Sadong,both,overall,overall,33.7
2020-01-01,Sarawak,P.200 Batang Sadong,both,overall,citizen,31.4
2020-01-01,Sarawak,P.200 Batang Sadong,both,overall,noncitizen,2.3
2020-01-01,Sarawak,P.200 Batang Sadong,female,overall,overall,16.0
2020-01-01,Sarawak,P.200 Batang Sadong,male,overall,overall,17.6
2021-01-01,Sarawak,P.200 Batang Sadong,both,citizen,overall,31.8
2021-01-01,Sarawak,P.200 Batang Sadong,both,noncitizen,overall,2.1
2021-01-01,Sarawak,P.200 Batang Sadong,both,overall,overall,33.9
2021-01-01,Sarawak,P.200 Batang Sadong,female,overall,overall,16.2
2021-01-01,Sarawak,P.200 Batang Sadong,male,overall,overall,17.7
2022-01-01,Sarawak,P.200 Batang Sadong,both,citizen,overall,31.8
2022-01-01,Sarawak,P.200 Batang Sadong,both,noncitizen,overall,2.1
2022-01-01,Sarawak,P.200 Batang Sadong,both,overall,overall,33.9
2022-01-01,Sarawak,P.200 Batang Sadong,female,overall,overall,16.3
2022-01-01,Sarawak,P.200 Batang Sadong,male,overall,overall,17.7
2023-01-01,Sarawak,P.200 Batang Sadong,both,citizen,overall,32.1
2023-01-01,Sarawak,P.200 Batang Sadong,both,noncitizen,overall,2.2
2023-01-01,Sarawak,P.200 Batang Sadong,both,overall,overall,34.4
2023-01-01,Sarawak,P.200 Batang Sadong,female,overall,overall,16.4
2023-01-01,Sarawak,P.200 Batang Sadong,male,overall,overall,18.0
2024-01-01,Sarawak,P.200 Batang Sadong,both,citizen,overall,32.3
2024-01-01,Sarawak,P.200 Batang Sadong,both,noncitizen,overall,2.2
2024-01-01,Sarawak,P.200 Batang Sadong,both,overall,overall,34.5
2024-01-01,Sarawak,P.200 Batang Sadong,female,overall,overall,16.5
2024-01-01,Sarawak,P.200 Batang Sadong,male,overall,overall,18.0
2020-01-01,Sarawak,P.201 Batang Lupar,both,overall,overall,38.3
2020-01-01,Sarawak,P.201 Batang Lupar,both,overall,citizen,37.6
2020-01-01,Sarawak,P.201 Batang Lupar,both,overall,noncitizen,0.8
2020-01-01,Sarawak,P.201 Batang Lupar,female,overall,overall,18.7
2020-01-01,Sarawak,P.201 Batang Lupar,male,overall,overall,19.7
2021-01-01,Sarawak,P.201 Batang Lupar,both,citizen,overall,37.8
2021-01-01,Sarawak,P.201 Batang Lupar,both,noncitizen,overall,0.7
2021-01-01,Sarawak,P.201 Batang Lupar,both,overall,overall,38.5
2021-01-01,Sarawak,P.201 Batang Lupar,female,overall,overall,18.8
2021-01-01,Sarawak,P.201 Batang Lupar,male,overall,overall,19.8
2022-01-01,Sarawak,P.201 Batang Lupar,both,citizen,overall,37.9
2022-01-01,Sarawak,P.201 Batang Lupar,both,noncitizen,overall,0.7
2022-01-01,Sarawak,P.201 Batang Lupar,both,overall,overall,38.6
2022-01-01,Sarawak,P.201 Batang Lupar,female,overall,overall,18.9
2022-01-01,Sarawak,P.201 Batang Lupar,male,overall,overall,19.8
2023-01-01,Sarawak,P.201 Batang Lupar,both,citizen,overall,38.3
2023-01-01,Sarawak,P.201 Batang Lupar,both,noncitizen,overall,0.8
2023-01-01,Sarawak,P.201 Batang Lupar,both,overall,overall,39.2
2023-01-01,Sarawak,P.201 Batang Lupar,female,overall,overall,19.1
2023-01-01,Sarawak,P.201 Batang Lupar,male,overall,overall,20.0
2024-01-01,Sarawak,P.201 Batang Lupar,both,citizen,overall,38.6
2024-01-01,Sarawak,P.201 Batang Lupar,both,noncitizen,overall,0.7
2024-01-01,Sarawak,P.201 Batang Lupar,both,overall,overall,39.3
2024-01-01,Sarawak,P.201 Batang Lupar,female,overall,overall,19.3
2024-01-01,Sarawak,P.201 Batang Lupar,male,overall,overall,20.1
2020-01-01,Sarawak,P.202 Sri Aman,both,overall,overall,62.9
2020-01-01,Sarawak,P.202 Sri Aman,both,overall,citizen,60.9
2020-01-01,Sarawak,P.202 Sri Aman,both,overall,noncitizen,2.0
2020-01-01,Sarawak,P.202 Sri Aman,female,overall,overall,30.1
2020-01-01,Sarawak,P.202 Sri Aman,male,overall,overall,32.8
2021-01-01,Sarawak,P.202 Sri Aman,both,citizen,overall,61.3
2021-01-01,Sarawak,P.202 Sri Aman,both,noncitizen,overall,1.8
2021-01-01,Sarawak,P.202 Sri Aman,both,overall,overall,63.2
2021-01-01,Sarawak,P.202 Sri Aman,female,overall,overall,30.2
2021-01-01,Sarawak,P.202 Sri Aman,male,overall,overall,32.9
2022-01-01,Sarawak,P.202 Sri Aman,both,citizen,overall,61.6
2022-01-01,Sarawak,P.202 Sri Aman,both,noncitizen,overall,1.8
2022-01-01,Sarawak,P.202 Sri Aman,both,overall,overall,63.4
2022-01-01,Sarawak,P.202 Sri Aman,female,overall,overall,30.5
2022-01-01,Sarawak,P.202 Sri Aman,male,overall,overall,33.0
2023-01-01,Sarawak,P.202 Sri Aman,both,citizen,overall,62.1
2023-01-01,Sarawak,P.202 Sri Aman,both,noncitizen,overall,2.0
2023-01-01,Sarawak,P.202 Sri Aman,both,overall,overall,64.1
2023-01-01,Sarawak,P.202 Sri Aman,female,overall,overall,30.7
2023-01-01,Sarawak,P.202 Sri Aman,male,overall,overall,33.4
2024-01-01,Sarawak,P.202 Sri Aman,both,citizen,overall,62.6
2024-01-01,Sarawak,P.202 Sri Aman,both,noncitizen,overall,1.9
2024-01-01,Sarawak,P.202 Sri Aman,both,overall,overall,64.6
2024-01-01,Sarawak,P.202 Sri Aman,female,overall,overall,30.9
2024-01-01,Sarawak,P.202 Sri Aman,male,overall,overall,33.6
2020-01-01,Sarawak,P.203 Lubok Antu,both,overall,overall,26.8
2020-01-01,Sarawak,P.203 Lubok Antu,both,overall,citizen,26.1
2020-01-01,Sarawak,P.203 Lubok Antu,both,overall,noncitizen,0.7
2020-01-01,Sarawak,P.203 Lubok Antu,female,overall,overall,13.1
2020-01-01,Sarawak,P.203 Lubok Antu,male,overall,overall,13.6
2021-01-01,Sarawak,P.203 Lubok Antu,both,citizen,overall,26.2
2021-01-01,Sarawak,P.203 Lubok Antu,both,noncitizen,overall,0.7
2021-01-01,Sarawak,P.203 Lubok Antu,both,overall,overall,27.0
2021-01-01,Sarawak,P.203 Lubok Antu,female,overall,overall,13.2
2021-01-01,Sarawak,P.203 Lubok Antu,male,overall,overall,13.7
2022-01-01,Sarawak,P.203 Lubok Antu,both,citizen,overall,26.3
2022-01-01,Sarawak,P.203 Lubok Antu,both,noncitizen,overall,0.7
2022-01-01,Sarawak,P.203 Lubok Antu,both,overall,overall,27.0
2022-01-01,Sarawak,P.203 Lubok Antu,female,overall,overall,13.3
2022-01-01,Sarawak,P.203 Lubok Antu,male,overall,overall,13.7
2023-01-01,Sarawak,P.203 Lubok Antu,both,citizen,overall,26.6
2023-01-01,Sarawak,P.203 Lubok Antu,both,noncitizen,overall,0.7
2023-01-01,Sarawak,P.203 Lubok Antu,both,overall,overall,27.3
2023-01-01,Sarawak,P.203 Lubok Antu,female,overall,overall,13.5
2023-01-01,Sarawak,P.203 Lubok Antu,male,overall,overall,13.9
2024-01-01,Sarawak,P.203 Lubok Antu,both,citizen,overall,26.7
2024-01-01,Sarawak,P.203 Lubok Antu,both,noncitizen,overall,0.7
2024-01-01,Sarawak,P.203 Lubok Antu,both,overall,overall,27.5
2024-01-01,Sarawak,P.203 Lubok Antu,female,overall,overall,13.5
2024-01-01,Sarawak,P.203 Lubok Antu,male,overall,overall,14.0
2020-01-01,Sarawak,P.204 Betong,both,overall,overall,34.6
2020-01-01,Sarawak,P.204 Betong,both,overall,citizen,34.3
2020-01-01,Sarawak,P.204 Betong,both,overall,noncitizen,0.4
2020-01-01,Sarawak,P.204 Betong,female,overall,overall,16.6
2020-01-01,Sarawak,P.204 Betong,male,overall,overall,18.0
2021-01-01,Sarawak,P.204 Betong,both,citizen,overall,34.4
2021-01-01,Sarawak,P.204 Betong,both,noncitizen,overall,0.3
2021-01-01,Sarawak,P.204 Betong,both,overall,overall,34.8
2021-01-01,Sarawak,P.204 Betong,female,overall,overall,16.7
2021-01-01,Sarawak,P.204 Betong,male,overall,overall,18.1
2022-01-01,Sarawak,P.204 Betong,both,citizen,overall,34.5
2022-01-01,Sarawak,P.204 Betong,both,noncitizen,overall,0.3
2022-01-01,Sarawak,P.204 Betong,both,overall,overall,34.9
2022-01-01,Sarawak,P.204 Betong,female,overall,overall,16.8
2022-01-01,Sarawak,P.204 Betong,male,overall,overall,18.2
2023-01-01,Sarawak,P.204 Betong,both,citizen,overall,35.0
2023-01-01,Sarawak,P.204 Betong,both,noncitizen,overall,0.3
2023-01-01,Sarawak,P.204 Betong,both,overall,overall,35.3
2023-01-01,Sarawak,P.204 Betong,female,overall,overall,17.0
2023-01-01,Sarawak,P.204 Betong,male,overall,overall,18.3
2024-01-01,Sarawak,P.204 Betong,both,citizen,overall,35.2
2024-01-01,Sarawak,P.204 Betong,both,noncitizen,overall,0.3
2024-01-01,Sarawak,P.204 Betong,both,overall,overall,35.5
2024-01-01,Sarawak,P.204 Betong,female,overall,overall,17.1
2024-01-01,Sarawak,P.204 Betong,male,overall,overall,18.5
2020-01-01,Sarawak,P.205 Saratok,both,overall,overall,41.3
2020-01-01,Sarawak,P.205 Saratok,both,overall,citizen,41.0
2020-01-01,Sarawak,P.205 Saratok,both,overall,noncitizen,0.4
2020-01-01,Sarawak,P.205 Saratok,female,overall,overall,20.8
2020-01-01,Sarawak,P.205 Saratok,male,overall,overall,20.6
2021-01-01,Sarawak,P.205 Saratok,both,citizen,overall,41.2
2021-01-01,Sarawak,P.205 Saratok,both,noncitizen,overall,0.3
2021-01-01,Sarawak,P.205 Saratok,both,overall,overall,41.6
2021-01-01,Sarawak,P.205 Saratok,female,overall,overall,20.9
2021-01-01,Sarawak,P.205 Saratok,male,overall,overall,20.6
2022-01-01,Sarawak,P.205 Saratok,both,citizen,overall,41.4
2022-01-01,Sarawak,P.205 Saratok,both,noncitizen,overall,0.3
2022-01-01,Sarawak,P.205 Saratok,both,overall,overall,41.7
2022-01-01,Sarawak,P.205 Saratok,female,overall,overall,20.9
2022-01-01,Sarawak,P.205 Saratok,male,overall,overall,20.7
2023-01-01,Sarawak,P.205 Saratok,both,citizen,overall,41.8
2023-01-01,Sarawak,P.205 Saratok,both,noncitizen,overall,0.3
2023-01-01,Sarawak,P.205 Saratok,both,overall,overall,42.1
2023-01-01,Sarawak,P.205 Saratok,female,overall,overall,21.2
2023-01-01,Sarawak,P.205 Saratok,male,overall,overall,20.9
2024-01-01,Sarawak,P.205 Saratok,both,citizen,overall,42.2
2024-01-01,Sarawak,P.205 Saratok,both,noncitizen,overall,0.2
2024-01-01,Sarawak,P.205 Saratok,both,overall,overall,42.4
2024-01-01,Sarawak,P.205 Saratok,female,overall,overall,21.3
2024-01-01,Sarawak,P.205 Saratok,male,overall,overall,21.1
2020-01-01,Sarawak,P.206 Tanjong Manis,both,overall,overall,32.8
2020-01-01,Sarawak,P.206 Tanjong Manis,both,overall,citizen,30.8
2020-01-01,Sarawak,P.206 Tanjong Manis,both,overall,noncitizen,1.9
2020-01-01,Sarawak,P.206 Tanjong Manis,female,overall,overall,15.8
2020-01-01,Sarawak,P.206 Tanjong Manis,male,overall,overall,17.0
2021-01-01,Sarawak,P.206 Tanjong Manis,both,citizen,overall,31.1
2021-01-01,Sarawak,P.206 Tanjong Manis,both,noncitizen,overall,1.8
2021-01-01,Sarawak,P.206 Tanjong Manis,both,overall,overall,32.9
2021-01-01,Sarawak,P.206 Tanjong Manis,female,overall,overall,15.9
2021-01-01,Sarawak,P.206 Tanjong Manis,male,overall,overall,17.0
2022-01-01,Sarawak,P.206 Tanjong Manis,both,citizen,overall,31.2
2022-01-01,Sarawak,P.206 Tanjong Manis,both,noncitizen,overall,1.8
2022-01-01,Sarawak,P.206 Tanjong Manis,both,overall,overall,33.0
2022-01-01,Sarawak,P.206 Tanjong Manis,female,overall,overall,15.9
2022-01-01,Sarawak,P.206 Tanjong Manis,male,overall,overall,17.1
2023-01-01,Sarawak,P.206 Tanjong Manis,both,citizen,overall,31.5
2023-01-01,Sarawak,P.206 Tanjong Manis,both,noncitizen,overall,1.9
2023-01-01,Sarawak,P.206 Tanjong Manis,both,overall,overall,33.4
2023-01-01,Sarawak,P.206 Tanjong Manis,female,overall,overall,16.1
2023-01-01,Sarawak,P.206 Tanjong Manis,male,overall,overall,17.3
2024-01-01,Sarawak,P.206 Tanjong Manis,both,citizen,overall,31.7
2024-01-01,Sarawak,P.206 Tanjong Manis,both,noncitizen,overall,1.9
2024-01-01,Sarawak,P.206 Tanjong Manis,both,overall,overall,33.6
2024-01-01,Sarawak,P.206 Tanjong Manis,female,overall,overall,16.2
2024-01-01,Sarawak,P.206 Tanjong Manis,male,overall,overall,17.4
2020-01-01,Sarawak,P.207 Igan,both,overall,overall,27.4
2020-01-01,Sarawak,P.207 Igan,both,overall,citizen,24.1
2020-01-01,Sarawak,P.207 Igan,both,overall,noncitizen,3.3
2020-01-01,Sarawak,P.207 Igan,female,overall,overall,12.7
2020-01-01,Sarawak,P.207 Igan,male,overall,overall,14.7
2021-01-01,Sarawak,P.207 Igan,both,citizen,overall,24.4
2021-01-01,Sarawak,P.207 Igan,both,noncitizen,overall,3.2
2021-01-01,Sarawak,P.207 Igan,both,overall,overall,27.5
2021-01-01,Sarawak,P.207 Igan,female,overall,overall,12.8
2021-01-01,Sarawak,P.207 Igan,male,overall,overall,14.7
2022-01-01,Sarawak,P.207 Igan,both,citizen,overall,24.5
2022-01-01,Sarawak,P.207 Igan,both,noncitizen,overall,3.1
2022-01-01,Sarawak,P.207 Igan,both,overall,overall,27.6
2022-01-01,Sarawak,P.207 Igan,female,overall,overall,12.8
2022-01-01,Sarawak,P.207 Igan,male,overall,overall,14.8
2023-01-01,Sarawak,P.207 Igan,both,citizen,overall,24.6
2023-01-01,Sarawak,P.207 Igan,both,noncitizen,overall,3.4
2023-01-01,Sarawak,P.207 Igan,both,overall,overall,27.9
2023-01-01,Sarawak,P.207 Igan,female,overall,overall,13.0
2023-01-01,Sarawak,P.207 Igan,male,overall,overall,14.9
2024-01-01,Sarawak,P.207 Igan,both,citizen,overall,24.9
2024-01-01,Sarawak,P.207 Igan,both,noncitizen,overall,3.2
2024-01-01,Sarawak,P.207 Igan,both,overall,overall,28.1
2024-01-01,Sarawak,P.207 Igan,female,overall,overall,13.0
2024-01-01,Sarawak,P.207 Igan,male,overall,overall,15.1
2020-01-01,Sarawak,P.208 Sarikei,both,overall,overall,43.1
2020-01-01,Sarawak,P.208 Sarikei,both,overall,citizen,42.4
2020-01-01,Sarawak,P.208 Sarikei,both,overall,noncitizen,0.8
2020-01-01,Sarawak,P.208 Sarikei,female,overall,overall,21.4
2020-01-01,Sarawak,P.208 Sarikei,male,overall,overall,21.7
2021-01-01,Sarawak,P.208 Sarikei,both,citizen,overall,42.6
2021-01-01,Sarawak,P.208 Sarikei,both,noncitizen,overall,0.7
2021-01-01,Sarawak,P.208 Sarikei,both,overall,overall,43.3
2021-01-01,Sarawak,P.208 Sarikei,female,overall,overall,21.5
2021-01-01,Sarawak,P.208 Sarikei,male,overall,overall,21.7
2022-01-01,Sarawak,P.208 Sarikei,both,citizen,overall,42.8
2022-01-01,Sarawak,P.208 Sarikei,both,noncitizen,overall,0.7
2022-01-01,Sarawak,P.208 Sarikei,both,overall,overall,43.5
2022-01-01,Sarawak,P.208 Sarikei,female,overall,overall,21.7
2022-01-01,Sarawak,P.208 Sarikei,male,overall,overall,21.8
2023-01-01,Sarawak,P.208 Sarikei,both,citizen,overall,43.2
2023-01-01,Sarawak,P.208 Sarikei,both,noncitizen,overall,0.8
2023-01-01,Sarawak,P.208 Sarikei,both,overall,overall,44.0
2023-01-01,Sarawak,P.208 Sarikei,female,overall,overall,21.9
2023-01-01,Sarawak,P.208 Sarikei,male,overall,overall,22.1
2024-01-01,Sarawak,P.208 Sarikei,both,citizen,overall,43.3
2024-01-01,Sarawak,P.208 Sarikei,both,noncitizen,overall,1.0
2024-01-01,Sarawak,P.208 Sarikei,both,overall,overall,44.2
2024-01-01,Sarawak,P.208 Sarikei,female,overall,overall,22.0
2024-01-01,Sarawak,P.208 Sarikei,male,overall,overall,22.2
2020-01-01,Sarawak,P.209 Julau,both,overall,overall,35.1
2020-01-01,Sarawak,P.209 Julau,both,overall,citizen,35.0
2020-01-01,Sarawak,P.209 Julau,both,overall,noncitizen,0.1
2020-01-01,Sarawak,P.209 Julau,female,overall,overall,17.2
2020-01-01,Sarawak,P.209 Julau,male,overall,overall,18.0
2021-01-01,Sarawak,P.209 Julau,both,citizen,overall,35.2
2021-01-01,Sarawak,P.209 Julau,both,noncitizen,overall,0.0
2021-01-01,Sarawak,P.209 Julau,both,overall,overall,35.3
2021-01-01,Sarawak,P.209 Julau,female,overall,overall,17.3
2021-01-01,Sarawak,P.209 Julau,male,overall,overall,18.1
2022-01-01,Sarawak,P.209 Julau,both,citizen,overall,35.4
2022-01-01,Sarawak,P.209 Julau,both,noncitizen,overall,0.0
2022-01-01,Sarawak,P.209 Julau,both,overall,overall,35.4
2022-01-01,Sarawak,P.209 Julau,female,overall,overall,17.3
2022-01-01,Sarawak,P.209 Julau,male,overall,overall,18.1
2023-01-01,Sarawak,P.209 Julau,both,citizen,overall,35.8
2023-01-01,Sarawak,P.209 Julau,both,noncitizen,overall,0.1
2023-01-01,Sarawak,P.209 Julau,both,overall,overall,35.8
2023-01-01,Sarawak,P.209 Julau,female,overall,overall,17.5
2023-01-01,Sarawak,P.209 Julau,male,overall,overall,18.3
2024-01-01,Sarawak,P.209 Julau,both,citizen,overall,36.0
2024-01-01,Sarawak,P.209 Julau,both,noncitizen,overall,0.1
2024-01-01,Sarawak,P.209 Julau,both,overall,overall,36.0
2024-01-01,Sarawak,P.209 Julau,female,overall,overall,17.7
2024-01-01,Sarawak,P.209 Julau,male,overall,overall,18.3
2020-01-01,Sarawak,P.210 Kanowit,both,overall,overall,24.7
2020-01-01,Sarawak,P.210 Kanowit,both,overall,citizen,24.2
2020-01-01,Sarawak,P.210 Kanowit,both,overall,noncitizen,0.5
2020-01-01,Sarawak,P.210 Kanowit,female,overall,overall,12.4
2020-01-01,Sarawak,P.210 Kanowit,male,overall,overall,12.3
2021-01-01,Sarawak,P.210 Kanowit,both,citizen,overall,24.4
2021-01-01,Sarawak,P.210 Kanowit,both,noncitizen,overall,0.4
2021-01-01,Sarawak,P.210 Kanowit,both,overall,overall,24.8
2021-01-01,Sarawak,P.210 Kanowit,female,overall,overall,12.4
2021-01-01,Sarawak,P.210 Kanowit,male,overall,overall,12.4
2022-01-01,Sarawak,P.210 Kanowit,both,citizen,overall,24.5
2022-01-01,Sarawak,P.210 Kanowit,both,noncitizen,overall,0.4
2022-01-01,Sarawak,P.210 Kanowit,both,overall,overall,24.9
2022-01-01,Sarawak,P.210 Kanowit,female,overall,overall,12.5
2022-01-01,Sarawak,P.210 Kanowit,male,overall,overall,12.4
2023-01-01,Sarawak,P.210 Kanowit,both,citizen,overall,24.7
2023-01-01,Sarawak,P.210 Kanowit,both,noncitizen,overall,0.5
2023-01-01,Sarawak,P.210 Kanowit,both,overall,overall,25.2
2023-01-01,Sarawak,P.210 Kanowit,female,overall,overall,12.7
2023-01-01,Sarawak,P.210 Kanowit,male,overall,overall,12.6
2024-01-01,Sarawak,P.210 Kanowit,both,citizen,overall,24.9
2024-01-01,Sarawak,P.210 Kanowit,both,noncitizen,overall,0.5
2024-01-01,Sarawak,P.210 Kanowit,both,overall,overall,25.3
2024-01-01,Sarawak,P.210 Kanowit,female,overall,overall,12.7
2024-01-01,Sarawak,P.210 Kanowit,male,overall,overall,12.6
2020-01-01,Sarawak,P.211 Lanang,both,overall,overall,104.9
2020-01-01,Sarawak,P.211 Lanang,both,overall,citizen,102.7
2020-01-01,Sarawak,P.211 Lanang,both,overall,noncitizen,2.3
2020-01-01,Sarawak,P.211 Lanang,female,overall,overall,52.0
2020-01-01,Sarawak,P.211 Lanang,male,overall,overall,53.0
2021-01-01,Sarawak,P.211 Lanang,both,citizen,overall,103.2
2021-01-01,Sarawak,P.211 Lanang,both,noncitizen,overall,2.1
2021-01-01,Sarawak,P.211 Lanang,both,overall,overall,105.4
2021-01-01,Sarawak,P.211 Lanang,female,overall,overall,52.3
2021-01-01,Sarawak,P.211 Lanang,male,overall,overall,53.2
2022-01-01,Sarawak,P.211 Lanang,both,citizen,overall,103.7
2022-01-01,Sarawak,P.211 Lanang,both,noncitizen,overall,2.1
2022-01-01,Sarawak,P.211 Lanang,both,overall,overall,105.8
2022-01-01,Sarawak,P.211 Lanang,female,overall,overall,52.6
2022-01-01,Sarawak,P.211 Lanang,male,overall,overall,53.2
2023-01-01,Sarawak,P.211 Lanang,both,citizen,overall,104.7
2023-01-01,Sarawak,P.211 Lanang,both,noncitizen,overall,2.4
2023-01-01,Sarawak,P.211 Lanang,both,overall,overall,107.0
2023-01-01,Sarawak,P.211 Lanang,female,overall,overall,53.1
2023-01-01,Sarawak,P.211 Lanang,male,overall,overall,53.9
2024-01-01,Sarawak,P.211 Lanang,both,citizen,overall,105.2
2024-01-01,Sarawak,P.211 Lanang,both,noncitizen,overall,2.6
2024-01-01,Sarawak,P.211 Lanang,both,overall,overall,107.6
2024-01-01,Sarawak,P.211 Lanang,female,overall,overall,53.5
2024-01-01,Sarawak,P.211 Lanang,male,overall,overall,54.2
2020-01-01,Sarawak,P.212 Sibu,both,overall,overall,141.6
2020-01-01,Sarawak,P.212 Sibu,both,overall,citizen,130.7
2020-01-01,Sarawak,P.212 Sibu,both,overall,noncitizen,10.9
2020-01-01,Sarawak,P.212 Sibu,female,overall,overall,67.5
2020-01-01,Sarawak,P.212 Sibu,male,overall,overall,74.0
2021-01-01,Sarawak,P.212 Sibu,both,citizen,overall,131.8
2021-01-01,Sarawak,P.212 Sibu,both,noncitizen,overall,10.4
2021-01-01,Sarawak,P.212 Sibu,both,overall,overall,142.3
2021-01-01,Sarawak,P.212 Sibu,female,overall,overall,68.0
2021-01-01,Sarawak,P.212 Sibu,male,overall,overall,74.3
2022-01-01,Sarawak,P.212 Sibu,both,citizen,overall,132.6
2022-01-01,Sarawak,P.212 Sibu,both,noncitizen,overall,10.0
2022-01-01,Sarawak,P.212 Sibu,both,overall,overall,142.7
2022-01-01,Sarawak,P.212 Sibu,female,overall,overall,68.3
2022-01-01,Sarawak,P.212 Sibu,male,overall,overall,74.4
2023-01-01,Sarawak,P.212 Sibu,both,citizen,overall,133.3
2023-01-01,Sarawak,P.212 Sibu,both,noncitizen,overall,11.0
2023-01-01,Sarawak,P.212 Sibu,both,overall,overall,144.4
2023-01-01,Sarawak,P.212 Sibu,female,overall,overall,69.0
2023-01-01,Sarawak,P.212 Sibu,male,overall,overall,75.4
2024-01-01,Sarawak,P.212 Sibu,both,citizen,overall,133.1
2024-01-01,Sarawak,P.212 Sibu,both,noncitizen,overall,12.0
2024-01-01,Sarawak,P.212 Sibu,both,overall,overall,145.3
2024-01-01,Sarawak,P.212 Sibu,female,overall,overall,69.5
2024-01-01,Sarawak,P.212 Sibu,male,overall,overall,75.7
2020-01-01,Sarawak,P.213 Mukah,both,overall,overall,60.8
2020-01-01,Sarawak,P.213 Mukah,both,overall,citizen,54.0
2020-01-01,Sarawak,P.213 Mukah,both,overall,noncitizen,6.8
2020-01-01,Sarawak,P.213 Mukah,female,overall,overall,29.2
2020-01-01,Sarawak,P.213 Mukah,male,overall,overall,31.6
2021-01-01,Sarawak,P.213 Mukah,both,citizen,overall,54.6
2021-01-01,Sarawak,P.213 Mukah,both,noncitizen,overall,6.5
2021-01-01,Sarawak,P.213 Mukah,both,overall,overall,61.1
2021-01-01,Sarawak,P.213 Mukah,female,overall,overall,29.3
2021-01-01,Sarawak,P.213 Mukah,male,overall,overall,31.8
2022-01-01,Sarawak,P.213 Mukah,both,citizen,overall,54.9
2022-01-01,Sarawak,P.213 Mukah,both,noncitizen,overall,6.2
2022-01-01,Sarawak,P.213 Mukah,both,overall,overall,61.4
2022-01-01,Sarawak,P.213 Mukah,female,overall,overall,29.6
2022-01-01,Sarawak,P.213 Mukah,male,overall,overall,31.8
2023-01-01,Sarawak,P.213 Mukah,both,citizen,overall,55.0
2023-01-01,Sarawak,P.213 Mukah,both,noncitizen,overall,6.9
2023-01-01,Sarawak,P.213 Mukah,both,overall,overall,62.1
2023-01-01,Sarawak,P.213 Mukah,female,overall,overall,29.8
2023-01-01,Sarawak,P.213 Mukah,male,overall,overall,32.2
2024-01-01,Sarawak,P.213 Mukah,both,citizen,overall,55.4
2024-01-01,Sarawak,P.213 Mukah,both,noncitizen,overall,6.9
2024-01-01,Sarawak,P.213 Mukah,both,overall,overall,62.5
2024-01-01,Sarawak,P.213 Mukah,female,overall,overall,30.0
2024-01-01,Sarawak,P.213 Mukah,male,overall,overall,32.3
2020-01-01,Sarawak,P.214 Selangau,both,overall,overall,51.3
2020-01-01,Sarawak,P.214 Selangau,both,overall,citizen,46.9
2020-01-01,Sarawak,P.214 Selangau,both,overall,noncitizen,4.5
2020-01-01,Sarawak,P.214 Selangau,female,overall,overall,23.6
2020-01-01,Sarawak,P.214 Selangau,male,overall,overall,27.7
2021-01-01,Sarawak,P.214 Selangau,both,citizen,overall,47.3
2021-01-01,Sarawak,P.214 Selangau,both,noncitizen,overall,4.2
2021-01-01,Sarawak,P.214 Selangau,both,overall,overall,51.6
2021-01-01,Sarawak,P.214 Selangau,female,overall,overall,23.8
2021-01-01,Sarawak,P.214 Selangau,male,overall,overall,27.8
2022-01-01,Sarawak,P.214 Selangau,both,citizen,overall,47.6
2022-01-01,Sarawak,P.214 Selangau,both,noncitizen,overall,4.2
2022-01-01,Sarawak,P.214 Selangau,both,overall,overall,51.8
2022-01-01,Sarawak,P.214 Selangau,female,overall,overall,23.8
2022-01-01,Sarawak,P.214 Selangau,male,overall,overall,27.9
2023-01-01,Sarawak,P.214 Selangau,both,citizen,overall,47.8
2023-01-01,Sarawak,P.214 Selangau,both,noncitizen,overall,4.5
2023-01-01,Sarawak,P.214 Selangau,both,overall,overall,52.3
2023-01-01,Sarawak,P.214 Selangau,female,overall,overall,24.1
2023-01-01,Sarawak,P.214 Selangau,male,overall,overall,28.2
2024-01-01,Sarawak,P.214 Selangau,both,citizen,overall,48.2
2024-01-01,Sarawak,P.214 Selangau,both,noncitizen,overall,4.4
2024-01-01,Sarawak,P.214 Selangau,both,overall,overall,52.7
2024-01-01,Sarawak,P.214 Selangau,female,overall,overall,24.3
2024-01-01,Sarawak,P.214 Selangau,male,overall,overall,28.4
2020-01-01,Sarawak,P.215 Kapit,both,overall,overall,44.0
2020-01-01,Sarawak,P.215 Kapit,both,overall,citizen,43.8
2020-01-01,Sarawak,P.215 Kapit,both,overall,noncitizen,0.2
2020-01-01,Sarawak,P.215 Kapit,female,overall,overall,22.1
2020-01-01,Sarawak,P.215 Kapit,male,overall,overall,21.8
2021-01-01,Sarawak,P.215 Kapit,both,citizen,overall,44.1
2021-01-01,Sarawak,P.215 Kapit,both,noncitizen,overall,0.1
2021-01-01,Sarawak,P.215 Kapit,both,overall,overall,44.2
2021-01-01,Sarawak,P.215 Kapit,female,overall,overall,22.3
2021-01-01,Sarawak,P.215 Kapit,male,overall,overall,21.9
2022-01-01,Sarawak,P.215 Kapit,both,citizen,overall,44.2
2022-01-01,Sarawak,P.215 Kapit,both,noncitizen,overall,0.1
2022-01-01,Sarawak,P.215 Kapit,both,overall,overall,44.4
2022-01-01,Sarawak,P.215 Kapit,female,overall,overall,22.4
2022-01-01,Sarawak,P.215 Kapit,male,overall,overall,22.0
2023-01-01,Sarawak,P.215 Kapit,both,citizen,overall,44.7
2023-01-01,Sarawak,P.215 Kapit,both,noncitizen,overall,0.1
2023-01-01,Sarawak,P.215 Kapit,both,overall,overall,44.8
2023-01-01,Sarawak,P.215 Kapit,female,overall,overall,22.7
2023-01-01,Sarawak,P.215 Kapit,male,overall,overall,22.2
2024-01-01,Sarawak,P.215 Kapit,both,citizen,overall,45.1
2024-01-01,Sarawak,P.215 Kapit,both,noncitizen,overall,0.1
2024-01-01,Sarawak,P.215 Kapit,both,overall,overall,45.2
2024-01-01,Sarawak,P.215 Kapit,female,overall,overall,22.8
2024-01-01,Sarawak,P.215 Kapit,male,overall,overall,22.4
2020-01-01,Sarawak,P.216 Hulu Rajang,both,overall,overall,43.4
2020-01-01,Sarawak,P.216 Hulu Rajang,both,overall,citizen,36.9
2020-01-01,Sarawak,P.216 Hulu Rajang,both,overall,noncitizen,6.5
2020-01-01,Sarawak,P.216 Hulu Rajang,female,overall,overall,18.1
2020-01-01,Sarawak,P.216 Hulu Rajang,male,overall,overall,25.3
2021-01-01,Sarawak,P.216 Hulu Rajang,both,citizen,overall,37.5
2021-01-01,Sarawak,P.216 Hulu Rajang,both,noncitizen,overall,6.2
2021-01-01,Sarawak,P.216 Hulu Rajang,both,overall,overall,43.5
2021-01-01,Sarawak,P.216 Hulu Rajang,female,overall,overall,18.2
2021-01-01,Sarawak,P.216 Hulu Rajang,male,overall,overall,25.4
2022-01-01,Sarawak,P.216 Hulu Rajang,both,citizen,overall,37.7
2022-01-01,Sarawak,P.216 Hulu Rajang,both,noncitizen,overall,6.1
2022-01-01,Sarawak,P.216 Hulu Rajang,both,overall,overall,43.8
2022-01-01,Sarawak,P.216 Hulu Rajang,female,overall,overall,18.3
2022-01-01,Sarawak,P.216 Hulu Rajang,male,overall,overall,25.5
2023-01-01,Sarawak,P.216 Hulu Rajang,both,citizen,overall,37.7
2023-01-01,Sarawak,P.216 Hulu Rajang,both,noncitizen,overall,6.5
2023-01-01,Sarawak,P.216 Hulu Rajang,both,overall,overall,44.2
2023-01-01,Sarawak,P.216 Hulu Rajang,female,overall,overall,18.4
2023-01-01,Sarawak,P.216 Hulu Rajang,male,overall,overall,25.7
2024-01-01,Sarawak,P.216 Hulu Rajang,both,citizen,overall,38.0
2024-01-01,Sarawak,P.216 Hulu Rajang,both,noncitizen,overall,6.5
2024-01-01,Sarawak,P.216 Hulu Rajang,both,overall,overall,44.5
2024-01-01,Sarawak,P.216 Hulu Rajang,female,overall,overall,18.7
2024-01-01,Sarawak,P.216 Hulu Rajang,male,overall,overall,26.0
2020-01-01,Sarawak,P.217 Bintulu,both,overall,overall,235.1
2020-01-01,Sarawak,P.217 Bintulu,both,overall,citizen,199.2
2020-01-01,Sarawak,P.217 Bintulu,both,overall,noncitizen,35.9
2020-01-01,Sarawak,P.217 Bintulu,female,overall,overall,106.1
2020-01-01,Sarawak,P.217 Bintulu,male,overall,overall,129.0
2021-01-01,Sarawak,P.217 Bintulu,both,citizen,overall,201.8
2021-01-01,Sarawak,P.217 Bintulu,both,noncitizen,overall,34.4
2021-01-01,Sarawak,P.217 Bintulu,both,overall,overall,236.3
2021-01-01,Sarawak,P.217 Bintulu,female,overall,overall,106.7
2021-01-01,Sarawak,P.217 Bintulu,male,overall,overall,129.3
2022-01-01,Sarawak,P.217 Bintulu,both,citizen,overall,203.7
2022-01-01,Sarawak,P.217 Bintulu,both,noncitizen,overall,33.3
2022-01-01,Sarawak,P.217 Bintulu,both,overall,overall,237.0
2022-01-01,Sarawak,P.217 Bintulu,female,overall,overall,107.3
2022-01-01,Sarawak,P.217 Bintulu,male,overall,overall,129.7
2023-01-01,Sarawak,P.217 Bintulu,both,citizen,overall,203.4
2023-01-01,Sarawak,P.217 Bintulu,both,noncitizen,overall,36.3
2023-01-01,Sarawak,P.217 Bintulu,both,overall,overall,239.8
2023-01-01,Sarawak,P.217 Bintulu,female,overall,overall,108.5
2023-01-01,Sarawak,P.217 Bintulu,male,overall,overall,131.3
2024-01-01,Sarawak,P.217 Bintulu,both,citizen,overall,204.9
2024-01-01,Sarawak,P.217 Bintulu,both,noncitizen,overall,36.1
2024-01-01,Sarawak,P.217 Bintulu,both,overall,overall,241.2
2024-01-01,Sarawak,P.217 Bintulu,female,overall,overall,109.2
2024-01-01,Sarawak,P.217 Bintulu,male,overall,overall,132.0
2020-01-01,Sarawak,P.218 Sibuti,both,overall,overall,71.0
2020-01-01,Sarawak,P.218 Sibuti,both,overall,citizen,65.0
2020-01-01,Sarawak,P.218 Sibuti,both,overall,noncitizen,6.0
2020-01-01,Sarawak,P.218 Sibuti,female,overall,overall,33.8
2020-01-01,Sarawak,P.218 Sibuti,male,overall,overall,37.2
2021-01-01,Sarawak,P.218 Sibuti,both,citizen,overall,65.6
2021-01-01,Sarawak,P.218 Sibuti,both,noncitizen,overall,5.7
2021-01-01,Sarawak,P.218 Sibuti,both,overall,overall,71.3
2021-01-01,Sarawak,P.218 Sibuti,female,overall,overall,34.0
2021-01-01,Sarawak,P.218 Sibuti,male,overall,overall,37.3
2022-01-01,Sarawak,P.218 Sibuti,both,citizen,overall,66.0
2022-01-01,Sarawak,P.218 Sibuti,both,noncitizen,overall,5.5
2022-01-01,Sarawak,P.218 Sibuti,both,overall,overall,71.6
2022-01-01,Sarawak,P.218 Sibuti,female,overall,overall,34.2
2022-01-01,Sarawak,P.218 Sibuti,male,overall,overall,37.3
2023-01-01,Sarawak,P.218 Sibuti,both,citizen,overall,66.4
2023-01-01,Sarawak,P.218 Sibuti,both,noncitizen,overall,5.9
2023-01-01,Sarawak,P.218 Sibuti,both,overall,overall,72.3
2023-01-01,Sarawak,P.218 Sibuti,female,overall,overall,34.6
2023-01-01,Sarawak,P.218 Sibuti,male,overall,overall,37.9
2024-01-01,Sarawak,P.218 Sibuti,both,citizen,overall,66.9
2024-01-01,Sarawak,P.218 Sibuti,both,noncitizen,overall,6.0
2024-01-01,Sarawak,P.218 Sibuti,both,overall,overall,72.8
2024-01-01,Sarawak,P.218 Sibuti,female,overall,overall,34.7
2024-01-01,Sarawak,P.218 Sibuti,male,overall,overall,38.0
2020-01-01,Sarawak,P.219 Miri,both,overall,overall,206.1
2020-01-01,Sarawak,P.219 Miri,both,overall,citizen,194.5
2020-01-01,Sarawak,P.219 Miri,both,overall,noncitizen,11.6
2020-01-01,Sarawak,P.219 Miri,female,overall,overall,97.6
2020-01-01,Sarawak,P.219 Miri,male,overall,overall,108.5
2021-01-01,Sarawak,P.219 Miri,both,citizen,overall,196.1
2021-01-01,Sarawak,P.219 Miri,both,noncitizen,overall,11.0
2021-01-01,Sarawak,P.219 Miri,both,overall,overall,207.2
2021-01-01,Sarawak,P.219 Miri,female,overall,overall,98.3
2021-01-01,Sarawak,P.219 Miri,male,overall,overall,108.8
2022-01-01,Sarawak,P.219 Miri,both,citizen,overall,197.1
2022-01-01,Sarawak,P.219 Miri,both,noncitizen,overall,10.7
2022-01-01,Sarawak,P.219 Miri,both,overall,overall,207.8
2022-01-01,Sarawak,P.219 Miri,female,overall,overall,98.7
2022-01-01,Sarawak,P.219 Miri,male,overall,overall,109.1
2023-01-01,Sarawak,P.219 Miri,both,citizen,overall,198.0
2023-01-01,Sarawak,P.219 Miri,both,noncitizen,overall,12.3
2023-01-01,Sarawak,P.219 Miri,both,overall,overall,210.3
2023-01-01,Sarawak,P.219 Miri,female,overall,overall,99.8
2023-01-01,Sarawak,P.219 Miri,male,overall,overall,110.3
2024-01-01,Sarawak,P.219 Miri,both,citizen,overall,199.4
2024-01-01,Sarawak,P.219 Miri,both,noncitizen,overall,12.1
2024-01-01,Sarawak,P.219 Miri,both,overall,overall,211.5
2024-01-01,Sarawak,P.219 Miri,female,overall,overall,100.4
2024-01-01,Sarawak,P.219 Miri,male,overall,overall,111.0
2020-01-01,Sarawak,P.220 Baram,both,overall,overall,63.5
2020-01-01,Sarawak,P.220 Baram,both,overall,citizen,55.5
2020-01-01,Sarawak,P.220 Baram,both,overall,noncitizen,8.0
2020-01-01,Sarawak,P.220 Baram,female,overall,overall,29.5
2020-01-01,Sarawak,P.220 Baram,male,overall,overall,34.0
2021-01-01,Sarawak,P.220 Baram,both,citizen,overall,56.1
2021-01-01,Sarawak,P.220 Baram,both,noncitizen,overall,7.6
2021-01-01,Sarawak,P.220 Baram,both,overall,overall,63.8
2021-01-01,Sarawak,P.220 Baram,female,overall,overall,29.7
2021-01-01,Sarawak,P.220 Baram,male,overall,overall,34.1
2022-01-01,Sarawak,P.220 Baram,both,citizen,overall,56.6
2022-01-01,Sarawak,P.220 Baram,both,noncitizen,overall,7.4
2022-01-01,Sarawak,P.220 Baram,both,overall,overall,64.1
2022-01-01,Sarawak,P.220 Baram,female,overall,overall,29.8
2022-01-01,Sarawak,P.220 Baram,male,overall,overall,34.2
2023-01-01,Sarawak,P.220 Baram,both,citizen,overall,56.5
2023-01-01,Sarawak,P.220 Baram,both,noncitizen,overall,8.1
2023-01-01,Sarawak,P.220 Baram,both,overall,overall,64.8
2023-01-01,Sarawak,P.220 Baram,female,overall,overall,30.1
2023-01-01,Sarawak,P.220 Baram,male,overall,overall,34.6
2024-01-01,Sarawak,P.220 Baram,both,citizen,overall,56.9
2024-01-01,Sarawak,P.220 Baram,both,noncitizen,overall,8.1
2024-01-01,Sarawak,P.220 Baram,both,overall,overall,65.2
2024-01-01,Sarawak,P.220 Baram,female,overall,overall,30.3
2024-01-01,Sarawak,P.220 Baram,male,overall,overall,34.8
2020-01-01,Sarawak,P.221 Limbang,both,overall,overall,45.1
2020-01-01,Sarawak,P.221 Limbang,both,overall,citizen,43.9
2020-01-01,Sarawak,P.221 Limbang,both,overall,noncitizen,1.2
2020-01-01,Sarawak,P.221 Limbang,female,overall,overall,21.9
2020-01-01,Sarawak,P.221 Limbang,male,overall,overall,23.2
2021-01-01,Sarawak,P.221 Limbang,both,citizen,overall,44.2
2021-01-01,Sarawak,P.221 Limbang,both,noncitizen,overall,1.1
2021-01-01,Sarawak,P.221 Limbang,both,overall,overall,45.3
2021-01-01,Sarawak,P.221 Limbang,female,overall,overall,22.0
2021-01-01,Sarawak,P.221 Limbang,male,overall,overall,23.3
2022-01-01,Sarawak,P.221 Limbang,both,citizen,overall,44.3
2022-01-01,Sarawak,P.221 Limbang,both,noncitizen,overall,1.1
2022-01-01,Sarawak,P.221 Limbang,both,overall,overall,45.4
2022-01-01,Sarawak,P.221 Limbang,female,overall,overall,22.2
2022-01-01,Sarawak,P.221 Limbang,male,overall,overall,23.3
2023-01-01,Sarawak,P.221 Limbang,both,citizen,overall,44.7
2023-01-01,Sarawak,P.221 Limbang,both,noncitizen,overall,1.3
2023-01-01,Sarawak,P.221 Limbang,both,overall,overall,46.0
2023-01-01,Sarawak,P.221 Limbang,female,overall,overall,22.3
2023-01-01,Sarawak,P.221 Limbang,male,overall,overall,23.6
2024-01-01,Sarawak,P.221 Limbang,both,citizen,overall,45.0
2024-01-01,Sarawak,P.221 Limbang,both,noncitizen,overall,1.3
2024-01-01,Sarawak,P.221 Limbang,both,overall,overall,46.3
2024-01-01,Sarawak,P.221 Limbang,female,overall,overall,22.5
2024-01-01,Sarawak,P.221 Limbang,male,overall,overall,23.7
2020-01-01,Sarawak,P.222 Lawas,both,overall,overall,36.6
2020-01-01,Sarawak,P.222 Lawas,both,overall,citizen,34.8
2020-01-01,Sarawak,P.222 Lawas,both,overall,noncitizen,1.8
2020-01-01,Sarawak,P.222 Lawas,female,overall,overall,17.9
2020-01-01,Sarawak,P.222 Lawas,male,overall,overall,18.7
2021-01-01,Sarawak,P.222 Lawas,both,citizen,overall,35.1
2021-01-01,Sarawak,P.222 Lawas,both,noncitizen,overall,1.7
2021-01-01,Sarawak,P.222 Lawas,both,overall,overall,36.8
2021-01-01,Sarawak,P.222 Lawas,female,overall,overall,18.0
2021-01-01,Sarawak,P.222 Lawas,male,overall,overall,18.8
2022-01-01,Sarawak,P.222 Lawas,both,citizen,overall,35.2
2022-01-01,Sarawak,P.222 Lawas,both,noncitizen,overall,1.7
2022-01-01,Sarawak,P.222 Lawas,both,overall,overall,36.9
2022-01-01,Sarawak,P.222 Lawas,female,overall,overall,18.1
2022-01-01,Sarawak,P.222 Lawas,male,overall,overall,18.8
2023-01-01,Sarawak,P.222 Lawas,both,citizen,overall,35.6
2023-01-01,Sarawak,P.222 Lawas,both,noncitizen,overall,1.8
2023-01-01,Sarawak,P.222 Lawas,both,overall,overall,37.4
2023-01-01,Sarawak,P.222 Lawas,female,overall,overall,18.3
2023-01-01,Sarawak,P.222 Lawas,male,overall,overall,19.1
2024-01-01,Sarawak,P.222 Lawas,both,citizen,overall,35.8
2024-01-01,Sarawak,P.222 Lawas,both,noncitizen,overall,1.8
2024-01-01,Sarawak,P.222 Lawas,both,overall,overall,37.5
2024-01-01,Sarawak,P.222 Lawas,female,overall,overall,18.4
2024-01-01,Sarawak,P.222 Lawas,male,overall,overall,19.1
