date,state,district,sex,abs,rate
2020-01-01,Johor,Batu Pahat,both,6653,13.43226327478296
2020-01-01,Johor,Batu Pahat,female,3236,13.84681215233205
2020-01-01,Johor,Batu Pahat,male,3417,13.061926605504588
2020-01-01,Johor,Johor Bahru,both,24675,14.419705469845722
2020-01-01,Johor,Johor Bahru,female,11954,14.87000870755069
2020-01-01,Johor,Johor Bahru,male,12721,14.02072082001543
2020-01-01,Johor,Kluang,both,4274,13.19950586781964
2020-01-01,Johor,Kluang,female,2085,14.439058171745152
2020-01-01,Johor,Kluang,male,2189,12.208588957055214
2020-01-01,Johor,Kota Tinggi,both,4182,18.803956834532375
2020-01-01,Johor,Kota Tinggi,female,2025,19.471153846153847
2020-01-01,Johor,Kota Tinggi,male,2157,18.217905405405403
2020-01-01,Johor,Kulai,both,3742,11.35660091047041
2020-01-01,Johor,Kulai,female,1792,11.805006587615283
2020-01-01,Johor,Kulai,male,1950,10.973550928531234
2020-01-01,Johor,Mersing,both,1431,18.29923273657289
2020-01-01,Johor,Mersing,female,702,19.338842975206617
2020-01-01,Johor,Mersing,male,729,17.39856801909308
2020-01-01,Johor,Muar,both,3943,12.525412960609913
2020-01-01,Johor,Muar,female,1915,13.53356890459364
2020-01-01,Johor,Muar,male,2028,11.702250432775532
2020-01-01,Johor,Pontian,both,2857,16.485862665897287
2020-01-01,Johor,Pontian,female,1360,16.97877652933833
2020-01-01,Johor,Pontian,male,1497,16.06223175965665
2020-01-01,Johor,Segamat,both,3030,15.31850353892821
2020-01-01,Johor,Segamat,female,1439,15.21141649048626
2020-01-01,Johor,Segamat,male,1591,15.416666666666666
2020-01-01,Johor,Tangkak,both,2033,12.441860465116278
2020-01-01,Johor,Tangkak,female,978,12.506393861892583
2020-01-01,Johor,Tangkak,male,1055,12.38262910798122
2021-01-01,Johor,Batu Pahat,both,6139,12.347144006436045
2021-01-01,Johor,Batu Pahat,female,2960,12.585034013605442
2021-01-01,Johor,Batu Pahat,male,3179,12.13358778625954
2021-01-01,Johor,Johor Bahru,both,20409,11.897516614200768
2021-01-01,Johor,Johor Bahru,female,9913,12.24129414670289
2021-01-01,Johor,Johor Bahru,male,10496,11.590106007067137
2021-01-01,Johor,Kluang,both,3804,11.693821088226253
2021-01-01,Johor,Kluang,female,1846,12.678571428571429
2021-01-01,Johor,Kluang,male,1958,10.895937673900947
2021-01-01,Johor,Kota Tinggi,both,3810,17.039355992844364
2021-01-01,Johor,Kota Tinggi,female,1887,17.95432921027593
2021-01-01,Johor,Kota Tinggi,male,1923,16.227848101265824
2021-01-01,Johor,Kulai,both,3670,11.182205971968312
2021-01-01,Johor,Kulai,female,1743,11.467105263157896
2021-01-01,Johor,Kulai,male,1927,10.936435868331442
2021-01-01,Johor,Mersing,both,1324,16.802030456852794
2021-01-01,Johor,Mersing,female,647,17.62942779291553
2021-01-01,Johor,Mersing,male,677,16.080760095011875
2021-01-01,Johor,Muar,both,3751,11.8777707409753
2021-01-01,Johor,Muar,female,1803,12.670414617006324
2021-01-01,Johor,Muar,male,1948,11.227665706051871
2021-01-01,Johor,Pontian,both,2413,13.851894374282434
2021-01-01,Johor,Pontian,female,1198,14.863523573200991
2021-01-01,Johor,Pontian,male,1215,12.980769230769232
2021-01-01,Johor,Segamat,both,2620,13.2725430597771
2021-01-01,Johor,Segamat,female,1294,13.621052631578948
2021-01-01,Johor,Segamat,male,1326,12.94921875
2021-01-01,Johor,Tangkak,both,2050,12.5
2021-01-01,Johor,Tangkak,female,991,12.576142131979696
2021-01-01,Johor,Tangkak,male,1059,12.429577464788732
2022-01-01,Johor,Batu Pahat,both,5884,11.82713567839196
2022-01-01,Johor,Batu Pahat,female,2812,11.915254237288137
2022-01-01,Johor,Batu Pahat,male,3072,11.747609942638624
2022-01-01,Johor,Johor Bahru,both,20176,11.705053083483204
2022-01-01,Johor,Johor Bahru,female,9938,12.207345534946567
2022-01-01,Johor,Johor Bahru,male,10238,11.255496921723834
2022-01-01,Johor,Kluang,both,3508,10.843894899536322
2022-01-01,Johor,Kluang,female,1726,11.821917808219178
2022-01-01,Johor,Kluang,male,1782,10.03943661971831
2022-01-01,Johor,Kota Tinggi,both,3542,15.749221876389504
2022-01-01,Johor,Kota Tinggi,female,1716,16.18867924528302
2022-01-01,Johor,Kota Tinggi,male,1826,15.357443229604709
2022-01-01,Johor,Kulai,both,3510,10.66221142162819
2022-01-01,Johor,Kulai,female,1681,11.008513425016371
2022-01-01,Johor,Kulai,male,1829,10.362606232294617
2022-01-01,Johor,Mersing,both,1194,15.094816687737042
2022-01-01,Johor,Mersing,female,581,15.745257452574526
2022-01-01,Johor,Mersing,male,613,14.560570071258908
2022-01-01,Johor,Muar,both,3634,11.573248407643312
2022-01-01,Johor,Muar,female,1715,12.009803921568626
2022-01-01,Johor,Muar,male,1919,11.20911214953271
2022-01-01,Johor,Pontian,both,2354,13.559907834101384
2022-01-01,Johor,Pontian,female,1167,14.425216316440048
2022-01-01,Johor,Pontian,male,1187,12.80474649406688
2022-01-01,Johor,Segamat,both,2513,12.679112008072655
2022-01-01,Johor,Segamat,female,1223,12.81970649895178
2022-01-01,Johor,Segamat,male,1290,12.54863813229572
2022-01-01,Johor,Tangkak,both,1939,11.78007290400972
2022-01-01,Johor,Tangkak,female,930,11.757269279393174
2022-01-01,Johor,Tangkak,male,1009,11.801169590643276
2023-01-01,Johor,Batu Pahat,both,6376,12.65079365079365
2023-01-01,Johor,Batu Pahat,female,3000,12.605042016806722
2023-01-01,Johor,Batu Pahat,male,3376,12.691729323308271
2023-01-01,Johor,Johor Bahru,both,25017,14.201294277929156
2023-01-01,Johor,Johor Bahru,female,12054,14.58086367485182
2023-01-01,Johor,Johor Bahru,male,12963,13.865654080650335
2023-01-01,Johor,Kluang,both,4260,12.96014602981442
2023-01-01,Johor,Kluang,female,2070,14.05295315682281
2023-01-01,Johor,Kluang,male,2190,12.07276736493936
2023-01-01,Johor,Kota Tinggi,both,3987,17.387701700828607
2023-01-01,Johor,Kota Tinggi,female,1896,17.6536312849162
2023-01-01,Johor,Kota Tinggi,male,2091,17.15340442986054
2023-01-01,Johor,Kulai,both,4156,12.212753452835733
2023-01-01,Johor,Kulai,female,2026,12.93742017879949
2023-01-01,Johor,Kulai,male,2130,11.594991834512792
2023-01-01,Johor,Mersing,both,1182,14.756554307116106
2023-01-01,Johor,Mersing,female,564,15.12064343163539
2023-01-01,Johor,Mersing,male,618,14.4392523364486
2023-01-01,Johor,Muar,both,3834,12.030122372136804
2023-01-01,Johor,Muar,female,1849,12.867084203201117
2023-01-01,Johor,Muar,male,1985,11.342857142857143
2023-01-01,Johor,Pontian,both,2719,15.466439135381114
2023-01-01,Johor,Pontian,female,1313,16.090686274509807
2023-01-01,Johor,Pontian,male,1406,14.92569002123142
2023-01-01,Johor,Segamat,both,2566,12.728174603174605
2023-01-01,Johor,Segamat,female,1297,13.46832814122534
2023-01-01,Johor,Segamat,male,1269,12.039848197343453
2023-01-01,Johor,Tangkak,both,2059,12.32196289646918
2023-01-01,Johor,Tangkak,female,1012,12.665832290362951
2023-01-01,Johor,Tangkak,male,1047,12.006880733944952
2024-01-01,Johor,Batu Pahat,both,5763,11.3
2024-01-01,Johor,Batu Pahat,female,2738,11.4
2024-01-01,Johor,Batu Pahat,male,3025,11.2
2024-01-01,Johor,Johor Bahru,both,23018,12.8
2024-01-01,Johor,Johor Bahru,female,11071,13.2
2024-01-01,Johor,Johor Bahru,male,11947,12.4
2024-01-01,Johor,Kluang,both,3751,11.2
2024-01-01,Johor,Kluang,female,1800,12.1
2024-01-01,Johor,Kluang,male,1951,10.5
2024-01-01,Johor,Kota Tinggi,both,3462,14.8
2024-01-01,Johor,Kota Tinggi,female,1717,15.8
2024-01-01,Johor,Kota Tinggi,male,1745,14.0
2024-01-01,Johor,Kulai,both,3780,10.8
2024-01-01,Johor,Kulai,female,1837,11.5
2024-01-01,Johor,Kulai,male,1943,10.2
2024-01-01,Johor,Mersing,both,1083,13.4
2024-01-01,Johor,Mersing,female,547,14.5
2024-01-01,Johor,Mersing,male,536,12.3
2024-01-01,Johor,Muar,both,3436,10.6
2024-01-01,Johor,Muar,female,1676,11.6
2024-01-01,Johor,Muar,male,1760,9.9
2024-01-01,Johor,Pontian,both,2475,13.9
2024-01-01,Johor,Pontian,female,1203,14.6
2024-01-01,Johor,Pontian,male,1272,13.3
2024-01-01,Johor,Segamat,both,2376,11.6
2024-01-01,Johor,Segamat,female,1131,11.7
2024-01-01,Johor,Segamat,male,1245,11.5
2024-01-01,Johor,Tangkak,both,1867,11.0
2024-01-01,Johor,Tangkak,female,915,11.3
2024-01-01,Johor,Tangkak,male,952,10.7
2020-01-01,Kedah,Baling,both,2994,20.995792426367466
2020-01-01,Kedah,Baling,female,1423,20.47482014388489
2020-01-01,Kedah,Baling,male,1571,21.491108071135432
2020-01-01,Kedah,Bandar Baharu,both,746,16.8018018018018
2020-01-01,Kedah,Bandar Baharu,female,357,16.451612903225808
2020-01-01,Kedah,Bandar Baharu,male,389,17.136563876651984
2020-01-01,Kedah,Kota Setar,both,6454,17.252071638599304
2020-01-01,Kedah,Kota Setar,female,3153,16.780202235231506
2020-01-01,Kedah,Kota Setar,male,3301,17.737775389575496
2020-01-01,Kedah,Kuala Muda,both,7349,13.48440366972477
2020-01-01,Kedah,Kuala Muda,female,3535,13.339622641509434
2020-01-01,Kedah,Kuala Muda,male,3814,13.621428571428572
2020-01-01,Kedah,Kubang Pasu,both,3865,16.253153910849452
2020-01-01,Kedah,Kubang Pasu,female,1799,14.941860465116278
2020-01-01,Kedah,Kubang Pasu,male,2066,17.61295822676897
2020-01-01,Kedah,Kulim,both,4423,13.097423748889549
2020-01-01,Kedah,Kulim,female,2171,13.181542197935642
2020-01-01,Kedah,Kulim,male,2252,13.017341040462428
2020-01-01,Kedah,Langkawi,both,1904,20.233793836344315
2020-01-01,Kedah,Langkawi,female,932,20.528634361233483
2020-01-01,Kedah,Langkawi,male,972,19.958932238193015
2020-01-01,Kedah,Padang Terap,both,1359,20.684931506849313
2020-01-01,Kedah,Padang Terap,female,646,20.50793650793651
2020-01-01,Kedah,Padang Terap,male,713,20.84795321637427
2020-01-01,Kedah,Pendang,both,1866,18.867542972699695
2020-01-01,Kedah,Pendang,female,915,19.719827586206897
2020-01-01,Kedah,Pendang,male,951,18.11428571428571
2020-01-01,Kedah,Pokok Sena,both,540,10.843373493975903
2020-01-01,Kedah,Pokok Sena,female,259,11.460176991150442
2020-01-01,Kedah,Pokok Sena,male,281,10.330882352941178
2020-01-01,Kedah,Sik,both,1259,18.541973490427097
2020-01-01,Kedah,Sik,female,629,18.88888888888889
2020-01-01,Kedah,Sik,male,630,18.155619596541783
2020-01-01,Kedah,Yan,both,1031,14.046321525885558
2020-01-01,Kedah,Yan,female,476,13.333333333333332
2020-01-01,Kedah,Yan,male,555,14.721485411140582
2021-01-01,Kedah,Baling,both,2682,18.599167822468793
2021-01-01,Kedah,Baling,female,1317,18.707386363636363
2021-01-01,Kedah,Baling,male,1365,18.470906630581865
2021-01-01,Kedah,Bandar Baharu,both,685,15.427927927927929
2021-01-01,Kedah,Bandar Baharu,female,338,15.576036866359448
2021-01-01,Kedah,Bandar Baharu,male,347,15.286343612334802
2021-01-01,Kedah,Kota Setar,both,5842,15.524847196385862
2021-01-01,Kedah,Kota Setar,female,2875,15.203595980962454
2021-01-01,Kedah,Kota Setar,male,2967,15.849358974358974
2021-01-01,Kedah,Kuala Muda,both,7486,13.703093538348892
2021-01-01,Kedah,Kuala Muda,female,3620,13.57839459864966
2021-01-01,Kedah,Kuala Muda,male,3866,13.821952091526637
2021-01-01,Kedah,Kubang Pasu,both,3824,15.375954965822276
2021-01-01,Kedah,Kubang Pasu,female,1885,14.96031746031746
2021-01-01,Kedah,Kubang Pasu,male,1939,15.802770986145068
2021-01-01,Kedah,Kulim,both,4453,13.135693215339233
2021-01-01,Kedah,Kulim,female,2104,12.705314009661835
2021-01-01,Kedah,Kulim,male,2349,13.546712802768166
2021-01-01,Kedah,Langkawi,both,1782,18.738170347003155
2021-01-01,Kedah,Langkawi,female,825,17.934782608695652
2021-01-01,Kedah,Langkawi,male,957,19.4908350305499
2021-01-01,Kedah,Padang Terap,both,1152,17.349397590361445
2021-01-01,Kedah,Padang Terap,female,531,16.69811320754717
2021-01-01,Kedah,Padang Terap,male,621,17.947976878612717
2021-01-01,Kedah,Pendang,both,1926,19.395770392749245
2021-01-01,Kedah,Pendang,female,952,20.38543897216274
2021-01-01,Kedah,Pendang,male,974,18.517110266159698
2021-01-01,Kedah,Pokok Sena,both,957,19.14
2021-01-01,Kedah,Pokok Sena,female,446,19.647577092511018
2021-01-01,Kedah,Pokok Sena,male,511,18.71794871794872
2021-01-01,Kedah,Sik,both,1278,18.711566617862378
2021-01-01,Kedah,Sik,female,628,18.80239520958084
2021-01-01,Kedah,Sik,male,650,18.678160919540232
2021-01-01,Kedah,Yan,both,973,13.220108695652176
2021-01-01,Kedah,Yan,female,487,13.603351955307264
2021-01-01,Kedah,Yan,male,486,12.857142857142858
2022-01-01,Kedah,Baling,both,2855,19.703243616287093
2022-01-01,Kedah,Baling,female,1426,20.141242937853107
2022-01-01,Kedah,Baling,male,1429,19.28475033738192
2022-01-01,Kedah,Bandar Baharu,both,623,13.937360178970916
2022-01-01,Kedah,Bandar Baharu,female,297,13.623853211009171
2022-01-01,Kedah,Bandar Baharu,male,326,14.298245614035087
2022-01-01,Kedah,Kota Setar,both,5475,14.530254777070065
2022-01-01,Kedah,Kota Setar,female,2684,14.16358839050132
2022-01-01,Kedah,Kota Setar,male,2791,14.893276414087511
2022-01-01,Kedah,Kuala Muda,both,6493,11.794732061762035
2022-01-01,Kedah,Kuala Muda,female,3131,11.656738644825015
2022-01-01,Kedah,Kuala Muda,male,3362,11.926214969847464
2022-01-01,Kedah,Kubang Pasu,both,3645,14.59751702042451
2022-01-01,Kedah,Kubang Pasu,female,1792,14.15481832543444
2022-01-01,Kedah,Kubang Pasu,male,1853,15.052802599512592
2022-01-01,Kedah,Kulim,both,4070,11.924992675065925
2022-01-01,Kedah,Kulim,female,2010,12.05758848230354
2022-01-01,Kedah,Kulim,male,2060,11.79839633447881
2022-01-01,Kedah,Langkawi,both,1658,17.199170124481327
2022-01-01,Kedah,Langkawi,female,798,17.124463519313306
2022-01-01,Kedah,Langkawi,male,860,17.303822937625753
2022-01-01,Kedah,Padang Terap,both,1160,17.44360902255639
2022-01-01,Kedah,Padang Terap,female,575,18.025078369905955
2022-01-01,Kedah,Padang Terap,male,585,16.90751445086705
2022-01-01,Kedah,Pendang,both,1846,18.49699398797595
2022-01-01,Kedah,Pendang,female,878,18.680851063829788
2022-01-01,Kedah,Pendang,male,968,18.333333333333336
2022-01-01,Kedah,Pokok Sena,both,901,18.02
2022-01-01,Kedah,Pokok Sena,female,428,18.771929824561404
2022-01-01,Kedah,Pokok Sena,male,473,17.326007326007325
2022-01-01,Kedah,Sik,both,1156,16.85131195335277
2022-01-01,Kedah,Sik,female,565,16.765578635014837
2022-01-01,Kedah,Sik,male,591,16.885714285714286
2022-01-01,Kedah,Yan,both,914,12.384823848238485
2022-01-01,Kedah,Yan,female,428,11.88888888888889
2022-01-01,Kedah,Yan,male,486,12.823218997361478
2023-01-01,Kedah,Baling,both,2726,18.582140422631223
2023-01-01,Kedah,Baling,female,1344,18.744769874476987
2023-01-01,Kedah,Baling,male,1382,18.426666666666662
2023-01-01,Kedah,Bandar Baharu,both,744,16.496674057649667
2023-01-01,Kedah,Bandar Baharu,female,354,16.09090909090909
2023-01-01,Kedah,Bandar Baharu,male,390,16.88311688311688
2023-01-01,Kedah,Kota Setar,both,5907,15.573424729765357
2023-01-01,Kedah,Kota Setar,female,2818,14.769392033542976
2023-01-01,Kedah,Kota Setar,male,3089,16.387267904509283
2023-01-01,Kedah,Kuala Muda,both,7750,13.831875780831698
2023-01-01,Kedah,Kuala Muda,female,3777,13.891136447223245
2023-01-01,Kedah,Kuala Muda,male,3973,13.77600554785021
2023-01-01,Kedah,Kubang Pasu,both,3840,15.268389662027833
2023-01-01,Kedah,Kubang Pasu,female,1853,14.533333333333331
2023-01-01,Kedah,Kubang Pasu,male,1987,16.024193548387096
2023-01-01,Kedah,Kulim,both,4524,13.060046189376443
2023-01-01,Kedah,Kulim,female,2128,12.59171597633136
2023-01-01,Kedah,Kulim,male,2396,13.498591549295774
2023-01-01,Kedah,Langkawi,both,1755,17.908163265306122
2023-01-01,Kedah,Langkawi,female,818,17.257383966244728
2023-01-01,Kedah,Langkawi,male,937,18.48126232741617
2023-01-01,Kedah,Padang Terap,both,1214,18.092399403874815
2023-01-01,Kedah,Padang Terap,female,553,17.173913043478258
2023-01-01,Kedah,Padang Terap,male,661,18.99425287356322
2023-01-01,Kedah,Pendang,both,1913,18.997020854021848
2023-01-01,Kedah,Pendang,female,927,19.51578947368421
2023-01-01,Kedah,Pendang,male,986,18.533834586466163
2023-01-01,Kedah,Pokok Sena,both,1032,20.435643564356436
2023-01-01,Kedah,Pokok Sena,female,499,21.695652173913043
2023-01-01,Kedah,Pokok Sena,male,533,19.381818181818183
2023-01-01,Kedah,Sik,both,1369,19.754689754689757
2023-01-01,Kedah,Sik,female,683,20.08823529411765
2023-01-01,Kedah,Sik,male,686,19.433427762039663
2023-01-01,Kedah,Yan,both,1037,13.956931359353971
2023-01-01,Kedah,Yan,female,483,13.37950138504155
2023-01-01,Kedah,Yan,male,554,14.540682414698162
2024-01-01,Kedah,Baling,both,2472,16.7
2024-01-01,Kedah,Baling,female,1212,16.7
2024-01-01,Kedah,Baling,male,1260,16.6
2024-01-01,Kedah,Bandar Baharu,both,646,14.2
2024-01-01,Kedah,Bandar Baharu,female,332,14.9
2024-01-01,Kedah,Bandar Baharu,male,314,13.4
2024-01-01,Kedah,Kota Setar,both,5344,14.0
2024-01-01,Kedah,Kota Setar,female,2544,13.2
2024-01-01,Kedah,Kota Setar,male,2800,14.8
2024-01-01,Kedah,Kuala Muda,both,6997,12.2
2024-01-01,Kedah,Kuala Muda,female,3432,12.5
2024-01-01,Kedah,Kuala Muda,male,3565,12.1
2024-01-01,Kedah,Kubang Pasu,both,3394,13.4
2024-01-01,Kedah,Kubang Pasu,female,1681,13.1
2024-01-01,Kedah,Kubang Pasu,male,1713,13.7
2024-01-01,Kedah,Kulim,both,4197,11.9
2024-01-01,Kedah,Kulim,female,2070,12.1
2024-01-01,Kedah,Kulim,male,2127,11.8
2024-01-01,Kedah,Langkawi,both,1622,16.2
2024-01-01,Kedah,Langkawi,female,763,15.9
2024-01-01,Kedah,Langkawi,male,859,16.6
2024-01-01,Kedah,Padang Terap,both,1133,16.7
2024-01-01,Kedah,Padang Terap,female,544,16.7
2024-01-01,Kedah,Padang Terap,male,589,16.8
2024-01-01,Kedah,Pendang,both,1757,17.3
2024-01-01,Kedah,Pendang,female,847,17.7
2024-01-01,Kedah,Pendang,male,910,17.0
2024-01-01,Kedah,Pokok Sena,both,897,17.6
2024-01-01,Kedah,Pokok Sena,female,445,19.2
2024-01-01,Kedah,Pokok Sena,male,452,16.3
2024-01-01,Kedah,Sik,both,1144,16.3
2024-01-01,Kedah,Sik,female,556,16.2
2024-01-01,Kedah,Sik,male,588,16.5
2024-01-01,Kedah,Yan,both,1019,13.6
2024-01-01,Kedah,Yan,female,503,13.8
2024-01-01,Kedah,Yan,male,516,13.4
2020-01-01,Kelantan,Bachok,both,2941,18.696757787666876
2020-01-01,Kelantan,Bachok,female,1456,17.953144266337855
2020-01-01,Kelantan,Bachok,male,1485,19.488188976377952
2020-01-01,Kelantan,Gua Musang,both,2239,21.972522080471048
2020-01-01,Kelantan,Gua Musang,female,1091,23.16348195329087
2020-01-01,Kelantan,Gua Musang,male,1148,20.987202925045704
2020-01-01,Kelantan,Jeli,both,1038,18.976234003656305
2020-01-01,Kelantan,Jeli,female,511,18.71794871794872
2020-01-01,Kelantan,Jeli,male,527,19.23357664233577
2020-01-01,Kelantan,Kota Bharu,both,11285,20.30406621086722
2020-01-01,Kelantan,Kota Bharu,female,5382,19.359712230215827
2020-01-01,Kelantan,Kota Bharu,male,5903,21.24910007199424
2020-01-01,Kelantan,Kuala Krai,both,2402,22.876190476190477
2020-01-01,Kelantan,Kuala Krai,female,1158,22.22648752399232
2020-01-01,Kelantan,Kuala Krai,male,1244,23.516068052930056
2020-01-01,Kelantan,Machang,both,2151,19.554545454545455
2020-01-01,Kelantan,Machang,female,1037,18.752260397830018
2020-01-01,Kelantan,Machang,male,1114,20.36563071297989
2020-01-01,Kelantan,Pasir Mas,both,4412,19.149305555555554
2020-01-01,Kelantan,Pasir Mas,female,2132,18.75109938434477
2020-01-01,Kelantan,Pasir Mas,male,2280,19.52054794520548
2020-01-01,Kelantan,Pasir Puteh,both,3102,22.775330396475773
2020-01-01,Kelantan,Pasir Puteh,female,1490,21.688500727802037
2020-01-01,Kelantan,Pasir Puteh,male,1612,23.916913946587535
2020-01-01,Kelantan,Tanah Merah,both,2817,18.680371352785144
2020-01-01,Kelantan,Tanah Merah,female,1356,18.499317871759892
2020-01-01,Kelantan,Tanah Merah,male,1461,18.851612903225806
2020-01-01,Kelantan,Tumpat,both,3833,21.30628126737076
2020-01-01,Kelantan,Tumpat,female,1896,20.88105726872247
2020-01-01,Kelantan,Tumpat,male,1937,21.7152466367713
2021-01-01,Kelantan,Bachok,both,3270,20.578980490874763
2021-01-01,Kelantan,Bachok,female,1565,19.10866910866911
2021-01-01,Kelantan,Bachok,male,1705,22.142857142857142
2021-01-01,Kelantan,Gua Musang,both,1827,17.82439024390244
2021-01-01,Kelantan,Gua Musang,female,894,18.742138364779873
2021-01-01,Kelantan,Gua Musang,male,933,16.994535519125684
2021-01-01,Kelantan,Jeli,both,891,16.02517985611511
2021-01-01,Kelantan,Jeli,female,450,16.18705035971223
2021-01-01,Kelantan,Jeli,male,441,15.863309352517986
2021-01-01,Kelantan,Kecil Lojing,both,252,23.55140186915888
2021-01-01,Kelantan,Kecil Lojing,female,136,26.666666666666668
2021-01-01,Kelantan,Kecil Lojing,male,116,21.09090909090909
2021-01-01,Kelantan,Kota Bharu,both,10529,18.72155049786629
2021-01-01,Kelantan,Kota Bharu,female,5194,18.470839260312943
2021-01-01,Kelantan,Kota Bharu,male,5335,18.972261735419632
2021-01-01,Kelantan,Kuala Krai,both,2243,21.18035882908404
2021-01-01,Kelantan,Kuala Krai,female,1098,20.874524714828897
2021-01-01,Kelantan,Kuala Krai,male,1145,21.52255639097744
2021-01-01,Kelantan,Machang,both,1960,17.360496014171833
2021-01-01,Kelantan,Machang,female,939,16.531690140845072
2021-01-01,Kelantan,Machang,male,1021,18.19964349376114
2021-01-01,Kelantan,Pasir Mas,both,4335,18.693402328589908
2021-01-01,Kelantan,Pasir Mas,female,2048,17.88646288209607
2021-01-01,Kelantan,Pasir Mas,male,2287,19.463829787234044
2021-01-01,Kelantan,Pasir Puteh,both,3084,22.445414847161572
2021-01-01,Kelantan,Pasir Puteh,female,1499,21.63059163059163
2021-01-01,Kelantan,Pasir Puteh,male,1585,23.274596182085173
2021-01-01,Kelantan,Tanah Merah,both,2775,18.208661417322833
2021-01-01,Kelantan,Tanah Merah,female,1329,17.93522267206478
2021-01-01,Kelantan,Tanah Merah,male,1446,18.467432950191572
2021-01-01,Kelantan,Tumpat,both,3598,19.80187121629059
2021-01-01,Kelantan,Tumpat,female,1744,19.0185387131952
2021-01-01,Kelantan,Tumpat,male,1854,20.57713651498335
2022-01-01,Kelantan,Bachok,both,3138,19.527069072806473
2022-01-01,Kelantan,Bachok,female,1521,18.391777509068923
2022-01-01,Kelantan,Bachok,male,1617,20.73076923076923
2022-01-01,Kelantan,Gua Musang,both,1773,17.048076923076923
2022-01-01,Kelantan,Gua Musang,female,859,17.784679089026916
2022-01-01,Kelantan,Gua Musang,male,914,16.409335727109514
2022-01-01,Kelantan,Jeli,both,900,16.0427807486631
2022-01-01,Kelantan,Jeli,female,444,15.857142857142858
2022-01-01,Kelantan,Jeli,male,456,16.285714285714285
2022-01-01,Kelantan,Kecil Lojing,both,226,20.925925925925924
2022-01-01,Kelantan,Kecil Lojing,female,115,22.115384615384613
2022-01-01,Kelantan,Kecil Lojing,male,111,19.821428571428573
2022-01-01,Kelantan,Kota Bharu,both,10229,18.024669603524227
2022-01-01,Kelantan,Kota Bharu,female,4941,17.39788732394366
2022-01-01,Kelantan,Kota Bharu,male,5288,18.652557319223988
2022-01-01,Kelantan,Kuala Krai,both,2070,19.327731092436977
2022-01-01,Kelantan,Kuala Krai,female,999,18.778195488721803
2022-01-01,Kelantan,Kuala Krai,male,1071,19.907063197026023
2022-01-01,Kelantan,Machang,both,1956,17.172958735733097
2022-01-01,Kelantan,Machang,female,915,15.968586387434556
2022-01-01,Kelantan,Machang,male,1041,18.392226148409893
2022-01-01,Kelantan,Pasir Mas,both,4328,18.479931682322803
2022-01-01,Kelantan,Pasir Mas,female,2082,18.025974025974023
2022-01-01,Kelantan,Pasir Mas,male,2246,18.937605396290053
2022-01-01,Kelantan,Pasir Puteh,both,2895,20.842332613390926
2022-01-01,Kelantan,Pasir Puteh,female,1383,19.72895863052782
2022-01-01,Kelantan,Pasir Puteh,male,1512,21.94484760522496
2022-01-01,Kelantan,Tanah Merah,both,2676,17.410540013012362
2022-01-01,Kelantan,Tanah Merah,female,1306,17.459893048128343
2022-01-01,Kelantan,Tanah Merah,male,1370,17.385786802030456
2022-01-01,Kelantan,Tumpat,both,3617,19.68971148611867
2022-01-01,Kelantan,Tumpat,female,1779,19.19093851132686
2022-01-01,Kelantan,Tumpat,male,1838,20.197802197802197
2023-01-01,Kelantan,Bachok,both,3432,21.04230533415083
2023-01-01,Kelantan,Bachok,female,1673,19.916666666666668
2023-01-01,Kelantan,Bachok,male,1759,22.237673830594183
2023-01-01,Kelantan,Gua Musang,both,1897,17.69589552238806
2023-01-01,Kelantan,Gua Musang,female,938,18.987854251012145
2023-01-01,Kelantan,Gua Musang,male,959,16.591695501730104
2023-01-01,Kelantan,Jeli,both,955,16.783831282952548
2023-01-01,Kelantan,Jeli,female,479,16.80701754385965
2023-01-01,Kelantan,Jeli,male,476,16.70175438596491
2023-01-01,Kelantan,Kecil Lojing,both,239,21.53153153153153
2023-01-01,Kelantan,Kecil Lojing,female,124,22.96296296296296
2023-01-01,Kelantan,Kecil Lojing,male,115,20.175438596491222
2023-01-01,Kelantan,Kota Bharu,both,10674,18.537686696769715
2023-01-01,Kelantan,Kota Bharu,female,5116,17.76388888888889
2023-01-01,Kelantan,Kota Bharu,male,5558,19.312022237665044
2023-01-01,Kelantan,Kuala Krai,both,2287,20.90493601462523
2023-01-01,Kelantan,Kuala Krai,female,1077,19.834254143646408
2023-01-01,Kelantan,Kuala Krai,male,1210,21.960072595281307
2023-01-01,Kelantan,Machang,both,2102,18.230702515177796
2023-01-01,Kelantan,Machang,female,1004,17.340241796200345
2023-01-01,Kelantan,Machang,male,1098,19.162303664921467
2023-01-01,Kelantan,Pasir Mas,both,4375,18.42105263157895
2023-01-01,Kelantan,Pasir Mas,female,2073,17.687713310580204
2023-01-01,Kelantan,Pasir Mas,male,2302,19.13549459684123
2023-01-01,Kelantan,Pasir Puteh,both,3128,22.18439716312057
2023-01-01,Kelantan,Pasir Puteh,female,1532,21.547116736990155
2023-01-01,Kelantan,Pasir Puteh,male,1596,22.83261802575107
2023-01-01,Kelantan,Tanah Merah,both,2852,18.27033952594491
2023-01-01,Kelantan,Tanah Merah,female,1358,17.891963109354414
2023-01-01,Kelantan,Tanah Merah,male,1494,18.65168539325843
2023-01-01,Kelantan,Tumpat,both,3764,20.18230563002681
2023-01-01,Kelantan,Tumpat,female,1849,19.62845010615711
2023-01-01,Kelantan,Tumpat,male,1915,20.74756229685807
2024-01-01,Kelantan,Bachok,both,3154,19.1
2024-01-01,Kelantan,Bachok,female,1561,18.3
2024-01-01,Kelantan,Bachok,male,1593,19.9
2024-01-01,Kelantan,Gua Musang,both,1629,14.7
2024-01-01,Kelantan,Gua Musang,female,788,15.6
2024-01-01,Kelantan,Gua Musang,male,841,14.0
2024-01-01,Kelantan,Jeli,both,790,13.7
2024-01-01,Kelantan,Jeli,female,378,13.1
2024-01-01,Kelantan,Jeli,male,412,14.2
2024-01-01,Kelantan,Kecil Lojing,both,225,19.9
2024-01-01,Kelantan,Kecil Lojing,female,114,20.9
2024-01-01,Kelantan,Kecil Lojing,male,111,18.9
2024-01-01,Kelantan,Kota Bharu,both,9618,16.5
2024-01-01,Kelantan,Kota Bharu,female,4575,15.7
2024-01-01,Kelantan,Kota Bharu,male,5043,17.3
2024-01-01,Kelantan,Kuala Krai,both,1965,17.6
2024-01-01,Kelantan,Kuala Krai,female,918,16.6
2024-01-01,Kelantan,Kuala Krai,male,1047,18.6
2024-01-01,Kelantan,Machang,both,1837,15.7
2024-01-01,Kelantan,Machang,female,883,15.1
2024-01-01,Kelantan,Machang,male,954,16.4
2024-01-01,Kelantan,Pasir Mas,both,3865,16.1
2024-01-01,Kelantan,Pasir Mas,female,1848,15.6
2024-01-01,Kelantan,Pasir Mas,male,2017,16.6
2024-01-01,Kelantan,Pasir Puteh,both,2775,19.4
2024-01-01,Kelantan,Pasir Puteh,female,1380,19.1
2024-01-01,Kelantan,Pasir Puteh,male,1395,19.7
2024-01-01,Kelantan,Tanah Merah,both,2575,16.3
2024-01-01,Kelantan,Tanah Merah,female,1233,16.0
2024-01-01,Kelantan,Tanah Merah,male,1342,16.5
2024-01-01,Kelantan,Tumpat,both,3428,18.1
2024-01-01,Kelantan,Tumpat,female,1655,17.3
2024-01-01,Kelantan,Tumpat,male,1773,18.9
2020-01-01,Melaka,Alor Gajah,both,3175,12.730553327987169
2020-01-01,Melaka,Alor Gajah,female,1536,12.7363184079602
2020-01-01,Melaka,Alor Gajah,male,1639,12.725155279503104
2020-01-01,Melaka,Jasin,both,2464,16.22119815668203
2020-01-01,Melaka,Jasin,female,1173,16.70940170940171
2020-01-01,Melaka,Jasin,male,1291,15.78239608801956
2020-01-01,Melaka,Melaka Tengah,both,8202,13.73639256405962
2020-01-01,Melaka,Melaka Tengah,female,4001,14.152812168376371
2020-01-01,Melaka,Melaka Tengah,male,4201,13.361959287531809
2021-01-01,Melaka,Alor Gajah,both,3089,12.306772908366534
2021-01-01,Melaka,Alor Gajah,female,1522,12.526748971193417
2021-01-01,Melaka,Alor Gajah,male,1567,12.1003861003861
2021-01-01,Melaka,Jasin,both,2369,15.19563822963438
2021-01-01,Melaka,Jasin,female,1158,16.24123422159888
2021-01-01,Melaka,Jasin,male,1211,14.314420803782507
2021-01-01,Melaka,Melaka Tengah,both,7734,12.93960180692655
2021-01-01,Melaka,Melaka Tengah,female,3700,13.014421385860006
2021-01-01,Melaka,Melaka Tengah,male,4034,12.875837855090966
2022-01-01,Melaka,Alor Gajah,both,3071,12.196187450357426
2022-01-01,Melaka,Alor Gajah,female,1469,12.031122031122033
2022-01-01,Melaka,Alor Gajah,male,1602,12.34206471494607
2022-01-01,Melaka,Jasin,both,2295,14.912280701754383
2022-01-01,Melaka,Jasin,female,1127,15.762237762237762
2022-01-01,Melaka,Jasin,male,1168,14.174757281553395
2022-01-01,Melaka,Melaka Tengah,both,7739,12.838420703384209
2022-01-01,Melaka,Melaka Tengah,female,3764,13.147048550471531
2022-01-01,Melaka,Melaka Tengah,male,3975,12.559241706161137
2023-01-01,Melaka,Alor Gajah,both,3221,12.567303940694496
2023-01-01,Melaka,Alor Gajah,female,1588,12.837510105092967
2023-01-01,Melaka,Alor Gajah,male,1633,12.315233785822022
2023-01-01,Melaka,Jasin,both,2441,15.799352750809062
2023-01-01,Melaka,Jasin,female,1196,16.61111111111111
2023-01-01,Melaka,Jasin,male,1245,15.090909090909092
2023-01-01,Melaka,Melaka Tengah,both,7921,12.82753036437247
2023-01-01,Melaka,Melaka Tengah,female,3828,13.168214654282766
2023-01-01,Melaka,Melaka Tengah,male,4093,12.524479804161569
2024-01-01,Melaka,Alor Gajah,both,3013,11.6
2024-01-01,Melaka,Alor Gajah,female,1481,11.7
2024-01-01,Melaka,Alor Gajah,male,1532,11.4
2024-01-01,Melaka,Jasin,both,2268,14.5
2024-01-01,Melaka,Jasin,female,1074,14.7
2024-01-01,Melaka,Jasin,male,1194,14.4
2024-01-01,Melaka,Melaka Tengah,both,7263,11.5
2024-01-01,Melaka,Melaka Tengah,female,3514,12.0
2024-01-01,Melaka,Melaka Tengah,male,3749,11.1
2020-01-01,Negeri Sembilan,Jelebu,both,668,14.490238611713666
2020-01-01,Negeri Sembilan,Jelebu,female,321,15.285714285714286
2020-01-01,Negeri Sembilan,Jelebu,male,347,13.88
2020-01-01,Negeri Sembilan,Jempol,both,2294,18.034591194968552
2020-01-01,Negeri Sembilan,Jempol,female,1113,18.127035830618897
2020-01-01,Negeri Sembilan,Jempol,male,1181,17.948328267477205
2020-01-01,Negeri Sembilan,Kuala Pilah,both,950,13.513513513513514
2020-01-01,Negeri Sembilan,Kuala Pilah,female,452,13.177842565597668
2020-01-01,Negeri Sembilan,Kuala Pilah,male,498,13.833333333333334
2020-01-01,Negeri Sembilan,Port Dickson,both,1854,14.405594405594409
2020-01-01,Negeri Sembilan,Port Dickson,female,876,14.503311258278146
2020-01-01,Negeri Sembilan,Port Dickson,male,978,14.319180087847732
2020-01-01,Negeri Sembilan,Rembau,both,778,16.44820295983087
2020-01-01,Negeri Sembilan,Rembau,female,369,15.836909871244634
2020-01-01,Negeri Sembilan,Rembau,male,409,17.041666666666668
2020-01-01,Negeri Sembilan,Seremban,both,9389,13.562039578217536
2020-01-01,Negeri Sembilan,Seremban,female,4542,13.590664272890486
2020-01-01,Negeri Sembilan,Seremban,male,4847,13.535325328120637
2020-01-01,Negeri Sembilan,Tampin,both,1161,13.178206583427924
2020-01-01,Negeri Sembilan,Tampin,female,556,13.462469733656174
2020-01-01,Negeri Sembilan,Tampin,male,605,12.927350427350428
2021-01-01,Negeri Sembilan,Jelebu,both,573,12.510917030567686
2021-01-01,Negeri Sembilan,Jelebu,female,295,13.981042654028435
2021-01-01,Negeri Sembilan,Jelebu,male,278,11.25506072874494
2021-01-01,Negeri Sembilan,Jempol,both,2058,16.191974822974036
2021-01-01,Negeri Sembilan,Jempol,female,993,16.067961165048544
2021-01-01,Negeri Sembilan,Jempol,male,1065,16.309341500765697
2021-01-01,Negeri Sembilan,Kuala Pilah,both,997,14.242857142857142
2021-01-01,Negeri Sembilan,Kuala Pilah,female,476,13.83720930232558
2021-01-01,Negeri Sembilan,Kuala Pilah,male,521,14.593837535014003
2021-01-01,Negeri Sembilan,Port Dickson,both,1817,14.096198603568658
2021-01-01,Negeri Sembilan,Port Dickson,female,908,14.958813838550247
2021-01-01,Negeri Sembilan,Port Dickson,male,909,13.308931185944363
2021-01-01,Negeri Sembilan,Rembau,both,767,16.18143459915612
2021-01-01,Negeri Sembilan,Rembau,female,378,16.085106382978722
2021-01-01,Negeri Sembilan,Rembau,male,389,16.208333333333332
2021-01-01,Negeri Sembilan,Seremban,both,9287,13.341473926160036
2021-01-01,Negeri Sembilan,Seremban,female,4423,13.128524784802613
2021-01-01,Negeri Sembilan,Seremban,male,4864,13.544973544973544
2021-01-01,Negeri Sembilan,Tampin,both,1278,14.391891891891891
2021-01-01,Negeri Sembilan,Tampin,female,581,13.966346153846152
2021-01-01,Negeri Sembilan,Tampin,male,697,14.798301486199575
2022-01-01,Negeri Sembilan,Jelebu,both,533,11.511879049676027
2022-01-01,Negeri Sembilan,Jelebu,female,251,11.839622641509434
2022-01-01,Negeri Sembilan,Jelebu,male,282,11.28
2022-01-01,Negeri Sembilan,Jempol,both,1832,14.357366771159874
2022-01-01,Negeri Sembilan,Jempol,female,905,14.573268921095009
2022-01-01,Negeri Sembilan,Jempol,male,927,14.15267175572519
2022-01-01,Negeri Sembilan,Kuala Pilah,both,994,14.11931818181818
2022-01-01,Negeri Sembilan,Kuala Pilah,female,474,13.77906976744186
2022-01-01,Negeri Sembilan,Kuala Pilah,male,520,14.444444444444445
2022-01-01,Negeri Sembilan,Port Dickson,both,1829,14.058416602613375
2022-01-01,Negeri Sembilan,Port Dickson,female,829,13.523654159869494
2022-01-01,Negeri Sembilan,Port Dickson,male,1000,14.513788098693755
2022-01-01,Negeri Sembilan,Rembau,both,771,16.129707112970713
2022-01-01,Negeri Sembilan,Rembau,female,368,15.59322033898305
2022-01-01,Negeri Sembilan,Rembau,male,403,16.65289256198347
2022-01-01,Negeri Sembilan,Seremban,both,8872,12.730664370784906
2022-01-01,Negeri Sembilan,Seremban,female,4186,12.37363287023352
2022-01-01,Negeri Sembilan,Seremban,male,4686,13.067484662576687
2022-01-01,Negeri Sembilan,Tampin,both,1160,13.063063063063064
2022-01-01,Negeri Sembilan,Tampin,female,572,13.684210526315791
2022-01-01,Negeri Sembilan,Tampin,male,588,12.51063829787234
2023-01-01,Negeri Sembilan,Jelebu,both,538,11.326315789473684
2023-01-01,Negeri Sembilan,Jelebu,female,268,12.465116279069768
2023-01-01,Negeri Sembilan,Jelebu,male,270,10.384615384615383
2023-01-01,Negeri Sembilan,Jempol,both,1898,14.656370656370656
2023-01-01,Negeri Sembilan,Jempol,female,880,14.035087719298245
2023-01-01,Negeri Sembilan,Jempol,male,1018,15.262368815592204
2023-01-01,Negeri Sembilan,Kuala Pilah,both,971,13.599439775910364
2023-01-01,Negeri Sembilan,Kuala Pilah,female,459,13.265895953757225
2023-01-01,Negeri Sembilan,Kuala Pilah,male,512,13.950953678474113
2023-01-01,Negeri Sembilan,Port Dickson,both,1872,14.10700828937453
2023-01-01,Negeri Sembilan,Port Dickson,female,923,14.791666666666668
2023-01-01,Negeri Sembilan,Port Dickson,male,949,13.480113636363637
2023-01-01,Negeri Sembilan,Rembau,both,796,16.412371134020617
2023-01-01,Negeri Sembilan,Rembau,female,370,15.546218487394958
2023-01-01,Negeri Sembilan,Rembau,male,426,17.246963562753038
2023-01-01,Negeri Sembilan,Seremban,both,9338,13.236002834868888
2023-01-01,Negeri Sembilan,Seremban,female,4532,13.239848086473852
2023-01-01,Negeri Sembilan,Seremban,male,4806,13.232378854625551
2023-01-01,Negeri Sembilan,Tampin,both,1157,12.884187082405344
2023-01-01,Negeri Sembilan,Tampin,female,574,13.601895734597155
2023-01-01,Negeri Sembilan,Tampin,male,583,12.22222222222222
2024-01-01,Negeri Sembilan,Jelebu,both,492,10.1
2024-01-01,Negeri Sembilan,Jelebu,female,248,11.4
2024-01-01,Negeri Sembilan,Jelebu,male,244,9.1
2024-01-01,Negeri Sembilan,Jempol,both,1597,12.2
2024-01-01,Negeri Sembilan,Jempol,female,794,12.5
2024-01-01,Negeri Sembilan,Jempol,male,803,11.8
2024-01-01,Negeri Sembilan,Kuala Pilah,both,940,13.0
2024-01-01,Negeri Sembilan,Kuala Pilah,female,475,13.7
2024-01-01,Negeri Sembilan,Kuala Pilah,male,465,12.4
2024-01-01,Negeri Sembilan,Port Dickson,both,1621,12.0
2024-01-01,Negeri Sembilan,Port Dickson,female,801,12.6
2024-01-01,Negeri Sembilan,Port Dickson,male,820,11.4
2024-01-01,Negeri Sembilan,Rembau,both,760,15.4
2024-01-01,Negeri Sembilan,Rembau,female,373,15.5
2024-01-01,Negeri Sembilan,Rembau,male,387,15.3
2024-01-01,Negeri Sembilan,Seremban,both,8353,11.7
2024-01-01,Negeri Sembilan,Seremban,female,4067,11.8
2024-01-01,Negeri Sembilan,Seremban,male,4286,11.7
2024-01-01,Negeri Sembilan,Tampin,both,955,10.6
2024-01-01,Negeri Sembilan,Tampin,female,464,11.0
2024-01-01,Negeri Sembilan,Tampin,male,491,10.2
2020-01-01,Pahang,Bentong,both,1328,11.36986301369863
2020-01-01,Pahang,Bentong,female,652,12.885375494071146
2020-01-01,Pahang,Bentong,male,676,10.211480362537763
2020-01-01,Pahang,Bera,both,1234,12.579001019367992
2020-01-01,Pahang,Bera,female,589,12.888402625820568
2020-01-01,Pahang,Bera,male,645,12.309160305343513
2020-01-01,Pahang,Cameron Highlands,both,558,14.307692307692308
2020-01-01,Pahang,Cameron Highlands,female,287,17.083333333333332
2020-01-01,Pahang,Cameron Highlands,male,271,12.207207207207208
2020-01-01,Pahang,Jerantut,both,1498,15.604166666666666
2020-01-01,Pahang,Jerantut,female,742,16.525612472160358
2020-01-01,Pahang,Jerantut,male,756,14.794520547945204
2020-01-01,Pahang,Kuantan,both,8570,15.638686131386862
2020-01-01,Pahang,Kuantan,female,4112,15.646879756468795
2020-01-01,Pahang,Kuantan,male,4458,15.631136044880789
2020-01-01,Pahang,Lipis,both,1457,15.08281573498965
2020-01-01,Pahang,Lipis,female,716,15.77092511013216
2020-01-01,Pahang,Lipis,male,741,14.47265625
2020-01-01,Pahang,Maran,both,1868,16.634016028495104
2020-01-01,Pahang,Maran,female,917,17.10820895522388
2020-01-01,Pahang,Maran,male,951,16.201022146507665
2020-01-01,Pahang,Pekan,both,2373,19.57920792079208
2020-01-01,Pahang,Pekan,female,1106,19.82078853046595
2020-01-01,Pahang,Pekan,male,1267,19.37308868501529
2020-01-01,Pahang,Raub,both,1197,12.455775234131114
2020-01-01,Pahang,Raub,female,594,13.14159292035398
2020-01-01,Pahang,Raub,male,603,11.846758349705304
2020-01-01,Pahang,Rompin,both,2302,23.465851172273194
2020-01-01,Pahang,Rompin,female,1127,25.269058295964125
2020-01-01,Pahang,Rompin,male,1175,21.962616822429908
2020-01-01,Pahang,Temerloh,both,2894,17.124260355029588
2020-01-01,Pahang,Temerloh,female,1440,17.625458996328028
2020-01-01,Pahang,Temerloh,male,1454,16.655211912943873
2021-01-01,Pahang,Bentong,both,1293,11.175453759723425
2021-01-01,Pahang,Bentong,female,641,12.66798418972332
2021-01-01,Pahang,Bentong,male,652,10.01536098310292
2021-01-01,Pahang,Bera,both,1187,12.112244897959185
2021-01-01,Pahang,Bera,female,562,12.217391304347826
2021-01-01,Pahang,Bera,male,625,12.01923076923077
2021-01-01,Pahang,Cameron Highlands,both,528,13.714285714285714
2021-01-01,Pahang,Cameron Highlands,female,257,15.207100591715978
2021-01-01,Pahang,Cameron Highlands,male,271,12.488479262672811
2021-01-01,Pahang,Jerantut,both,1411,14.713242961418144
2021-01-01,Pahang,Jerantut,female,709,15.6858407079646
2021-01-01,Pahang,Jerantut,male,702,13.818897637795276
2021-01-01,Pahang,Kuantan,both,8428,15.196538045438151
2021-01-01,Pahang,Kuantan,female,4123,15.517500940910802
2021-01-01,Pahang,Kuantan,male,4305,14.901349948078922
2021-01-01,Pahang,Lipis,both,1462,15.134575569358178
2021-01-01,Pahang,Lipis,female,698,15.240174672489085
2021-01-01,Pahang,Lipis,male,764,15.03937007874016
2021-01-01,Pahang,Maran,both,1881,16.572687224669604
2021-01-01,Pahang,Maran,female,871,15.952380952380953
2021-01-01,Pahang,Maran,male,1010,17.147707979626485
2021-01-01,Pahang,Pekan,both,2384,19.445350734094617
2021-01-01,Pahang,Pekan,female,1151,20.371681415929203
2021-01-01,Pahang,Pekan,male,1233,18.6535552193646
2021-01-01,Pahang,Raub,both,1143,11.90625
2021-01-01,Pahang,Raub,female,567,12.461538461538462
2021-01-01,Pahang,Raub,male,576,11.405940594059404
2021-01-01,Pahang,Rompin,both,2012,20.0
2021-01-01,Pahang,Rompin,female,966,21.27753303964758
2021-01-01,Pahang,Rompin,male,1046,18.94927536231884
2021-01-01,Pahang,Temerloh,both,2778,16.39905548996458
2021-01-01,Pahang,Temerloh,female,1338,16.257594167679223
2021-01-01,Pahang,Temerloh,male,1440,16.532721010332953
2022-01-01,Pahang,Bentong,both,1221,10.462724935732648
2022-01-01,Pahang,Bentong,female,622,12.220039292730846
2022-01-01,Pahang,Bentong,male,599,9.103343465045594
2022-01-01,Pahang,Bera,both,1118,11.304347826086955
2022-01-01,Pahang,Bera,female,520,11.23110151187905
2022-01-01,Pahang,Bera,male,598,11.368821292775666
2022-01-01,Pahang,Cameron Highlands,both,467,11.913265306122447
2022-01-01,Pahang,Cameron Highlands,female,216,12.705882352941176
2022-01-01,Pahang,Cameron Highlands,male,251,11.357466063348417
2022-01-01,Pahang,Jerantut,both,1392,14.350515463917526
2022-01-01,Pahang,Jerantut,female,666,14.605263157894736
2022-01-01,Pahang,Jerantut,male,726,14.124513618677042
2022-01-01,Pahang,Kuantan,both,8165,14.635239290195376
2022-01-01,Pahang,Kuantan,female,3949,14.724086502609993
2022-01-01,Pahang,Kuantan,male,4216,14.552985847428374
2022-01-01,Pahang,Lipis,both,1346,13.748723186925432
2022-01-01,Pahang,Lipis,female,656,14.199134199134198
2022-01-01,Pahang,Lipis,male,690,13.34622823984526
2022-01-01,Pahang,Maran,both,1784,15.553618134263296
2022-01-01,Pahang,Maran,female,828,15.054545454545456
2022-01-01,Pahang,Maran,male,956,16.013400335008374
2022-01-01,Pahang,Pekan,both,2279,18.45344129554656
2022-01-01,Pahang,Pekan,female,1127,19.702797202797203
2022-01-01,Pahang,Pekan,male,1152,17.37556561085973
2022-01-01,Pahang,Raub,both,1151,11.890495867768596
2022-01-01,Pahang,Raub,female,544,11.877729257641922
2022-01-01,Pahang,Raub,male,607,11.901960784313726
2022-01-01,Pahang,Rompin,both,2033,20.249003984063744
2022-01-01,Pahang,Rompin,female,982,21.347826086956523
2022-01-01,Pahang,Rompin,male,1051,19.31985294117647
2022-01-01,Pahang,Temerloh,both,2612,15.239206534422404
2022-01-01,Pahang,Temerloh,female,1249,15.01201923076923
2022-01-01,Pahang,Temerloh,male,1363,15.453514739229025
2023-01-01,Pahang,Bentong,both,1293,10.81103678929766
2023-01-01,Pahang,Bentong,female,647,12.563106796116504
2023-01-01,Pahang,Bentong,male,646,9.48604992657856
2023-01-01,Pahang,Bera,both,1217,12.15784215784216
2023-01-01,Pahang,Bera,female,538,11.545064377682404
2023-01-01,Pahang,Bera,male,679,12.69158878504673
2023-01-01,Pahang,Cameron Highlands,both,508,12.420537897310512
2023-01-01,Pahang,Cameron Highlands,female,252,14.651162790697676
2023-01-01,Pahang,Cameron Highlands,male,256,10.80168776371308
2023-01-01,Pahang,Jerantut,both,1459,14.797160243407708
2023-01-01,Pahang,Jerantut,female,716,15.565217391304348
2023-01-01,Pahang,Jerantut,male,743,14.125475285171104
2023-01-01,Pahang,Kuantan,both,8185,14.466242488511844
2023-01-01,Pahang,Kuantan,female,3897,14.353591160220995
2023-01-01,Pahang,Kuantan,male,4288,14.570166496772
2023-01-01,Pahang,Lipis,both,1386,13.846153846153848
2023-01-01,Pahang,Lipis,female,703,15.085836909871244
2023-01-01,Pahang,Lipis,male,683,12.790262172284644
2023-01-01,Pahang,Maran,both,1776,15.17948717948718
2023-01-01,Pahang,Maran,female,849,15.297297297297296
2023-01-01,Pahang,Maran,male,927,15.09771986970684
2023-01-01,Pahang,Pekan,both,2460,19.539316918189037
2023-01-01,Pahang,Pekan,female,1224,21.0671256454389
2023-01-01,Pahang,Pekan,male,1236,18.20324005891016
2023-01-01,Pahang,Raub,both,1159,11.730769230769232
2023-01-01,Pahang,Raub,female,580,12.554112554112551
2023-01-01,Pahang,Raub,male,579,11.007604562737642
2023-01-01,Pahang,Rompin,both,2011,19.793307086614178
2023-01-01,Pahang,Rompin,female,994,21.2847965738758
2023-01-01,Pahang,Rompin,male,1017,18.524590163934427
2023-01-01,Pahang,Temerloh,both,2708,15.500858614768177
2023-01-01,Pahang,Temerloh,female,1280,15.20190023752969
2023-01-01,Pahang,Temerloh,male,1428,15.779005524861878
2024-01-01,Pahang,Bentong,both,1128,9.3
2024-01-01,Pahang,Bentong,female,565,10.8
2024-01-01,Pahang,Bentong,male,563,8.2
2024-01-01,Pahang,Bera,both,1025,10.1
2024-01-01,Pahang,Bera,female,480,10.2
2024-01-01,Pahang,Bera,male,545,10.1
2024-01-01,Pahang,Cameron Highlands,both,508,11.4
2024-01-01,Pahang,Cameron Highlands,female,235,13.4
2024-01-01,Pahang,Cameron Highlands,male,273,10.1
2024-01-01,Pahang,Jerantut,both,1272,12.7
2024-01-01,Pahang,Jerantut,female,632,13.6
2024-01-01,Pahang,Jerantut,male,640,12.0
2024-01-01,Pahang,Kuantan,both,7470,13.1
2024-01-01,Pahang,Kuantan,female,3556,13.0
2024-01-01,Pahang,Kuantan,male,3914,13.2
2024-01-01,Pahang,Lipis,both,1213,11.9
2024-01-01,Pahang,Lipis,female,581,12.3
2024-01-01,Pahang,Lipis,male,632,11.5
2024-01-01,Pahang,Maran,both,1531,12.9
2024-01-01,Pahang,Maran,female,737,13.1
2024-01-01,Pahang,Maran,male,794,12.6
2024-01-01,Pahang,Pekan,both,2053,16.1
2024-01-01,Pahang,Pekan,female,976,16.6
2024-01-01,Pahang,Pekan,male,1077,15.6
2024-01-01,Pahang,Raub,both,1155,11.5
2024-01-01,Pahang,Raub,female,577,12.4
2024-01-01,Pahang,Raub,male,578,10.8
2024-01-01,Pahang,Rompin,both,1827,17.8
2024-01-01,Pahang,Rompin,female,881,18.6
2024-01-01,Pahang,Rompin,male,946,17.0
2024-01-01,Pahang,Temerloh,both,2323,13.1
2024-01-01,Pahang,Temerloh,female,1103,12.9
2024-01-01,Pahang,Temerloh,male,1220,13.2
2020-01-01,Perak,Bagan Datuk,both,748,9.033816425120774
2020-01-01,Perak,Bagan Datuk,female,361,9.78319783197832
2020-01-01,Perak,Bagan Datuk,male,387,8.431372549019608
2020-01-01,Perak,Batang Padang,both,1674,13.5
2020-01-01,Perak,Batang Padang,female,801,14.02802101576182
2020-01-01,Perak,Batang Padang,male,873,13.049327354260088
2020-01-01,Perak,Hilir Perak,both,1910,13.450704225352112
2020-01-01,Perak,Hilir Perak,female,926,14.00907715582451
2020-01-01,Perak,Hilir Perak,male,984,12.964426877470355
2020-01-01,Perak,Hulu Perak,both,1591,16.72975814931651
2020-01-01,Perak,Hulu Perak,female,767,16.783369803063458
2020-01-01,Perak,Hulu Perak,male,824,16.68016194331984
2020-01-01,Perak,Kampar,both,1065,10.790273556231003
2020-01-01,Perak,Kampar,female,535,11.099585062240664
2020-01-01,Perak,Kampar,male,530,10.495049504950495
2020-01-01,Perak,Kerian,both,2436,14.639423076923077
2020-01-01,Perak,Kerian,female,1171,14.510532837670384
2020-01-01,Perak,Kerian,male,1265,14.760793465577596
2020-01-01,Perak,Kinta,both,9334,10.501800180018002
2020-01-01,Perak,Kinta,female,4522,10.567889693853704
2020-01-01,Perak,Kinta,male,4812,10.442708333333334
2020-01-01,Perak,Kuala Kangsar,both,2469,14.020442930153322
2020-01-01,Perak,Kuala Kangsar,female,1158,13.356401384083044
2020-01-01,Perak,Kuala Kangsar,male,1311,14.680851063829788
2020-01-01,Perak,Larut Dan Matang,both,4398,16.31305637982196
2020-01-01,Perak,Larut Dan Matang,female,2129,16.402157164869028
2020-01-01,Perak,Larut Dan Matang,male,2269,16.23032904148784
2020-01-01,Perak,Manjung,both,3451,13.97165991902834
2020-01-01,Perak,Manjung,female,1625,14.266900790166812
2020-01-01,Perak,Manjung,male,1826,13.719008264462811
2020-01-01,Perak,Muallim,both,892,11.629726205997391
2020-01-01,Perak,Muallim,female,392,9.8
2020-01-01,Perak,Muallim,male,500,13.623978201634875
2020-01-01,Perak,Perak Tengah,both,1565,16.543340380549683
2020-01-01,Perak,Perak Tengah,female,703,15.34934497816594
2020-01-01,Perak,Perak Tengah,male,862,17.66393442622951
2021-01-01,Perak,Bagan Datuk,both,786,9.401913875598089
2021-01-01,Perak,Bagan Datuk,female,382,10.324324324324325
2021-01-01,Perak,Bagan Datuk,male,404,8.669527896995708
2021-01-01,Perak,Batang Padang,both,1626,12.874109263657958
2021-01-01,Perak,Batang Padang,female,802,13.803786574870912
2021-01-01,Perak,Batang Padang,male,824,12.09985315712188
2021-01-01,Perak,Hilir Perak,both,1842,12.703448275862067
2021-01-01,Perak,Hilir Perak,female,877,13.148425787106444
2021-01-01,Perak,Hilir Perak,male,965,12.308673469387754
2021-01-01,Perak,Hulu Perak,both,1528,16.03357817418678
2021-01-01,Perak,Hulu Perak,female,767,16.710239651416124
2021-01-01,Perak,Hulu Perak,male,761,15.404858299595142
2021-01-01,Perak,Kampar,both,976,9.928789420142422
2021-01-01,Perak,Kampar,female,472,9.812889812889813
2021-01-01,Perak,Kampar,male,504,10.0398406374502
2021-01-01,Perak,Kerian,both,2465,14.69010727056019
2021-01-01,Perak,Kerian,female,1190,14.619164619164618
2021-01-01,Perak,Kerian,male,1275,14.739884393063583
2021-01-01,Perak,Kinta,both,9038,10.11414503133393
2021-01-01,Perak,Kinta,female,4464,10.32616238723109
2021-01-01,Perak,Kinta,male,4574,9.9154563190982
2021-01-01,Perak,Kuala Kangsar,both,2322,13.170731707317072
2021-01-01,Perak,Kuala Kangsar,female,1152,13.241379310344827
2021-01-01,Perak,Kuala Kangsar,male,1170,13.101903695408735
2021-01-01,Perak,Larut Dan Matang,both,3841,14.11094783247612
2021-01-01,Perak,Larut Dan Matang,female,1864,14.185692541856923
2021-01-01,Perak,Larut Dan Matang,male,1977,14.04119318181818
2021-01-01,Perak,Manjung,both,3301,13.19872051179528
2021-01-01,Perak,Manjung,female,1597,13.850823937554209
2021-01-01,Perak,Manjung,male,1704,12.63157894736842
2021-01-01,Perak,Muallim,both,940,12.066752246469832
2021-01-01,Perak,Muallim,female,459,11.333333333333334
2021-01-01,Perak,Muallim,male,481,12.86096256684492
2021-01-01,Perak,Perak Tengah,both,1571,16.53684210526316
2021-01-01,Perak,Perak Tengah,female,755,16.377440347071584
2021-01-01,Perak,Perak Tengah,male,816,16.687116564417177
2021-01-01,Perak,Selama,both,580,16.86046511627907
2021-01-01,Perak,Selama,female,277,16.294117647058822
2021-01-01,Perak,Selama,male,303,17.413793103448278
2022-01-01,Perak,Bagan Datuk,both,749,9.100850546780071
2022-01-01,Perak,Bagan Datuk,female,367,9.94579945799458
2022-01-01,Perak,Bagan Datuk,male,382,8.432671081677706
2022-01-01,Perak,Batang Padang,both,1495,11.893396976929196
2022-01-01,Perak,Batang Padang,female,686,11.786941580756013
2022-01-01,Perak,Batang Padang,male,809,11.985185185185186
2022-01-01,Perak,Hilir Perak,both,1724,12.115249472944482
2022-01-01,Perak,Hilir Perak,female,814,12.203898050974512
2022-01-01,Perak,Hilir Perak,male,910,12.037037037037038
2022-01-01,Perak,Hulu Perak,both,1470,15.32846715328467
2022-01-01,Perak,Hulu Perak,female,718,15.54112554112554
2022-01-01,Perak,Hulu Perak,male,752,15.161290322580644
2022-01-01,Perak,Kampar,both,939,9.562118126272912
2022-01-01,Perak,Kampar,female,484,10.062370062370062
2022-01-01,Perak,Kampar,male,455,9.1
2022-01-01,Perak,Kerian,both,2350,14.029850746268655
2022-01-01,Perak,Kerian,female,1159,14.220858895705522
2022-01-01,Perak,Kerian,male,1191,13.848837209302326
2022-01-01,Perak,Kinta,both,8670,9.678499665103818
2022-01-01,Perak,Kinta,female,4227,9.757617728531857
2022-01-01,Perak,Kinta,male,4443,9.604409857328143
2022-01-01,Perak,Kuala Kangsar,both,2148,12.156196943972835
2022-01-01,Perak,Kuala Kangsar,female,1054,12.087155963302752
2022-01-01,Perak,Kuala Kangsar,male,1094,12.237136465324385
2022-01-01,Perak,Larut Dan Matang,both,3662,13.433602347762289
2022-01-01,Perak,Larut Dan Matang,female,1730,13.125948406676782
2022-01-01,Perak,Larut Dan Matang,male,1932,13.721590909090908
2022-01-01,Perak,Manjung,both,3266,13.084935897435898
2022-01-01,Perak,Manjung,female,1608,13.8860103626943
2022-01-01,Perak,Manjung,male,1658,12.400897531787583
2022-01-01,Perak,Muallim,both,885,11.346153846153848
2022-01-01,Perak,Muallim,female,428,10.515970515970515
2022-01-01,Perak,Muallim,male,457,12.252010723860591
2022-01-01,Perak,Perak Tengah,both,1582,16.548117154811717
2022-01-01,Perak,Perak Tengah,female,780,16.810344827586206
2022-01-01,Perak,Perak Tengah,male,802,16.30081300813008
2022-01-01,Perak,Selama,both,603,17.47826086956522
2022-01-01,Perak,Selama,female,286,16.72514619883041
2022-01-01,Perak,Selama,male,317,18.218390804597703
2023-01-01,Perak,Bagan Datuk,both,784,9.468599033816426
2023-01-01,Perak,Bagan Datuk,female,389,10.485175202156334
2023-01-01,Perak,Bagan Datuk,male,395,8.643326039387308
2023-01-01,Perak,Batang Padang,both,1545,12.242472266244055
2023-01-01,Perak,Batang Padang,female,749,12.825342465753424
2023-01-01,Perak,Batang Padang,male,796,11.740412979351031
2023-01-01,Perak,Hilir Perak,both,1939,13.645320197044336
2023-01-01,Perak,Hilir Perak,female,948,14.149253731343284
2023-01-01,Perak,Hilir Perak,male,991,13.195739014647138
2023-01-01,Perak,Hulu Perak,both,1505,15.4994850669413
2023-01-01,Perak,Hulu Perak,female,711,15.224839400428264
2023-01-01,Perak,Hulu Perak,male,794,15.753968253968257
2023-01-01,Perak,Kampar,both,972,9.828109201213346
2023-01-01,Perak,Kampar,female,466,9.62809917355372
2023-01-01,Perak,Kampar,male,506,10.0
2023-01-01,Perak,Kerian,both,2535,15.044510385756675
2023-01-01,Perak,Kerian,female,1205,14.695121951219512
2023-01-01,Perak,Kerian,male,1330,15.35796766743649
2023-01-01,Perak,Kinta,both,9113,10.02419975800242
2023-01-01,Perak,Kinta,female,4414,10.11689204675682
2023-01-01,Perak,Kinta,male,4699,9.938663282571913
2023-01-01,Perak,Kuala Kangsar,both,2254,12.641615255187885
2023-01-01,Perak,Kuala Kangsar,female,1130,12.870159453302962
2023-01-01,Perak,Kuala Kangsar,male,1124,12.41988950276243
2023-01-01,Perak,Larut Dan Matang,both,3740,13.580246913580249
2023-01-01,Perak,Larut Dan Matang,female,1788,13.484162895927602
2023-01-01,Perak,Larut Dan Matang,male,1952,13.669467787114844
2023-01-01,Perak,Manjung,both,3218,12.75465715418153
2023-01-01,Perak,Manjung,female,1605,13.753213367609254
2023-01-01,Perak,Manjung,male,1613,11.904059040590406
2023-01-01,Perak,Muallim,both,960,12.213740458015268
2023-01-01,Perak,Muallim,female,471,11.48780487804878
2023-01-01,Perak,Muallim,male,489,13.00531914893617
2023-01-01,Perak,Perak Tengah,both,1591,16.368312757201647
2023-01-01,Perak,Perak Tengah,female,760,16.204690831556505
2023-01-01,Perak,Perak Tengah,male,831,16.520874751491053
2023-01-01,Perak,Selama,both,603,17.32758620689655
2023-01-01,Perak,Selama,female,272,15.90643274853801
2023-01-01,Perak,Selama,male,331,18.70056497175141
2024-01-01,Perak,Bagan Datuk,both,658,7.9
2024-01-01,Perak,Bagan Datuk,female,320,8.6
2024-01-01,Perak,Bagan Datuk,male,338,7.3
2024-01-01,Perak,Batang Padang,both,1462,11.5
2024-01-01,Perak,Batang Padang,female,699,11.9
2024-01-01,Perak,Batang Padang,male,763,11.2
2024-01-01,Perak,Hilir Perak,both,1569,11.1
2024-01-01,Perak,Hilir Perak,female,766,11.4
2024-01-01,Perak,Hilir Perak,male,803,10.8
2024-01-01,Perak,Hulu Perak,both,1442,14.6
2024-01-01,Perak,Hulu Perak,female,699,14.8
2024-01-01,Perak,Hulu Perak,male,743,14.5
2024-01-01,Perak,Kampar,both,855,8.6
2024-01-01,Perak,Kampar,female,414,8.5
2024-01-01,Perak,Kampar,male,441,8.6
2024-01-01,Perak,Kerian,both,2291,13.5
2024-01-01,Perak,Kerian,female,1138,13.8
2024-01-01,Perak,Kerian,male,1153,13.2
2024-01-01,Perak,Kinta,both,8181,8.9
2024-01-01,Perak,Kinta,female,4014,9.1
2024-01-01,Perak,Kinta,male,4167,8.6
2024-01-01,Perak,Kuala Kangsar,both,1944,10.8
2024-01-01,Perak,Kuala Kangsar,female,949,10.8
2024-01-01,Perak,Kuala Kangsar,male,995,10.9
2024-01-01,Perak,Larut Dan Matang,both,3373,12.1
2024-01-01,Perak,Larut Dan Matang,female,1687,12.6
2024-01-01,Perak,Larut Dan Matang,male,1686,11.6
2024-01-01,Perak,Manjung,both,3065,12.0
2024-01-01,Perak,Manjung,female,1472,12.5
2024-01-01,Perak,Manjung,male,1593,11.6
2024-01-01,Perak,Muallim,both,785,9.9
2024-01-01,Perak,Muallim,female,376,9.1
2024-01-01,Perak,Muallim,male,409,10.8
2024-01-01,Perak,Perak Tengah,both,1460,14.8
2024-01-01,Perak,Perak Tengah,female,682,14.4
2024-01-01,Perak,Perak Tengah,male,778,15.1
2024-01-01,Perak,Selama,both,531,15.1
2024-01-01,Perak,Selama,female,253,14.7
2024-01-01,Perak,Selama,male,278,15.5
2020-01-01,Perlis,Perlis,both,4098,14.383994383994386
2020-01-01,Perlis,Perlis,female,1994,13.992982456140352
2020-01-01,Perlis,Perlis,male,2104,14.785664089950806
2021-01-01,Perlis,Perlis,both,4076,14.172461752433934
2021-01-01,Perlis,Perlis,female,1928,13.38888888888889
2021-01-01,Perlis,Perlis,male,2148,14.958217270194986
2022-01-01,Perlis,Perlis,both,3746,12.92615596963423
2022-01-01,Perlis,Perlis,female,1779,12.25206611570248
2022-01-01,Perlis,Perlis,male,1967,13.6030428769018
2023-01-01,Perlis,Perlis,both,3878,13.230979187990446
2023-01-01,Perlis,Perlis,female,1846,12.566371681415928
2023-01-01,Perlis,Perlis,male,2032,13.898768809849525
2024-01-01,Perlis,Perlis,both,3569,12.0
2024-01-01,Perlis,Perlis,female,1747,11.7
2024-01-01,Perlis,Perlis,male,1822,12.3
2020-01-01,Pulau Pinang,Barat Daya,both,3373,14.190155658392934
2020-01-01,Pulau Pinang,Barat Daya,female,1621,13.795744680851064
2020-01-01,Pulau Pinang,Barat Daya,male,1752,14.575707154742096
2020-01-01,Pulau Pinang,Seberang Perai Selatan,both,2719,14.777173913043478
2020-01-01,Pulau Pinang,Seberang Perai Selatan,female,1288,14.12280701754386
2020-01-01,Pulau Pinang,Seberang Perai Selatan,male,1431,15.420258620689657
2020-01-01,Pulau Pinang,Seberang Perai Tengah,both,4849,11.463356973995271
2020-01-01,Pulau Pinang,Seberang Perai Tengah,female,2361,11.906202723146746
2020-01-01,Pulau Pinang,Seberang Perai Tengah,male,2488,11.07254116599911
2020-01-01,Pulau Pinang,Seberang Perai Utara,both,4733,13.95753465054556
2020-01-01,Pulau Pinang,Seberang Perai Utara,female,2303,13.823529411764708
2020-01-01,Pulau Pinang,Seberang Perai Utara,male,2430,14.095127610208817
2020-01-01,Pulau Pinang,Timur Laut,both,3936,7.071505569529284
2020-01-01,Pulau Pinang,Timur Laut,female,1864,6.800437796424662
2020-01-01,Pulau Pinang,Timur Laut,male,2072,7.337110481586403
2021-01-01,Pulau Pinang,Barat Daya,both,2966,12.436058700209644
2021-01-01,Pulau Pinang,Barat Daya,female,1436,12.190152801358234
2021-01-01,Pulau Pinang,Barat Daya,male,1530,12.665562913907284
2021-01-01,Pulau Pinang,Seberang Perai Selatan,both,2612,14.005361930294908
2021-01-01,Pulau Pinang,Seberang Perai Selatan,female,1271,13.681377825618943
2021-01-01,Pulau Pinang,Seberang Perai Selatan,male,1341,14.326923076923078
2021-01-01,Pulau Pinang,Seberang Perai Tengah,both,4661,11.05550284629981
2021-01-01,Pulau Pinang,Seberang Perai Tengah,female,2308,11.644803229061557
2021-01-01,Pulau Pinang,Seberang Perai Tengah,male,2353,10.537393640841916
2021-01-01,Pulau Pinang,Seberang Perai Utara,both,4580,13.478516774573276
2021-01-01,Pulau Pinang,Seberang Perai Utara,female,2218,13.26555023923445
2021-01-01,Pulau Pinang,Seberang Perai Utara,male,2362,13.684820393974508
2021-01-01,Pulau Pinang,Timur Laut,both,3752,6.777456647398844
2021-01-01,Pulau Pinang,Timur Laut,female,1828,6.705796038151137
2021-01-01,Pulau Pinang,Timur Laut,male,1924,6.846975088967971
2022-01-01,Pulau Pinang,Barat Daya,both,2867,11.96577629382304
2022-01-01,Pulau Pinang,Barat Daya,female,1424,12.027027027027026
2022-01-01,Pulau Pinang,Barat Daya,male,1443,11.905940594059404
2022-01-01,Pulau Pinang,Seberang Perai Selatan,both,2498,13.466307277628031
2022-01-01,Pulau Pinang,Seberang Perai Selatan,female,1235,13.423913043478262
2022-01-01,Pulau Pinang,Seberang Perai Selatan,male,1263,13.508021390374331
2022-01-01,Pulau Pinang,Seberang Perai Tengah,both,4479,10.593661305581834
2022-01-01,Pulau Pinang,Seberang Perai Tengah,female,2181,10.959798994974877
2022-01-01,Pulau Pinang,Seberang Perai Tengah,male,2298,10.272686633884668
2022-01-01,Pulau Pinang,Seberang Perai Utara,both,4394,12.874304131262818
2022-01-01,Pulau Pinang,Seberang Perai Utara,female,2134,12.702380952380953
2022-01-01,Pulau Pinang,Seberang Perai Utara,male,2260,13.040969417195614
2022-01-01,Pulau Pinang,Timur Laut,both,3493,6.330192098586445
2022-01-01,Pulau Pinang,Timur Laut,female,1688,6.194495412844037
2022-01-01,Pulau Pinang,Timur Laut,male,1805,6.462585034013605
2023-01-01,Pulau Pinang,Barat Daya,both,3175,13.001638001638002
2023-01-01,Pulau Pinang,Barat Daya,female,1506,12.415498763396538
2023-01-01,Pulau Pinang,Barat Daya,male,1669,13.58014646053702
2023-01-01,Pulau Pinang,Seberang Perai Selatan,both,2736,14.646680942184153
2023-01-01,Pulau Pinang,Seberang Perai Selatan,female,1316,14.196332254584682
2023-01-01,Pulau Pinang,Seberang Perai Selatan,male,1420,15.090329436769396
2023-01-01,Pulau Pinang,Seberang Perai Tengah,both,5099,11.76239907727797
2023-01-01,Pulau Pinang,Seberang Perai Tengah,female,2463,12.138984721537703
2023-01-01,Pulau Pinang,Seberang Perai Tengah,male,2636,11.426094495015173
2023-01-01,Pulau Pinang,Seberang Perai Utara,both,4830,13.935372186959029
2023-01-01,Pulau Pinang,Seberang Perai Utara,female,2303,13.51525821596244
2023-01-01,Pulau Pinang,Seberang Perai Utara,male,2527,14.341657207718503
2023-01-01,Pulau Pinang,Timur Laut,both,3739,6.657763532763532
2023-01-01,Pulau Pinang,Timur Laut,female,1829,6.60527266161069
2023-01-01,Pulau Pinang,Timur Laut,male,1910,6.708816297857394
2024-01-01,Pulau Pinang,Barat Daya,both,2959,11.9
2024-01-01,Pulau Pinang,Barat Daya,female,1419,11.5
2024-01-01,Pulau Pinang,Barat Daya,male,1540,12.4
2024-01-01,Pulau Pinang,Seberang Perai Selatan,both,2518,13.4
2024-01-01,Pulau Pinang,Seberang Perai Selatan,female,1208,12.9
2024-01-01,Pulau Pinang,Seberang Perai Selatan,male,1310,13.8
2024-01-01,Pulau Pinang,Seberang Perai Tengah,both,4646,10.5
2024-01-01,Pulau Pinang,Seberang Perai Tengah,female,2216,10.7
2024-01-01,Pulau Pinang,Seberang Perai Tengah,male,2430,10.3
2024-01-01,Pulau Pinang,Seberang Perai Utara,both,4444,12.7
2024-01-01,Pulau Pinang,Seberang Perai Utara,female,2134,12.4
2024-01-01,Pulau Pinang,Seberang Perai Utara,male,2310,12.9
2024-01-01,Pulau Pinang,Timur Laut,both,3607,6.3
2024-01-01,Pulau Pinang,Timur Laut,female,1745,6.2
2024-01-01,Pulau Pinang,Timur Laut,male,1862,6.4
2020-01-01,Sabah,Beaufort,both,1319,17.424042272126815
2020-01-01,Sabah,Beaufort,female,607,16.405405405405407
2020-01-01,Sabah,Beaufort,male,712,18.350515463917528
2020-01-01,Sabah,Beluran,both,1369,17.756160830090792
2020-01-01,Sabah,Beluran,female,675,19.014084507042252
2020-01-01,Sabah,Beluran,male,694,16.642685851318944
2020-01-01,Sabah,Keningau,both,2818,18.674618952948972
2020-01-01,Sabah,Keningau,female,1382,18.931506849315067
2020-01-01,Sabah,Keningau,male,1436,18.41025641025641
2020-01-01,Sabah,Kinabatangan,both,691,4.82879105520615
2020-01-01,Sabah,Kinabatangan,female,326,5.133858267716535
2020-01-01,Sabah,Kinabatangan,male,365,4.585427135678392
2020-01-01,Sabah,Kota Belud,both,1954,18.227611940298505
2020-01-01,Sabah,Kota Belud,female,913,17.129455909943715
2020-01-01,Sabah,Kota Belud,male,1041,19.313543599257887
2020-01-01,Sabah,Kota Kinabalu,both,6699,13.387290167865707
2020-01-01,Sabah,Kota Kinabalu,female,3253,13.3483791546984
2020-01-01,Sabah,Kota Kinabalu,male,3446,13.42423061940008
2020-01-01,Sabah,Kota Marudu,both,1695,24.388489208633093
2020-01-01,Sabah,Kota Marudu,female,804,23.78698224852071
2020-01-01,Sabah,Kota Marudu,male,891,24.957983193277308
2020-01-01,Sabah,Kuala Penyu,both,361,15.232067510548523
2020-01-01,Sabah,Kuala Penyu,female,174,14.745762711864408
2020-01-01,Sabah,Kuala Penyu,male,187,15.714285714285714
2020-01-01,Sabah,Kudat,both,1763,20.40509259259259
2020-01-01,Sabah,Kudat,female,838,19.71764705882353
2020-01-01,Sabah,Kudat,male,925,21.070615034168565
2020-01-01,Sabah,Kunak,both,975,14.150943396226412
2020-01-01,Sabah,Kunak,female,468,14.763406940063092
2020-01-01,Sabah,Kunak,male,507,13.629032258064514
2020-01-01,Sabah,Lahad Datu,both,3303,14.417285028371891
2020-01-01,Sabah,Lahad Datu,female,1606,14.967381174277726
2020-01-01,Sabah,Lahad Datu,male,1697,13.932676518883415
2020-01-01,Sabah,Nabawan,both,656,23.180212014134273
2020-01-01,Sabah,Nabawan,female,301,22.63157894736842
2020-01-01,Sabah,Nabawan,male,355,23.509933774834437
2020-01-01,Sabah,Papar,both,2325,15.428002654280029
2020-01-01,Sabah,Papar,female,1129,15.702364394993044
2020-01-01,Sabah,Papar,male,1196,15.17766497461929
2020-01-01,Sabah,Penampang,both,1842,11.356350184956844
2020-01-01,Sabah,Penampang,female,871,11.400523560209423
2020-01-01,Sabah,Penampang,male,971,11.317016317016318
2020-01-01,Sabah,Pitas,both,923,25.149863760217983
2020-01-01,Sabah,Pitas,female,432,24.40677966101695
2020-01-01,Sabah,Pitas,male,491,25.97883597883598
2020-01-01,Sabah,Putatan,both,515,7.48546511627907
2020-01-01,Sabah,Putatan,female,249,7.499999999999999
2020-01-01,Sabah,Putatan,male,266,7.47191011235955
2020-01-01,Sabah,Ranau,both,1755,20.62279670975323
2020-01-01,Sabah,Ranau,female,844,20.535279805352797
2020-01-01,Sabah,Ranau,male,911,20.704545454545453
2020-01-01,Sabah,Sandakan,both,4973,11.325438396720564
2020-01-01,Sabah,Sandakan,female,2262,10.619718309859154
2020-01-01,Sabah,Sandakan,male,2711,11.99557522123894
2020-01-01,Sabah,Semporna,both,3133,18.805522208883556
2020-01-01,Sabah,Semporna,female,1477,18.189655172413794
2020-01-01,Sabah,Semporna,male,1656,19.39110070257611
2020-01-01,Sabah,Sipitang,both,633,16.746031746031747
2020-01-01,Sabah,Sipitang,female,291,15.989010989010987
2020-01-01,Sabah,Sipitang,male,342,17.36040609137056
2020-01-01,Sabah,Tambunan,both,738,23.35443037974683
2020-01-01,Sabah,Tambunan,female,366,23.612903225806452
2020-01-01,Sabah,Tambunan,male,372,23.1055900621118
2020-01-01,Sabah,Tawau,both,4973,13.3467525496511
2020-01-01,Sabah,Tawau,female,2370,13.292204150308468
2020-01-01,Sabah,Tawau,male,2603,13.396809058157489
2020-01-01,Sabah,Tenom,both,990,19.29824561403509
2020-01-01,Sabah,Tenom,female,468,18.72
2020-01-01,Sabah,Tenom,male,522,19.772727272727273
2020-01-01,Sabah,Tongod,both,364,8.524590163934425
2020-01-01,Sabah,Tongod,female,181,9.23469387755102
2020-01-01,Sabah,Tongod,male,183,7.922077922077921
2020-01-01,Sabah,Tuaran,both,2443,18.002947678703023
2020-01-01,Sabah,Tuaran,female,1177,17.61976047904192
2020-01-01,Sabah,Tuaran,male,1266,18.3744557329463
2021-01-01,Sabah,Beaufort,both,1074,14.03921568627451
2021-01-01,Sabah,Beaufort,female,517,14.048913043478262
2021-01-01,Sabah,Beaufort,male,557,14.065656565656566
2021-01-01,Sabah,Beluran,both,791,9.826086956521738
2021-01-01,Sabah,Beluran,female,356,9.64769647696477
2021-01-01,Sabah,Beluran,male,435,9.977064220183486
2021-01-01,Sabah,Kalabakan,both,99,1.9721115537848604
2021-01-01,Sabah,Kalabakan,female,43,1.902654867256637
2021-01-01,Sabah,Kalabakan,male,56,2.0216606498194944
2021-01-01,Sabah,Keningau,both,2781,18.392857142857142
2021-01-01,Sabah,Keningau,female,1324,18.11217510259918
2021-01-01,Sabah,Keningau,male,1457,18.655569782330343
2021-01-01,Sabah,Kinabatangan,both,645,4.763663220088626
2021-01-01,Sabah,Kinabatangan,female,290,4.825291181364393
2021-01-01,Sabah,Kinabatangan,male,355,4.714475431606906
2021-01-01,Sabah,Kota Belud,both,1618,14.912442396313365
2021-01-01,Sabah,Kota Belud,female,789,14.63821892393321
2021-01-01,Sabah,Kota Belud,male,829,15.183150183150182
2021-01-01,Sabah,Kota Kinabalu,both,4684,9.435938759065271
2021-01-01,Sabah,Kota Kinabalu,female,2261,9.35070306038048
2021-01-01,Sabah,Kota Kinabalu,male,2423,9.516889238020424
2021-01-01,Sabah,Kota Marudu,both,1565,22.261735419630156
2021-01-01,Sabah,Kota Marudu,female,770,22.514619883040933
2021-01-01,Sabah,Kota Marudu,male,795,22.022160664819943
2021-01-01,Sabah,Kuala Penyu,both,325,13.771186440677964
2021-01-01,Sabah,Kuala Penyu,female,174,14.871794871794872
2021-01-01,Sabah,Kuala Penyu,male,151,12.583333333333334
2021-01-01,Sabah,Kudat,both,1431,16.658905704307333
2021-01-01,Sabah,Kudat,female,704,16.643026004728135
2021-01-01,Sabah,Kudat,male,727,16.63615560640732
2021-01-01,Sabah,Kunak,both,914,13.64179104477612
2021-01-01,Sabah,Kunak,female,437,14.142394822006471
2021-01-01,Sabah,Kunak,male,477,13.213296398891966
2021-01-01,Sabah,Lahad Datu,both,2817,12.079759862778731
2021-01-01,Sabah,Lahad Datu,female,1369,12.536630036630036
2021-01-01,Sabah,Lahad Datu,male,1448,11.67741935483871
2021-01-01,Sabah,Nabawan,both,699,24.355400696864113
2021-01-01,Sabah,Nabawan,female,349,25.85185185185185
2021-01-01,Sabah,Nabawan,male,350,23.026315789473685
2021-01-01,Sabah,Papar,both,2111,13.952412425644416
2021-01-01,Sabah,Papar,female,1026,14.512022630834512
2021-01-01,Sabah,Papar,male,1085,13.461538461538462
2021-01-01,Sabah,Penampang,both,1518,9.172205438066465
2021-01-01,Sabah,Penampang,female,746,9.613402061855671
2021-01-01,Sabah,Penampang,male,772,8.782707622298066
2021-01-01,Sabah,Pitas,both,802,21.617250673854446
2021-01-01,Sabah,Pitas,female,392,21.77777777777778
2021-01-01,Sabah,Pitas,male,410,21.354166666666668
2021-01-01,Sabah,Putatan,both,812,11.734104046242772
2021-01-01,Sabah,Putatan,female,395,12.006079027355623
2021-01-01,Sabah,Putatan,male,417,11.487603305785123
2021-01-01,Sabah,Ranau,both,1419,16.42361111111111
2021-01-01,Sabah,Ranau,female,708,16.978417266187048
2021-01-01,Sabah,Ranau,male,711,15.906040268456374
2021-01-01,Sabah,Sandakan,both,4131,9.560286970608654
2021-01-01,Sabah,Sandakan,female,1984,9.456625357483317
2021-01-01,Sabah,Sandakan,male,2147,9.658119658119658
2021-01-01,Sabah,Semporna,both,2749,17.138403990024937
2021-01-01,Sabah,Semporna,female,1312,16.77749360613811
2021-01-01,Sabah,Semporna,male,1437,17.48175182481752
2021-01-01,Sabah,Sipitang,both,572,15.253333333333334
2021-01-01,Sabah,Sipitang,female,278,15.444444444444445
2021-01-01,Sabah,Sipitang,male,294,15.076923076923077
2021-01-01,Sabah,Tambunan,both,629,19.842271293375394
2021-01-01,Sabah,Tambunan,female,299,19.166666666666668
2021-01-01,Sabah,Tambunan,male,330,20.37037037037037
2021-01-01,Sabah,Tawau,both,4016,10.737967914438505
2021-01-01,Sabah,Tawau,female,1922,10.743432084963668
2021-01-01,Sabah,Tawau,male,2094,10.738461538461538
2021-01-01,Sabah,Telupid,both,335,11.317567567567568
2021-01-01,Sabah,Telupid,female,158,11.791044776119405
2021-01-01,Sabah,Telupid,male,177,10.925925925925926
2021-01-01,Sabah,Tenom,both,879,17.03488372093023
2021-01-01,Sabah,Tenom,female,421,16.772908366533862
2021-01-01,Sabah,Tenom,male,458,17.28301886792453
2021-01-01,Sabah,Tongod,both,353,8.364928909952607
2021-01-01,Sabah,Tongod,female,181,9.329896907216495
2021-01-01,Sabah,Tongod,male,172,7.5438596491228065
2021-01-01,Sabah,Tuaran,both,1839,13.472527472527473
2021-01-01,Sabah,Tuaran,female,859,12.801788375558868
2021-01-01,Sabah,Tuaran,male,980,14.121037463976943
2022-01-01,Sabah,Beaufort,both,1220,16.031537450722734
2022-01-01,Sabah,Beaufort,female,563,15.34059945504087
2022-01-01,Sabah,Beaufort,male,657,16.6751269035533
2022-01-01,Sabah,Beluran,both,845,11.07470511140236
2022-01-01,Sabah,Beluran,female,426,12.102272727272728
2022-01-01,Sabah,Beluran,male,419,10.194647201946472
2022-01-01,Sabah,Kalabakan,both,271,5.815450643776824
2022-01-01,Sabah,Kalabakan,female,133,6.333333333333333
2022-01-01,Sabah,Kalabakan,male,138,5.390625
2022-01-01,Sabah,Keningau,both,2672,17.441253263707573
2022-01-01,Sabah,Keningau,female,1275,17.206477732793523
2022-01-01,Sabah,Keningau,male,1397,17.66118836915297
2022-01-01,Sabah,Kinabatangan,both,631,4.569152787834902
2022-01-01,Sabah,Kinabatangan,female,298,4.85342019543974
2022-01-01,Sabah,Kinabatangan,male,333,4.3359375
2022-01-01,Sabah,Kota Belud,both,1640,15.143120960295477
2022-01-01,Sabah,Kota Belud,female,776,14.397031539888683
2022-01-01,Sabah,Kota Belud,male,864,15.882352941176473
2022-01-01,Sabah,Kota Kinabalu,both,5832,11.645367412140574
2022-01-01,Sabah,Kota Kinabalu,female,2852,11.693316933169331
2022-01-01,Sabah,Kota Kinabalu,male,2980,11.599844297391982
2022-01-01,Sabah,Kota Marudu,both,1498,21.068917018284107
2022-01-01,Sabah,Kota Marudu,female,753,21.700288184438037
2022-01-01,Sabah,Kota Marudu,male,745,20.467032967032967
2022-01-01,Sabah,Kuala Penyu,both,343,14.472573839662449
2022-01-01,Sabah,Kuala Penyu,female,176,14.915254237288137
2022-01-01,Sabah,Kuala Penyu,male,167,13.916666666666666
2022-01-01,Sabah,Kudat,both,1480,16.95303550973654
2022-01-01,Sabah,Kudat,female,706,16.456876456876458
2022-01-01,Sabah,Kudat,male,774,17.471783295711063
2022-01-01,Sabah,Kunak,both,926,13.657817109144544
2022-01-01,Sabah,Kunak,female,435,13.89776357827476
2022-01-01,Sabah,Kunak,male,491,13.415300546448089
2022-01-01,Sabah,Lahad Datu,both,1926,8.488320846187747
2022-01-01,Sabah,Lahad Datu,female,917,8.610328638497652
2022-01-01,Sabah,Lahad Datu,male,1009,8.37344398340249
2022-01-01,Sabah,Nabawan,both,607,20.78767123287671
2022-01-01,Sabah,Nabawan,female,288,20.869565217391305
2022-01-01,Sabah,Nabawan,male,319,20.580645161290324
2022-01-01,Sabah,Papar,both,2016,13.211009174311927
2022-01-01,Sabah,Papar,female,944,13.2398316970547
2022-01-01,Sabah,Papar,male,1072,13.185731857318574
2022-01-01,Sabah,Penampang,both,1675,10.263480392156865
2022-01-01,Sabah,Penampang,female,801,10.38910505836576
2022-01-01,Sabah,Penampang,male,874,10.150987224157957
2022-01-01,Sabah,Pitas,both,640,17.158176943699733
2022-01-01,Sabah,Pitas,female,312,17.23756906077348
2022-01-01,Sabah,Pitas,male,328,17.083333333333336
2022-01-01,Sabah,Putatan,both,1019,14.72543352601156
2022-01-01,Sabah,Putatan,female,529,16.0790273556231
2022-01-01,Sabah,Putatan,male,490,13.49862258953168
2022-01-01,Sabah,Ranau,both,1538,17.821552723059096
2022-01-01,Sabah,Ranau,female,730,17.464114832535888
2022-01-01,Sabah,Ranau,male,808,18.15730337078652
2022-01-01,Sabah,Sandakan,both,4444,10.209051229037446
2022-01-01,Sabah,Sandakan,female,2166,10.284900284900283
2022-01-01,Sabah,Sandakan,male,2278,10.137961726746774
2022-01-01,Sabah,Semporna,both,2920,17.654171704957676
2022-01-01,Sabah,Semporna,female,1446,17.94044665012407
2022-01-01,Sabah,Semporna,male,1474,17.382075471698112
2022-01-01,Sabah,Sipitang,both,505,13.254593175853016
2022-01-01,Sabah,Sipitang,female,239,13.060109289617486
2022-01-01,Sabah,Sipitang,male,266,13.366834170854272
2022-01-01,Sabah,Tambunan,both,653,20.342679127725855
2022-01-01,Sabah,Tambunan,female,320,20.253164556962023
2022-01-01,Sabah,Tambunan,male,333,20.429447852760735
2022-01-01,Sabah,Tawau,both,4452,12.045454545454543
2022-01-01,Sabah,Tawau,female,2208,12.460496613995486
2022-01-01,Sabah,Tawau,male,2244,11.657142857142857
2022-01-01,Sabah,Telupid,both,337,11.66089965397924
2022-01-01,Sabah,Telupid,female,146,11.145038167938932
2022-01-01,Sabah,Telupid,male,191,12.165605095541402
2022-01-01,Sabah,Tenom,both,875,16.826923076923077
2022-01-01,Sabah,Tenom,female,435,17.193675889328063
2022-01-01,Sabah,Tenom,male,440,16.47940074906367
2022-01-01,Sabah,Tongod,both,407,9.644549763033174
2022-01-01,Sabah,Tongod,female,186,9.587628865979385
2022-01-01,Sabah,Tongod,male,221,9.692982456140353
2022-01-01,Sabah,Tuaran,both,2245,16.37490882567469
2022-01-01,Sabah,Tuaran,female,1086,16.112759643916913
2022-01-01,Sabah,Tuaran,male,1159,16.628407460545194
2023-01-01,Sabah,Beaufort,both,1143,14.844155844155845
2023-01-01,Sabah,Beaufort,female,563,15.134408602150536
2023-01-01,Sabah,Beaufort,male,580,14.536340852130326
2023-01-01,Sabah,Beluran,both,872,10.39332538736591
2023-01-01,Sabah,Beluran,female,411,10.703125
2023-01-01,Sabah,Beluran,male,461,10.131868131868131
2023-01-01,Sabah,Kalabakan,both,309,5.797373358348969
2023-01-01,Sabah,Kalabakan,female,137,5.708333333333333
2023-01-01,Sabah,Kalabakan,male,172,5.870307167235495
2023-01-01,Sabah,Keningau,both,2752,17.629724535554132
2023-01-01,Sabah,Keningau,female,1333,17.632275132275133
2023-01-01,Sabah,Keningau,male,1419,17.627329192546583
2023-01-01,Sabah,Kinabatangan,both,633,4.245472837022133
2023-01-01,Sabah,Kinabatangan,female,318,4.803625377643504
2023-01-01,Sabah,Kinabatangan,male,315,3.7997587454764776
2023-01-01,Sabah,Kota Belud,both,1665,15.19160583941606
2023-01-01,Sabah,Kota Belud,female,789,14.477064220183486
2023-01-01,Sabah,Kota Belud,male,876,15.8983666061706
2023-01-01,Sabah,Kota Kinabalu,both,5928,11.276393380254897
2023-01-01,Sabah,Kota Kinabalu,female,2901,11.36310223266745
2023-01-01,Sabah,Kota Kinabalu,male,3027,11.194526627218936
2023-01-01,Sabah,Kota Marudu,both,1526,21.07734806629834
2023-01-01,Sabah,Kota Marudu,female,726,20.56657223796034
2023-01-01,Sabah,Kota Marudu,male,800,21.5633423180593
2023-01-01,Sabah,Kuala Penyu,both,353,14.586776859504132
2023-01-01,Sabah,Kuala Penyu,female,174,14.5
2023-01-01,Sabah,Kuala Penyu,male,179,14.672131147540984
2023-01-01,Sabah,Kudat,both,1479,16.306504961411246
2023-01-01,Sabah,Kudat,female,693,15.538116591928253
2023-01-01,Sabah,Kudat,male,786,17.04989154013015
2023-01-01,Sabah,Kunak,both,976,12.808398950131233
2023-01-01,Sabah,Kunak,female,467,13.3810888252149
2023-01-01,Sabah,Kunak,male,509,12.354368932038836
2023-01-01,Sabah,Lahad Datu,both,3041,12.560925237505163
2023-01-01,Sabah,Lahad Datu,female,1447,12.760141093474424
2023-01-01,Sabah,Lahad Datu,male,1594,12.385392385392386
2023-01-01,Sabah,Nabawan,both,598,19.867109634551493
2023-01-01,Sabah,Nabawan,female,274,19.43262411347518
2023-01-01,Sabah,Nabawan,male,324,20.25
2023-01-01,Sabah,Papar,both,2387,15.419896640826872
2023-01-01,Sabah,Papar,female,1146,15.850622406639005
2023-01-01,Sabah,Papar,male,1241,15.042424242424245
2023-01-01,Sabah,Penampang,both,1773,10.687160940325496
2023-01-01,Sabah,Penampang,female,895,11.45966709346991
2023-01-01,Sabah,Penampang,male,878,10.011402508551882
2023-01-01,Sabah,Pitas,both,805,21.18421052631579
2023-01-01,Sabah,Pitas,female,371,20.16304347826087
2023-01-01,Sabah,Pitas,male,434,22.142857142857142
2023-01-01,Sabah,Putatan,both,1115,15.883190883190885
2023-01-01,Sabah,Putatan,female,494,14.74626865671642
2023-01-01,Sabah,Putatan,male,621,16.875
2023-01-01,Sabah,Ranau,both,1607,18.365714285714287
2023-01-01,Sabah,Ranau,female,790,18.632075471698112
2023-01-01,Sabah,Ranau,male,817,18.075221238938052
2023-01-01,Sabah,Sandakan,both,4861,10.33375850340136
2023-01-01,Sabah,Sandakan,female,2284,10.0661084178052
2023-01-01,Sabah,Sandakan,male,2577,10.583162217659138
2023-01-01,Sabah,Semporna,both,3097,16.650537634408604
2023-01-01,Sabah,Semporna,female,1409,15.569060773480665
2023-01-01,Sabah,Semporna,male,1688,17.67539267015707
2023-01-01,Sabah,Sipitang,both,547,13.883248730964468
2023-01-01,Sabah,Sipitang,female,257,13.670212765957446
2023-01-01,Sabah,Sipitang,male,290,14.146341463414634
2023-01-01,Sabah,Tambunan,both,642,19.633027522935777
2023-01-01,Sabah,Tambunan,female,328,20.372670807453417
2023-01-01,Sabah,Tambunan,male,314,18.915662650602407
2023-01-01,Sabah,Tawau,both,4490,11.39015728056824
2023-01-01,Sabah,Tawau,female,2119,11.23541887592789
2023-01-01,Sabah,Tawau,male,2371,11.53771289537713
2023-01-01,Sabah,Telupid,both,288,9.504950495049505
2023-01-01,Sabah,Telupid,female,133,9.63768115942029
2023-01-01,Sabah,Telupid,male,155,9.393939393939394
2023-01-01,Sabah,Tenom,both,840,15.879017013232517
2023-01-01,Sabah,Tenom,female,399,15.525291828793774
2023-01-01,Sabah,Tenom,male,441,16.21323529411765
2023-01-01,Sabah,Tongod,both,414,9.409090909090908
2023-01-01,Sabah,Tongod,female,206,10.198019801980198
2023-01-01,Sabah,Tongod,male,208,8.739495798319327
2023-01-01,Sabah,Tuaran,both,2271,16.22142857142857
2023-01-01,Sabah,Tuaran,female,1142,16.57474600870827
2023-01-01,Sabah,Tuaran,male,1129,15.87904360056259
2024-01-01,Sabah,Beaufort,both,1060,13.7
2024-01-01,Sabah,Beaufort,female,518,13.8
2024-01-01,Sabah,Beaufort,male,542,13.5
2024-01-01,Sabah,Beluran,both,820,9.1
2024-01-01,Sabah,Beluran,female,387,9.4
2024-01-01,Sabah,Beluran,male,433,8.8
2024-01-01,Sabah,Kalabakan,both,289,4.9
2024-01-01,Sabah,Kalabakan,female,145,5.5
2024-01-01,Sabah,Kalabakan,male,144,4.4
2024-01-01,Sabah,Keningau,both,2412,15.3
2024-01-01,Sabah,Keningau,female,1169,15.3
2024-01-01,Sabah,Keningau,male,1243,15.3
2024-01-01,Sabah,Kinabatangan,both,686,4.2
2024-01-01,Sabah,Kinabatangan,female,342,4.7
2024-01-01,Sabah,Kinabatangan,male,344,3.8
2024-01-01,Sabah,Kota Belud,both,1423,12.8
2024-01-01,Sabah,Kota Belud,female,686,12.5
2024-01-01,Sabah,Kota Belud,male,737,13.2
2024-01-01,Sabah,Kota Kinabalu,both,5349,9.8
2024-01-01,Sabah,Kota Kinabalu,female,2582,9.7
2024-01-01,Sabah,Kota Kinabalu,male,2767,9.8
2024-01-01,Sabah,Kota Marudu,both,1322,17.9
2024-01-01,Sabah,Kota Marudu,female,600,16.7
2024-01-01,Sabah,Kota Marudu,male,722,19.1
2024-01-01,Sabah,Kuala Penyu,both,325,13.2
2024-01-01,Sabah,Kuala Penyu,female,163,13.3
2024-01-01,Sabah,Kuala Penyu,male,162,13.1
2024-01-01,Sabah,Kudat,both,1397,15.0
2024-01-01,Sabah,Kudat,female,689,15.1
2024-01-01,Sabah,Kudat,male,708,14.9
2024-01-01,Sabah,Kunak,both,872,11.0
2024-01-01,Sabah,Kunak,female,418,11.5
2024-01-01,Sabah,Kunak,male,454,10.5
2024-01-01,Sabah,Lahad Datu,both,2719,10.7
2024-01-01,Sabah,Lahad Datu,female,1338,11.3
2024-01-01,Sabah,Lahad Datu,male,1381,10.2
2024-01-01,Sabah,Nabawan,both,586,19.0
2024-01-01,Sabah,Nabawan,female,303,21.0
2024-01-01,Sabah,Nabawan,male,283,17.3
2024-01-01,Sabah,Papar,both,2047,13.1
2024-01-01,Sabah,Papar,female,954,13.1
2024-01-01,Sabah,Papar,male,1093,13.1
2024-01-01,Sabah,Penampang,both,1550,9.3
2024-01-01,Sabah,Penampang,female,730,9.3
2024-01-01,Sabah,Penampang,male,820,9.2
2024-01-01,Sabah,Pitas,both,741,19.2
2024-01-01,Sabah,Pitas,female,365,19.5
2024-01-01,Sabah,Pitas,male,376,18.9
2024-01-01,Sabah,Putatan,both,942,13.3
2024-01-01,Sabah,Putatan,female,467,13.8
2024-01-01,Sabah,Putatan,male,475,12.8
2024-01-01,Sabah,Ranau,both,1399,15.8
2024-01-01,Sabah,Ranau,female,653,15.2
2024-01-01,Sabah,Ranau,male,746,16.3
2024-01-01,Sabah,Sandakan,both,4612,9.2
2024-01-01,Sabah,Sandakan,female,2226,9.3
2024-01-01,Sabah,Sandakan,male,2386,9.2
2024-01-01,Sabah,Semporna,both,2874,14.4
2024-01-01,Sabah,Semporna,female,1374,14.2
2024-01-01,Sabah,Semporna,male,1500,14.6
2024-01-01,Sabah,Sipitang,both,476,11.8
2024-01-01,Sabah,Sipitang,female,230,11.9
2024-01-01,Sabah,Sipitang,male,246,11.7
2024-01-01,Sabah,Tambunan,both,615,18.5
2024-01-01,Sabah,Tambunan,female,314,19.1
2024-01-01,Sabah,Tambunan,male,301,17.8
2024-01-01,Sabah,Tawau,both,4139,10.0
2024-01-01,Sabah,Tawau,female,2018,10.2
2024-01-01,Sabah,Tawau,male,2121,9.8
2024-01-01,Sabah,Telupid,both,215,6.9
2024-01-01,Sabah,Telupid,female,104,7.3
2024-01-01,Sabah,Telupid,male,111,6.5
2024-01-01,Sabah,Tenom,both,784,14.6
2024-01-01,Sabah,Tenom,female,380,14.5
2024-01-01,Sabah,Tenom,male,404,14.6
2024-01-01,Sabah,Tongod,both,292,6.5
2024-01-01,Sabah,Tongod,female,153,7.4
2024-01-01,Sabah,Tongod,male,139,5.7
2024-01-01,Sabah,Tuaran,both,2122,14.9
2024-01-01,Sabah,Tuaran,female,1038,14.8
2024-01-01,Sabah,Tuaran,male,1084,15.0
2020-01-01,Sarawak,Asajaya,both,634,18.869047619047617
2020-01-01,Sarawak,Asajaya,female,310,18.78787878787879
2020-01-01,Sarawak,Asajaya,male,324,18.94736842105263
2020-01-01,Sarawak,Bau,both,864,16.425855513307983
2020-01-01,Sarawak,Bau,female,433,17.11462450592885
2020-01-01,Sarawak,Bau,male,431,15.787545787545788
2020-01-01,Sarawak,Belaga,both,351,15.6
2020-01-01,Sarawak,Belaga,female,175,18.42105263157895
2020-01-01,Sarawak,Belaga,male,176,13.538461538461538
2020-01-01,Sarawak,Betong,both,1108,30.52341597796143
2020-01-01,Sarawak,Betong,female,537,30.86206896551725
2020-01-01,Sarawak,Betong,male,571,30.211640211640216
2020-01-01,Sarawak,Bintulu,both,2487,13.924972004479285
2020-01-01,Sarawak,Bintulu,female,1186,14.48107448107448
2020-01-01,Sarawak,Bintulu,male,1301,13.453981385729058
2020-01-01,Sarawak,Dalat,both,331,15.687203791469193
2020-01-01,Sarawak,Dalat,female,149,14.607843137254903
2020-01-01,Sarawak,Dalat,male,182,16.69724770642202
2020-01-01,Sarawak,Daro,both,485,24.871794871794872
2020-01-01,Sarawak,Daro,female,242,27.191011235955056
2020-01-01,Sarawak,Daro,male,243,23.142857142857142
2020-01-01,Sarawak,Julau,both,251,16.405228758169933
2020-01-01,Sarawak,Julau,female,125,16.233766233766232
2020-01-01,Sarawak,Julau,male,126,16.578947368421055
2020-01-01,Sarawak,Kanowit,both,491,19.87854251012146
2020-01-01,Sarawak,Kanowit,female,216,17.419354838709676
2020-01-01,Sarawak,Kanowit,male,275,22.35772357723577
2020-01-01,Sarawak,Kapit,both,945,26.25
2020-01-01,Sarawak,Kapit,female,439,24.52513966480447
2020-01-01,Sarawak,Kapit,male,506,27.955801104972373
2020-01-01,Sarawak,Kuching,both,7997,13.12705187130663
2020-01-01,Sarawak,Kuching,female,3828,12.696517412935323
2020-01-01,Sarawak,Kuching,male,4169,13.54891127721807
2020-01-01,Sarawak,Lawas,both,635,17.349726775956285
2020-01-01,Sarawak,Lawas,female,317,17.70949720670391
2020-01-01,Sarawak,Lawas,male,318,17.00534759358289
2020-01-01,Sarawak,Limbang,both,714,15.831485587583147
2020-01-01,Sarawak,Limbang,female,358,16.34703196347032
2020-01-01,Sarawak,Limbang,male,356,15.344827586206897
2020-01-01,Sarawak,Lubok Antu,both,338,13.739837398373982
2020-01-01,Sarawak,Lubok Antu,female,161,13.305785123966942
2020-01-01,Sarawak,Lubok Antu,male,177,14.16
2020-01-01,Sarawak,Lundu,both,600,17.91044776119403
2020-01-01,Sarawak,Lundu,female,281,18.129032258064516
2020-01-01,Sarawak,Lundu,male,319,17.72222222222222
2020-01-01,Sarawak,Maradong,both,367,18.078817733990142
2020-01-01,Sarawak,Maradong,female,169,16.568627450980394
2020-01-01,Sarawak,Maradong,male,198,19.603960396039604
2020-01-01,Sarawak,Marudi,both,821,43.67021276595744
2020-01-01,Sarawak,Marudi,female,386,44.367816091954026
2020-01-01,Sarawak,Marudi,male,435,43.069306930693074
2020-01-01,Sarawak,Matu,both,260,15.950920245398772
2020-01-01,Sarawak,Matu,female,117,15.6
2020-01-01,Sarawak,Matu,male,143,16.25
2020-01-01,Sarawak,Miri,both,4367,17.54519887505022
2020-01-01,Sarawak,Miri,female,2097,17.726120033812343
2020-01-01,Sarawak,Miri,male,2270,17.39463601532567
2020-01-01,Sarawak,Mukah,both,658,15.555555555555555
2020-01-01,Sarawak,Mukah,female,329,16.532663316582916
2020-01-01,Sarawak,Mukah,male,329,14.687500000000002
2020-01-01,Sarawak,Pakan,both,258,16.64516129032258
2020-01-01,Sarawak,Pakan,female,134,18.356164383561644
2020-01-01,Sarawak,Pakan,male,124,15.121951219512196
2020-01-01,Sarawak,Samarahan,both,1410,10.98986749805144
2020-01-01,Sarawak,Samarahan,female,692,10.468986384266264
2020-01-01,Sarawak,Samarahan,male,718,11.543408360128616
2020-01-01,Sarawak,Saratok,both,840,36.36363636363636
2020-01-01,Sarawak,Saratok,female,387,33.07692307692308
2020-01-01,Sarawak,Saratok,male,453,39.73684210526316
2020-01-01,Sarawak,Sarikei,both,816,18.545454545454547
2020-01-01,Sarawak,Sarikei,female,412,18.812785388127857
2020-01-01,Sarawak,Sarikei,male,404,18.28054298642534
2020-01-01,Sarawak,Selangau,both,330,16.666666666666664
2020-01-01,Sarawak,Selangau,female,159,16.5625
2020-01-01,Sarawak,Selangau,male,171,16.764705882352942
2020-01-01,Sarawak,Serian,both,1533,17.971864009378663
2020-01-01,Sarawak,Serian,female,753,18.14457831325301
2020-01-01,Sarawak,Serian,male,780,17.808219178082194
2020-01-01,Sarawak,Sibu,both,3236,13.043127771060057
2020-01-01,Sarawak,Sibu,female,1516,12.612312811980033
2020-01-01,Sarawak,Sibu,male,1720,13.4585289514867
2020-01-01,Sarawak,Simunjan,both,724,20.0
2020-01-01,Sarawak,Simunjan,female,343,20.05847953216374
2020-01-01,Sarawak,Simunjan,male,381,19.94764397905759
2020-01-01,Sarawak,Song,both,278,27.8
2020-01-01,Sarawak,Song,female,136,26.666666666666668
2020-01-01,Sarawak,Song,male,142,28.97959183673469
2020-01-01,Sarawak,Sri Aman,both,766,12.516339869281046
2020-01-01,Sarawak,Sri Aman,female,351,11.898305084745765
2020-01-01,Sarawak,Sri Aman,male,415,13.091482649842272
2020-01-01,Sarawak,Tatau,both,455,14.26332288401254
2020-01-01,Sarawak,Tatau,female,234,16.25
2020-01-01,Sarawak,Tatau,male,221,12.628571428571428
2021-01-01,Sarawak,Asajaya,both,616,18.22485207100592
2021-01-01,Sarawak,Asajaya,female,302,18.19277108433735
2021-01-01,Sarawak,Asajaya,male,314,18.15028901734104
2021-01-01,Sarawak,Bau,both,781,14.763705103969755
2021-01-01,Sarawak,Bau,female,370,14.509803921568627
2021-01-01,Sarawak,Bau,male,411,15.0
2021-01-01,Sarawak,Belaga,both,287,12.587719298245611
2021-01-01,Sarawak,Belaga,female,140,14.43298969072165
2021-01-01,Sarawak,Belaga,male,147,11.221374045801529
2021-01-01,Sarawak,Beluru,both,186,6.348122866894197
2021-01-01,Sarawak,Beluru,female,94,6.962962962962963
2021-01-01,Sarawak,Beluru,male,92,5.822784810126582
2021-01-01,Sarawak,Betong,both,700,19.28374655647383
2021-01-01,Sarawak,Betong,female,316,18.057142857142857
2021-01-01,Sarawak,Betong,male,384,20.425531914893615
2021-01-01,Sarawak,Bintulu,both,1680,9.491525423728811
2021-01-01,Sarawak,Bintulu,female,806,9.853300733496331
2021-01-01,Sarawak,Bintulu,male,874,9.180672268907562
2021-01-01,Sarawak,Bukit Mabong,both,326,31.6504854368932
2021-01-01,Sarawak,Bukit Mabong,female,149,36.34146341463415
2021-01-01,Sarawak,Bukit Mabong,male,177,28.095238095238095
2021-01-01,Sarawak,Dalat,both,317,15.023696682464454
2021-01-01,Sarawak,Dalat,female,138,13.529411764705884
2021-01-01,Sarawak,Dalat,male,179,16.42201834862385
2021-01-01,Sarawak,Daro,both,397,20.35897435897436
2021-01-01,Sarawak,Daro,female,197,21.88888888888889
2021-01-01,Sarawak,Daro,male,200,19.047619047619047
2021-01-01,Sarawak,Julau,both,244,15.947712418300652
2021-01-01,Sarawak,Julau,female,120,15.584415584415584
2021-01-01,Sarawak,Julau,male,124,16.315789473684212
2021-01-01,Sarawak,Kabong,both,397,21.45945945945946
2021-01-01,Sarawak,Kabong,female,206,22.39130434782609
2021-01-01,Sarawak,Kabong,male,191,20.53763440860215
2021-01-01,Sarawak,Kanowit,both,395,15.991902834008098
2021-01-01,Sarawak,Kanowit,female,187,15.203252032520323
2021-01-01,Sarawak,Kanowit,male,208,16.910569105691057
2021-01-01,Sarawak,Kapit,both,474,13.166666666666666
2021-01-01,Sarawak,Kapit,female,222,12.40223463687151
2021-01-01,Sarawak,Kapit,male,252,13.922651933701657
2021-01-01,Sarawak,Kuching,both,7143,11.662040816326533
2021-01-01,Sarawak,Kuching,female,3481,11.47708539399934
2021-01-01,Sarawak,Kuching,male,3662,11.847298608864444
2021-01-01,Sarawak,Lawas,both,627,16.991869918699187
2021-01-01,Sarawak,Lawas,female,300,16.666666666666668
2021-01-01,Sarawak,Lawas,male,327,17.393617021276594
2021-01-01,Sarawak,Limbang,both,626,13.818984547461367
2021-01-01,Sarawak,Limbang,female,309,14.045454545454543
2021-01-01,Sarawak,Limbang,male,317,13.605150214592276
2021-01-01,Sarawak,Lubok Antu,both,293,11.862348178137651
2021-01-01,Sarawak,Lubok Antu,female,138,11.311475409836069
2021-01-01,Sarawak,Lubok Antu,male,155,12.4
2021-01-01,Sarawak,Lundu,both,528,15.667655786350148
2021-01-01,Sarawak,Lundu,female,249,15.859872611464969
2021-01-01,Sarawak,Lundu,male,279,15.5
2021-01-01,Sarawak,Maradong,both,353,17.30392156862745
2021-01-01,Sarawak,Maradong,female,161,15.784313725490197
2021-01-01,Sarawak,Maradong,male,192,19.00990099009901
2021-01-01,Sarawak,Marudi,both,381,19.84375
2021-01-01,Sarawak,Marudi,female,197,22.134831460674157
2021-01-01,Sarawak,Marudi,male,184,17.864077669902912
2021-01-01,Sarawak,Matu,both,266,16.02409638554217
2021-01-01,Sarawak,Matu,female,113,14.86842105263158
2021-01-01,Sarawak,Matu,male,153,17.0
2021-01-01,Sarawak,Miri,both,2823,11.273961661341852
2021-01-01,Sarawak,Miri,female,1376,11.543624161073826
2021-01-01,Sarawak,Miri,male,1447,11.037376048817697
2021-01-01,Sarawak,Mukah,both,657,15.350467289719628
2021-01-01,Sarawak,Mukah,female,324,16.119402985074625
2021-01-01,Sarawak,Mukah,male,333,14.669603524229077
2021-01-01,Sarawak,Pakan,both,231,14.903225806451612
2021-01-01,Sarawak,Pakan,female,110,15.068493150684931
2021-01-01,Sarawak,Pakan,male,121,14.756097560975611
2021-01-01,Sarawak,Pusa,both,339,17.29591836734694
2021-01-01,Sarawak,Pusa,female,168,17.68421052631579
2021-01-01,Sarawak,Pusa,male,171,16.93069306930693
2021-01-01,Sarawak,Samarahan,both,1428,10.761115297663904
2021-01-01,Sarawak,Samarahan,female,693,10.146412884333822
2021-01-01,Sarawak,Samarahan,male,735,11.430793157076206
2021-01-01,Sarawak,Saratok,both,359,15.54112554112554
2021-01-01,Sarawak,Saratok,female,188,16.068376068376068
2021-01-01,Sarawak,Saratok,male,171,15.0
2021-01-01,Sarawak,Sarikei,both,686,15.520361990950224
2021-01-01,Sarawak,Sarikei,female,316,14.363636363636363
2021-01-01,Sarawak,Sarikei,male,370,16.666666666666668
2021-01-01,Sarawak,Sebauh,both,236,8.368794326241135
2021-01-01,Sarawak,Sebauh,female,117,9.435483870967742
2021-01-01,Sarawak,Sebauh,male,119,7.5316455696202524
2021-01-01,Sarawak,Selangau,both,208,10.505050505050503
2021-01-01,Sarawak,Selangau,female,95,9.895833333333334
2021-01-01,Sarawak,Selangau,male,113,11.18811881188119
2021-01-01,Sarawak,Serian,both,1302,15.228070175438596
2021-01-01,Sarawak,Serian,female,652,15.635491606714629
2021-01-01,Sarawak,Serian,male,650,14.840182648401829
2021-01-01,Sarawak,Sibu,both,2605,10.521001615508885
2021-01-01,Sarawak,Sibu,female,1304,10.812603648424544
2021-01-01,Sarawak,Sibu,male,1301,10.244094488188976
2021-01-01,Sarawak,Simunjan,both,739,20.302197802197803
2021-01-01,Sarawak,Simunjan,female,374,21.74418604651163
2021-01-01,Sarawak,Simunjan,male,365,19.109947643979055
2021-01-01,Sarawak,Song,both,232,23.2
2021-01-01,Sarawak,Song,female,113,22.15686274509804
2021-01-01,Sarawak,Song,male,119,24.285714285714285
2021-01-01,Sarawak,Sri Aman,both,787,12.838499184339316
2021-01-01,Sarawak,Sri Aman,female,373,12.64406779661017
2021-01-01,Sarawak,Sri Aman,male,414,13.0188679245283
2021-01-01,Sarawak,Subis,both,730,12.436115843270867
2021-01-01,Sarawak,Subis,female,379,14.689922480620154
2021-01-01,Sarawak,Subis,male,351,10.701219512195124
2021-01-01,Sarawak,Tanjung Manis,both,136,16.790123456790123
2021-01-01,Sarawak,Tanjung Manis,female,72,18.947368421052634
2021-01-01,Sarawak,Tanjung Manis,male,64,14.883720930232558
2021-01-01,Sarawak,Tatau,both,337,10.401234567901236
2021-01-01,Sarawak,Tatau,female,172,11.862068965517242
2021-01-01,Sarawak,Tatau,male,165,9.269662921348312
2021-01-01,Sarawak,Tebedu,both,322,12.77777777777778
2021-01-01,Sarawak,Tebedu,female,140,11.29032258064516
2021-01-01,Sarawak,Tebedu,male,182,14.21875
2021-01-01,Sarawak,Telang Usan,both,100,5.74712643678161
2021-01-01,Sarawak,Telang Usan,female,51,6.296296296296297
2021-01-01,Sarawak,Telang Usan,male,49,5.268817204301075
2022-01-01,Sarawak,Asajaya,both,566,16.59824046920821
2022-01-01,Sarawak,Asajaya,female,278,16.646706586826348
2022-01-01,Sarawak,Asajaya,male,288,16.551724137931036
2022-01-01,Sarawak,Bau,both,701,13.2015065913371
2022-01-01,Sarawak,Bau,female,329,12.8515625
2022-01-01,Sarawak,Bau,male,372,13.527272727272727
2022-01-01,Sarawak,Belaga,both,249,11.017699115044246
2022-01-01,Sarawak,Belaga,female,125,12.88659793814433
2022-01-01,Sarawak,Belaga,male,124,9.612403100775191
2022-01-01,Sarawak,Beluru,both,194,6.928571428571429
2022-01-01,Sarawak,Beluru,female,80,6.153846153846154
2022-01-01,Sarawak,Beluru,male,114,7.6
2022-01-01,Sarawak,Betong,both,598,16.383561643835616
2022-01-01,Sarawak,Betong,female,269,15.284090909090908
2022-01-01,Sarawak,Betong,male,329,17.40740740740741
2022-01-01,Sarawak,Bintulu,both,2032,11.30773511407902
2022-01-01,Sarawak,Bintulu,female,1005,12.137681159420293
2022-01-01,Sarawak,Bintulu,male,1027,10.598555211558306
2022-01-01,Sarawak,Bukit Mabong,both,104,10.0
2022-01-01,Sarawak,Bukit Mabong,female,56,13.658536585365855
2022-01-01,Sarawak,Bukit Mabong,male,48,7.6190476190476195
2022-01-01,Sarawak,Dalat,both,266,12.547169811320757
2022-01-01,Sarawak,Dalat,female,124,12.03883495145631
2022-01-01,Sarawak,Dalat,male,142,13.027522935779816
2022-01-01,Sarawak,Daro,both,335,17.091836734693878
2022-01-01,Sarawak,Daro,female,157,17.252747252747252
2022-01-01,Sarawak,Daro,male,178,16.79245283018868
2022-01-01,Sarawak,Julau,both,232,15.064935064935064
2022-01-01,Sarawak,Julau,female,112,14.35897435897436
2022-01-01,Sarawak,Julau,male,120,15.789473684210527
2022-01-01,Sarawak,Kabong,both,309,16.612903225806452
2022-01-01,Sarawak,Kabong,female,150,16.129032258064516
2022-01-01,Sarawak,Kabong,male,159,16.914893617021274
2022-01-01,Sarawak,Kanowit,both,443,18.008130081300813
2022-01-01,Sarawak,Kanowit,female,222,18.048780487804876
2022-01-01,Sarawak,Kanowit,male,221,17.967479674796746
2022-01-01,Sarawak,Kapit,both,687,18.977900552486187
2022-01-01,Sarawak,Kapit,female,337,18.72222222222222
2022-01-01,Sarawak,Kapit,male,350,19.23076923076923
2022-01-01,Sarawak,Kuching,both,7100,11.52971744072751
2022-01-01,Sarawak,Kuching,female,3475,11.385976408912189
2022-01-01,Sarawak,Kuching,male,3625,11.670959433354795
2022-01-01,Sarawak,Lawas,both,619,16.639784946236556
2022-01-01,Sarawak,Lawas,female,304,16.703296703296704
2022-01-01,Sarawak,Lawas,male,315,16.666666666666668
2022-01-01,Sarawak,Limbang,both,588,12.894736842105262
2022-01-01,Sarawak,Limbang,female,296,13.333333333333334
2022-01-01,Sarawak,Limbang,male,292,12.47863247863248
2022-01-01,Sarawak,Lubok Antu,both,290,11.78861788617886
2022-01-01,Sarawak,Lubok Antu,female,152,12.56198347107438
2022-01-01,Sarawak,Lubok Antu,male,138,11.129032258064516
2022-01-01,Sarawak,Lundu,both,489,14.467455621301776
2022-01-01,Sarawak,Lundu,female,231,14.620253164556962
2022-01-01,Sarawak,Lundu,male,258,14.333333333333334
2022-01-01,Sarawak,Maradong,both,322,15.707317073170731
2022-01-01,Sarawak,Maradong,female,151,14.66019417475728
2022-01-01,Sarawak,Maradong,male,171,16.764705882352942
2022-01-01,Sarawak,Marudi,both,293,15.585106382978722
2022-01-01,Sarawak,Marudi,female,141,16.02272727272727
2022-01-01,Sarawak,Marudi,male,152,15.2
2022-01-01,Sarawak,Matu,both,308,18.78048780487805
2022-01-01,Sarawak,Matu,female,139,18.533333333333335
2022-01-01,Sarawak,Matu,male,169,19.204545454545453
2022-01-01,Sarawak,Miri,both,3226,12.84235668789809
2022-01-01,Sarawak,Miri,female,1556,12.98831385642738
2022-01-01,Sarawak,Miri,male,1670,12.718964204112718
2022-01-01,Sarawak,Mukah,both,568,13.364705882352942
2022-01-01,Sarawak,Mukah,female,267,13.28358208955224
2022-01-01,Sarawak,Mukah,male,301,13.4375
2022-01-01,Sarawak,Pakan,both,205,13.14102564102564
2022-01-01,Sarawak,Pakan,female,98,13.243243243243242
2022-01-01,Sarawak,Pakan,male,107,13.04878048780488
2022-01-01,Sarawak,Pusa,both,333,16.903553299492387
2022-01-01,Sarawak,Pusa,female,167,17.395833333333336
2022-01-01,Sarawak,Pusa,male,166,16.435643564356436
2022-01-01,Sarawak,Samarahan,both,1352,10.127340823970036
2022-01-01,Sarawak,Samarahan,female,659,9.578488372093023
2022-01-01,Sarawak,Samarahan,male,693,10.71097372488408
2022-01-01,Sarawak,Saratok,both,320,13.852813852813853
2022-01-01,Sarawak,Saratok,female,159,13.47457627118644
2022-01-01,Sarawak,Saratok,male,161,14.12280701754386
2022-01-01,Sarawak,Sarikei,both,587,13.22072072072072
2022-01-01,Sarawak,Sarikei,female,267,12.027027027027028
2022-01-01,Sarawak,Sarikei,male,320,14.349775784753362
2022-01-01,Sarawak,Sebauh,both,269,9.243986254295532
2022-01-01,Sarawak,Sebauh,female,141,11.10236220472441
2022-01-01,Sarawak,Sebauh,male,128,7.804878048780488
2022-01-01,Sarawak,Selangau,both,235,11.809045226130657
2022-01-01,Sarawak,Selangau,female,110,11.34020618556701
2022-01-01,Sarawak,Selangau,male,125,12.254901960784316
2022-01-01,Sarawak,Serian,both,1263,14.686046511627907
2022-01-01,Sarawak,Serian,female,582,13.857142857142858
2022-01-01,Sarawak,Serian,male,681,15.477272727272728
2022-01-01,Sarawak,Sibu,both,2819,11.32128514056225
2022-01-01,Sarawak,Sibu,female,1389,11.469859620148638
2022-01-01,Sarawak,Sibu,male,1430,11.180609851446444
2022-01-01,Sarawak,Simunjan,both,588,16.10958904109589
2022-01-01,Sarawak,Simunjan,female,292,16.7816091954023
2022-01-01,Sarawak,Simunjan,male,296,15.49738219895288
2022-01-01,Sarawak,Song,both,244,24.4
2022-01-01,Sarawak,Song,female,121,23.26923076923077
2022-01-01,Sarawak,Song,male,123,25.10204081632653
2022-01-01,Sarawak,Sri Aman,both,632,10.343698854337152
2022-01-01,Sarawak,Sri Aman,female,315,10.641891891891891
2022-01-01,Sarawak,Sri Aman,male,317,10.031645569620252
2022-01-01,Sarawak,Subis,both,647,11.431095406360424
2022-01-01,Sarawak,Subis,female,295,11.6600790513834
2022-01-01,Sarawak,Subis,male,352,11.246006389776358
2022-01-01,Sarawak,Tanjung Manis,both,115,14.556962025316457
2022-01-01,Sarawak,Tanjung Manis,female,58,15.263157894736842
2022-01-01,Sarawak,Tanjung Manis,male,57,13.571428571428571
2022-01-01,Sarawak,Tatau,both,396,12.375
2022-01-01,Sarawak,Tatau,female,180,12.413793103448276
2022-01-01,Sarawak,Tatau,male,216,12.342857142857143
2022-01-01,Sarawak,Tebedu,both,262,10.355731225296442
2022-01-01,Sarawak,Tebedu,female,125,10.080645161290322
2022-01-01,Sarawak,Tebedu,male,137,10.703125
2022-01-01,Sarawak,Telang Usan,both,151,8.67816091954023
2022-01-01,Sarawak,Telang Usan,female,74,9.135802469135802
2022-01-01,Sarawak,Telang Usan,male,77,8.279569892473118
2023-01-01,Sarawak,Asajaya,both,641,18.579710144927535
2023-01-01,Sarawak,Asajaya,female,312,18.352941176470587
2023-01-01,Sarawak,Asajaya,male,329,18.693181818181817
2023-01-01,Sarawak,Bau,both,843,15.727611940298509
2023-01-01,Sarawak,Bau,female,397,15.387596899224803
2023-01-01,Sarawak,Bau,male,446,16.101083032490976
2023-01-01,Sarawak,Belaga,both,262,11.541850220264315
2023-01-01,Sarawak,Belaga,female,142,14.63917525773196
2023-01-01,Sarawak,Belaga,male,120,9.30232558139535
2023-01-01,Sarawak,Beluru,both,258,9.314079422382672
2023-01-01,Sarawak,Beluru,female,120,9.30232558139535
2023-01-01,Sarawak,Beluru,male,138,9.324324324324325
2023-01-01,Sarawak,Betong,both,612,16.630434782608695
2023-01-01,Sarawak,Betong,female,283,15.988700564971753
2023-01-01,Sarawak,Betong,male,329,17.225130890052355
2023-01-01,Sarawak,Bintulu,both,2095,11.312095032397409
2023-01-01,Sarawak,Bintulu,female,988,11.637220259128386
2023-01-01,Sarawak,Bintulu,male,1107,11.03688933200399
2023-01-01,Sarawak,Bukit Mabong,both,222,20.943396226415096
2023-01-01,Sarawak,Bukit Mabong,female,116,28.292682926829272
2023-01-01,Sarawak,Bukit Mabong,male,106,16.5625
2023-01-01,Sarawak,Dalat,both,339,15.694444444444445
2023-01-01,Sarawak,Dalat,female,159,15.288461538461538
2023-01-01,Sarawak,Dalat,male,180,16.071428571428573
2023-01-01,Sarawak,Daro,both,382,19.195979899497488
2023-01-01,Sarawak,Daro,female,172,18.695652173913047
2023-01-01,Sarawak,Daro,male,210,19.626168224299068
2023-01-01,Sarawak,Julau,both,266,17.161290322580644
2023-01-01,Sarawak,Julau,female,137,17.564102564102566
2023-01-01,Sarawak,Julau,male,129,16.753246753246753
2023-01-01,Sarawak,Kabong,both,386,20.53191489361702
2023-01-01,Sarawak,Kabong,female,180,19.148936170212764
2023-01-01,Sarawak,Kabong,male,206,21.91489361702127
2023-01-01,Sarawak,Kanowit,both,488,19.59839357429719
2023-01-01,Sarawak,Kanowit,female,230,18.4
2023-01-01,Sarawak,Kanowit,male,258,20.806451612903224
2023-01-01,Sarawak,Kapit,both,675,18.442622950819672
2023-01-01,Sarawak,Kapit,female,313,17.197802197802197
2023-01-01,Sarawak,Kapit,male,362,19.67391304347826
2023-01-01,Sarawak,Kuching,both,7471,12.024786737485918
2023-01-01,Sarawak,Kuching,female,3559,11.555194805194803
2023-01-01,Sarawak,Kuching,male,3912,12.486434727098628
2023-01-01,Sarawak,Lawas,both,650,17.241379310344826
2023-01-01,Sarawak,Lawas,female,305,16.486486486486488
2023-01-01,Sarawak,Lawas,male,345,17.96875
2023-01-01,Sarawak,Limbang,both,671,14.55531453362256
2023-01-01,Sarawak,Limbang,female,312,13.928571428571429
2023-01-01,Sarawak,Limbang,male,359,15.147679324894517
2023-01-01,Sarawak,Lubok Antu,both,359,14.593495934959348
2023-01-01,Sarawak,Lubok Antu,female,187,15.327868852459018
2023-01-01,Sarawak,Lubok Antu,male,172,13.870967741935484
2023-01-01,Sarawak,Lundu,both,572,16.72514619883041
2023-01-01,Sarawak,Lundu,female,267,16.79245283018868
2023-01-01,Sarawak,Lundu,male,305,16.666666666666664
2023-01-01,Sarawak,Maradong,both,358,17.294685990338166
2023-01-01,Sarawak,Maradong,female,181,17.403846153846153
2023-01-01,Sarawak,Maradong,male,177,17.184466019417474
2023-01-01,Sarawak,Marudi,both,209,11.176470588235295
2023-01-01,Sarawak,Marudi,female,95,10.795454545454543
2023-01-01,Sarawak,Marudi,male,114,11.515151515151516
2023-01-01,Sarawak,Matu,both,272,16.484848484848484
2023-01-01,Sarawak,Matu,female,129,16.973684210526315
2023-01-01,Sarawak,Matu,male,143,16.06741573033708
2023-01-01,Sarawak,Miri,both,3597,14.139150943396226
2023-01-01,Sarawak,Miri,female,1659,13.676834295136029
2023-01-01,Sarawak,Miri,male,1938,14.560480841472575
2023-01-01,Sarawak,Mukah,both,600,14.05152224824356
2023-01-01,Sarawak,Mukah,female,282,13.96039603960396
2023-01-01,Sarawak,Mukah,male,318,14.133333333333333
2023-01-01,Sarawak,Pakan,both,208,13.333333333333334
2023-01-01,Sarawak,Pakan,female,90,12.16216216216216
2023-01-01,Sarawak,Pakan,male,118,14.390243902439028
2023-01-01,Sarawak,Pusa,both,365,18.25
2023-01-01,Sarawak,Pusa,female,178,18.350515463917528
2023-01-01,Sarawak,Pusa,male,187,18.155339805825243
2023-01-01,Sarawak,Samarahan,both,1506,11.188707280832096
2023-01-01,Sarawak,Samarahan,female,741,10.677233429394812
2023-01-01,Sarawak,Samarahan,male,765,11.733128834355828
2023-01-01,Sarawak,Saratok,both,402,17.17948717948718
2023-01-01,Sarawak,Saratok,female,195,16.386554621848738
2023-01-01,Sarawak,Saratok,male,207,18.0
2023-01-01,Sarawak,Sarikei,both,674,15.078299776286352
2023-01-01,Sarawak,Sarikei,female,329,14.753363228699552
2023-01-01,Sarawak,Sarikei,male,345,15.401785714285715
2023-01-01,Sarawak,Sebauh,both,347,11.121794871794872
2023-01-01,Sarawak,Sebauh,female,171,12.666666666666666
2023-01-01,Sarawak,Sebauh,male,176,9.943502824858758
2023-01-01,Sarawak,Selangau,both,294,14.482758620689657
2023-01-01,Sarawak,Selangau,female,143,14.591836734693876
2023-01-01,Sarawak,Selangau,male,151,14.38095238095238
2023-01-01,Sarawak,Serian,both,1441,16.582278481012658
2023-01-01,Sarawak,Serian,female,688,16.22641509433962
2023-01-01,Sarawak,Serian,male,753,16.921348314606742
2023-01-01,Sarawak,Sibu,both,2930,11.58560695927244
2023-01-01,Sarawak,Sibu,female,1392,11.363265306122448
2023-01-01,Sarawak,Sibu,male,1538,11.794478527607362
2023-01-01,Sarawak,Simunjan,both,650,17.615176151761517
2023-01-01,Sarawak,Simunjan,female,305,17.329545454545453
2023-01-01,Sarawak,Simunjan,male,345,17.875647668393782
2023-01-01,Sarawak,Song,both,274,26.862745098039216
2023-01-01,Sarawak,Song,female,130,25.0
2023-01-01,Sarawak,Song,male,144,28.8
2023-01-01,Sarawak,Sri Aman,both,758,12.36541598694943
2023-01-01,Sarawak,Sri Aman,female,358,12.053872053872054
2023-01-01,Sarawak,Sri Aman,male,400,12.658227848101266
2023-01-01,Sarawak,Subis,both,667,11.910714285714286
2023-01-01,Sarawak,Subis,female,314,12.50996015936255
2023-01-01,Sarawak,Subis,male,353,11.423948220064725
2023-01-01,Sarawak,Tanjung Manis,both,147,18.375
2023-01-01,Sarawak,Tanjung Manis,female,74,19.473684210526315
2023-01-01,Sarawak,Tanjung Manis,male,73,17.38095238095238
2023-01-01,Sarawak,Tatau,both,451,14.049844236760125
2023-01-01,Sarawak,Tatau,female,220,15.068493150684931
2023-01-01,Sarawak,Tatau,male,231,13.2
2023-01-01,Sarawak,Tebedu,both,396,15.529411764705882
2023-01-01,Sarawak,Tebedu,female,185,14.682539682539684
2023-01-01,Sarawak,Tebedu,male,211,16.356589147286822
2023-01-01,Sarawak,Telang Usan,both,182,10.459770114942527
2023-01-01,Sarawak,Telang Usan,female,85,10.493827160493828
2023-01-01,Sarawak,Telang Usan,male,97,10.43010752688172
2024-01-01,Sarawak,Asajaya,both,509,14.6
2024-01-01,Sarawak,Asajaya,female,238,13.9
2024-01-01,Sarawak,Asajaya,male,271,15.3
2024-01-01,Sarawak,Bau,both,704,13.1
2024-01-01,Sarawak,Bau,female,329,12.7
2024-01-01,Sarawak,Bau,male,375,13.5
2024-01-01,Sarawak,Belaga,both,248,11.0
2024-01-01,Sarawak,Belaga,female,109,11.2
2024-01-01,Sarawak,Belaga,male,139,10.9
2024-01-01,Sarawak,Beluru,both,197,7.3
2024-01-01,Sarawak,Beluru,female,102,8.1
2024-01-01,Sarawak,Beluru,male,95,6.6
2024-01-01,Sarawak,Betong,both,583,15.7
2024-01-01,Sarawak,Betong,female,266,14.9
2024-01-01,Sarawak,Betong,male,317,16.5
2024-01-01,Sarawak,Bintulu,both,1965,10.4
2024-01-01,Sarawak,Bintulu,female,947,11.0
2024-01-01,Sarawak,Bintulu,male,1018,9.9
2024-01-01,Sarawak,Bukit Mabong,both,208,19.6
2024-01-01,Sarawak,Bukit Mabong,female,109,26.0
2024-01-01,Sarawak,Bukit Mabong,male,99,15.4
2024-01-01,Sarawak,Dalat,both,291,13.4
2024-01-01,Sarawak,Dalat,female,151,14.4
2024-01-01,Sarawak,Dalat,male,140,12.5
2024-01-01,Sarawak,Daro,both,297,14.8
2024-01-01,Sarawak,Daro,female,148,16.0
2024-01-01,Sarawak,Daro,male,149,13.8
2024-01-01,Sarawak,Julau,both,265,17.0
2024-01-01,Sarawak,Julau,female,130,16.5
2024-01-01,Sarawak,Julau,male,135,17.5
2024-01-01,Sarawak,Kabong,both,321,16.9
2024-01-01,Sarawak,Kabong,female,157,16.6
2024-01-01,Sarawak,Kabong,male,164,17.2
2024-01-01,Sarawak,Kanowit,both,452,18.1
2024-01-01,Sarawak,Kanowit,female,219,17.5
2024-01-01,Sarawak,Kanowit,male,233,18.7
2024-01-01,Sarawak,Kapit,both,553,15.0
2024-01-01,Sarawak,Kapit,female,276,15.0
2024-01-01,Sarawak,Kapit,male,277,14.9
2024-01-01,Sarawak,Kuching,both,6525,10.4
2024-01-01,Sarawak,Kuching,female,3161,10.2
2024-01-01,Sarawak,Kuching,male,3364,10.7
2024-01-01,Sarawak,Lawas,both,575,15.1
2024-01-01,Sarawak,Lawas,female,279,14.9
2024-01-01,Sarawak,Lawas,male,296,15.3
2024-01-01,Sarawak,Limbang,both,555,11.9
2024-01-01,Sarawak,Limbang,female,275,12.1
2024-01-01,Sarawak,Limbang,male,280,11.7
2024-01-01,Sarawak,Lubok Antu,both,318,12.9
2024-01-01,Sarawak,Lubok Antu,female,151,12.3
2024-01-01,Sarawak,Lubok Antu,male,167,13.5
2024-01-01,Sarawak,Lundu,both,513,14.9
2024-01-01,Sarawak,Lundu,female,248,15.4
2024-01-01,Sarawak,Lundu,male,265,14.4
2024-01-01,Sarawak,Maradong,both,328,15.7
2024-01-01,Sarawak,Maradong,female,156,14.9
2024-01-01,Sarawak,Maradong,male,172,16.6
2024-01-01,Sarawak,Marudi,both,231,12.6
2024-01-01,Sarawak,Marudi,female,111,12.8
2024-01-01,Sarawak,Marudi,male,120,12.4
2024-01-01,Sarawak,Matu,both,283,17.2
2024-01-01,Sarawak,Matu,female,135,17.8
2024-01-01,Sarawak,Matu,male,148,16.8
2024-01-01,Sarawak,Miri,both,3207,12.5
2024-01-01,Sarawak,Miri,female,1546,12.7
2024-01-01,Sarawak,Miri,male,1661,12.4
2024-01-01,Sarawak,Mukah,both,523,12.3
2024-01-01,Sarawak,Mukah,female,252,12.5
2024-01-01,Sarawak,Mukah,male,271,12.1
2024-01-01,Sarawak,Pakan,both,187,11.9
2024-01-01,Sarawak,Pakan,female,83,11.2
2024-01-01,Sarawak,Pakan,male,104,12.6
2024-01-01,Sarawak,Pusa,both,332,16.5
2024-01-01,Sarawak,Pusa,female,167,17.0
2024-01-01,Sarawak,Pusa,male,165,15.9
2024-01-01,Sarawak,Samarahan,both,1478,10.9
2024-01-01,Sarawak,Samarahan,female,724,10.4
2024-01-01,Sarawak,Samarahan,male,754,11.5
2024-01-01,Sarawak,Saratok,both,287,12.2
2024-01-01,Sarawak,Saratok,female,133,11.2
2024-01-01,Sarawak,Saratok,male,154,13.3
2024-01-01,Sarawak,Sarikei,both,610,13.6
2024-01-01,Sarawak,Sarikei,female,294,13.1
2024-01-01,Sarawak,Sarikei,male,316,14.0
2024-01-01,Sarawak,Sebauh,both,303,9.7
2024-01-01,Sarawak,Sebauh,female,162,11.9
2024-01-01,Sarawak,Sebauh,male,141,7.9
2024-01-01,Sarawak,Selangau,both,283,13.8
2024-01-01,Sarawak,Selangau,female,151,15.2
2024-01-01,Sarawak,Selangau,male,132,12.5
2024-01-01,Sarawak,Serian,both,1441,16.5
2024-01-01,Sarawak,Serian,female,707,16.5
2024-01-01,Sarawak,Serian,male,734,16.4
2024-01-01,Sarawak,Sibu,both,2666,10.4
2024-01-01,Sarawak,Sibu,female,1271,10.3
2024-01-01,Sarawak,Sibu,male,1395,10.6
2024-01-01,Sarawak,Simunjan,both,552,14.9
2024-01-01,Sarawak,Simunjan,female,261,14.8
2024-01-01,Sarawak,Simunjan,male,291,15.0
2024-01-01,Sarawak,Song,both,232,22.6
2024-01-01,Sarawak,Song,female,117,22.3
2024-01-01,Sarawak,Song,male,115,22.9
2024-01-01,Sarawak,Sri Aman,both,622,10.2
2024-01-01,Sarawak,Sri Aman,female,310,10.4
2024-01-01,Sarawak,Sri Aman,male,312,9.9
2024-01-01,Sarawak,Subis,both,618,11.1
2024-01-01,Sarawak,Subis,female,303,12.1
2024-01-01,Sarawak,Subis,male,315,10.3
2024-01-01,Sarawak,Tanjung Manis,both,117,14.8
2024-01-01,Sarawak,Tanjung Manis,female,50,13.3
2024-01-01,Sarawak,Tanjung Manis,male,67,16.3
2024-01-01,Sarawak,Tatau,both,358,11.2
2024-01-01,Sarawak,Tatau,female,164,11.3
2024-01-01,Sarawak,Tatau,male,194,11.2
2024-01-01,Sarawak,Tebedu,both,349,13.6
2024-01-01,Sarawak,Tebedu,female,185,14.6
2024-01-01,Sarawak,Tebedu,male,164,12.6
2024-01-01,Sarawak,Telang Usan,both,171,9.8
2024-01-01,Sarawak,Telang Usan,female,93,11.4
2024-01-01,Sarawak,Telang Usan,male,78,8.4
2020-01-01,Selangor,Gombak,both,11618,12.32809847198642
2020-01-01,Selangor,Gombak,female,5669,12.581003106968486
2020-01-01,Selangor,Gombak,male,5949,12.096380642537616
2020-01-01,Selangor,Klang,both,14417,13.239966939112865
2020-01-01,Selangor,Klang,female,6975,14.00040144520273
2020-01-01,Selangor,Klang,male,7442,12.59861181648891
2020-01-01,Selangor,Kuala Langat,both,5801,18.871177618737804
2020-01-01,Selangor,Kuala Langat,female,2854,19.534565366187543
2020-01-01,Selangor,Kuala Langat,male,2947,18.258983890954152
2020-01-01,Selangor,Kuala Selangor,both,4261,15.126020589279376
2020-01-01,Selangor,Kuala Selangor,female,2039,14.818313953488373
2020-01-01,Selangor,Kuala Selangor,male,2222,15.419847328244275
2020-01-01,Selangor,Petaling,both,28048,12.20486488838606
2020-01-01,Selangor,Petaling,female,13496,12.535760728218468
2020-01-01,Selangor,Petaling,male,14552,11.913221449038067
2020-01-01,Selangor,Sabak Bernam,both,2042,19.066293183940243
2020-01-01,Selangor,Sabak Bernam,female,976,19.02534113060429
2020-01-01,Selangor,Sabak Bernam,male,1066,19.10394265232975
2020-01-01,Selangor,Sepang,both,4032,12.398523985239851
2020-01-01,Selangor,Sepang,female,1987,13.18513603185136
2020-01-01,Selangor,Sepang,male,2045,11.712485681557848
2020-01-01,Selangor,Ulu Langat,both,19549,13.958586219207426
2020-01-01,Selangor,Ulu Langat,female,9435,14.31932007891941
2020-01-01,Selangor,Ulu Langat,male,10114,13.638079827400215
2020-01-01,Selangor,Ulu Selangor,both,3489,14.358024691358024
2020-01-01,Selangor,Ulu Selangor,female,1667,14.661389621811786
2020-01-01,Selangor,Ulu Selangor,male,1822,14.091260634184067
2021-01-01,Selangor,Gombak,both,12103,12.766877637130802
2021-01-01,Selangor,Gombak,female,5847,12.924403183023871
2021-01-01,Selangor,Gombak,male,6256,12.623083131557708
2021-01-01,Selangor,Klang,both,14843,13.760081579679245
2021-01-01,Selangor,Klang,female,7160,14.16980011874134
2021-01-01,Selangor,Klang,male,7683,13.399023369375657
2021-01-01,Selangor,Kuala Langat,both,5663,18.1390134529148
2021-01-01,Selangor,Kuala Langat,female,2726,18.20975283901136
2021-01-01,Selangor,Kuala Langat,male,2937,18.062730627306273
2021-01-01,Selangor,Kuala Selangor,both,4703,16.495966327604346
2021-01-01,Selangor,Kuala Selangor,female,2276,16.257142857142856
2021-01-01,Selangor,Kuala Selangor,male,2427,16.714876033057852
2021-01-01,Selangor,Petaling,both,23399,10.104504037656
2021-01-01,Selangor,Petaling,female,11271,10.436111111111112
2021-01-01,Selangor,Petaling,male,12128,9.8146799384964
2021-01-01,Selangor,Sabak Bernam,both,1971,18.334883720930232
2021-01-01,Selangor,Sabak Bernam,female,936,18.104448742746616
2021-01-01,Selangor,Sabak Bernam,male,1035,18.548387096774196
2021-01-01,Selangor,Sepang,both,5397,16.3199274266707
2021-01-01,Selangor,Sepang,female,2626,17.129810828440963
2021-01-01,Selangor,Sepang,male,2771,15.620067643742953
2021-01-01,Selangor,Ulu Langat,both,18561,13.321610564846049
2021-01-01,Selangor,Ulu Langat,female,8936,13.588807785888076
2021-01-01,Selangor,Ulu Langat,male,9625,13.08277830637488
2021-01-01,Selangor,Ulu Selangor,both,3478,14.28923582580115
2021-01-01,Selangor,Ulu Selangor,female,1702,14.838709677419354
2021-01-01,Selangor,Ulu Selangor,male,1776,13.7995337995338
2022-01-01,Selangor,Gombak,both,10766,11.330246263944431
2022-01-01,Selangor,Gombak,female,5223,11.456459749945164
2022-01-01,Selangor,Gombak,male,5543,11.213837750354037
2022-01-01,Selangor,Klang,both,13538,12.373640435060782
2022-01-01,Selangor,Klang,female,6449,12.79563492063492
2022-01-01,Selangor,Klang,male,7089,12.01321809862735
2022-01-01,Selangor,Kuala Langat,both,5296,16.839427662957075
2022-01-01,Selangor,Kuala Langat,female,2581,17.183754993342212
2022-01-01,Selangor,Kuala Langat,male,2715,16.524650030432134
2022-01-01,Selangor,Kuala Selangor,both,4621,16.067454798331013
2022-01-01,Selangor,Kuala Selangor,female,2184,15.48936170212766
2022-01-01,Selangor,Kuala Selangor,male,2437,16.612133605998636
2022-01-01,Selangor,Petaling,both,21751,9.4372613675807
2022-01-01,Selangor,Petaling,female,10432,9.61563277721449
2022-01-01,Selangor,Petaling,male,11319,9.278629395852118
2022-01-01,Selangor,Sabak Bernam,both,1806,16.737720111214085
2022-01-01,Selangor,Sabak Bernam,female,837,16.15830115830116
2022-01-01,Selangor,Sabak Bernam,male,969,17.272727272727273
2022-01-01,Selangor,Sepang,both,5263,15.8763197586727
2022-01-01,Selangor,Sepang,female,2587,16.74433656957929
2022-01-01,Selangor,Sepang,male,2676,15.11864406779661
2022-01-01,Selangor,Ulu Langat,both,17208,12.175758862237318
2022-01-01,Selangor,Ulu Langat,female,8385,12.55239520958084
2022-01-01,Selangor,Ulu Langat,male,8823,11.838185965383069
2022-01-01,Selangor,Ulu Selangor,both,3409,13.835227272727272
2022-01-01,Selangor,Ulu Selangor,female,1634,14.110535405872191
2022-01-01,Selangor,Ulu Selangor,male,1775,13.601532567049809
2023-01-01,Selangor,Gombak,both,11429,11.828813910163529
2023-01-01,Selangor,Gombak,female,5613,12.133592736705577
2023-01-01,Selangor,Gombak,male,5816,11.548848292295473
2023-01-01,Selangor,Klang,both,15254,13.451499118165785
2023-01-01,Selangor,Klang,female,7429,14.458933437135071
2023-01-01,Selangor,Klang,male,7825,12.616897774911315
2023-01-01,Selangor,Kuala Langat,both,5790,18.054256314312443
2023-01-01,Selangor,Kuala Langat,female,2768,18.12704649639817
2023-01-01,Selangor,Kuala Langat,male,3022,17.988095238095237
2023-01-01,Selangor,Kuala Selangor,both,5037,17.179399727148706
2023-01-01,Selangor,Kuala Selangor,female,2424,16.95104895104895
2023-01-01,Selangor,Kuala Selangor,male,2613,17.396804260985355
2023-01-01,Selangor,Petaling,both,22969,9.8380948301709
2023-01-01,Selangor,Petaling,female,10958,9.997263023446768
2023-01-01,Selangor,Petaling,male,12011,9.696455961895536
2023-01-01,Selangor,Sabak Bernam,both,1912,17.509157509157507
2023-01-01,Selangor,Sabak Bernam,female,894,17.093690248565967
2023-01-01,Selangor,Sabak Bernam,male,1018,17.89103690685413
2023-01-01,Selangor,Sepang,both,6097,17.974646226415096
2023-01-01,Selangor,Sepang,female,2978,18.895939086294415
2023-01-01,Selangor,Sepang,male,3119,17.17511013215859
2023-01-01,Selangor,Ulu Langat,both,18268,12.509758268848866
2023-01-01,Selangor,Ulu Langat,female,8883,13.000146348602373
2023-01-01,Selangor,Ulu Langat,male,9385,12.078507078507078
2023-01-01,Selangor,Ulu Selangor,both,3779,14.984139571768438
2023-01-01,Selangor,Ulu Selangor,female,1789,15.19966015293118
2023-01-01,Selangor,Ulu Selangor,male,1990,14.79553903345725
2024-01-01,Selangor,Gombak,both,10080,10.3
2024-01-01,Selangor,Gombak,female,4895,10.5
2024-01-01,Selangor,Gombak,male,5185,10.1
2024-01-01,Selangor,Klang,both,13779,11.7
2024-01-01,Selangor,Klang,female,6719,12.8
2024-01-01,Selangor,Klang,male,7060,10.8
2024-01-01,Selangor,Kuala Langat,both,5391,16.5
2024-01-01,Selangor,Kuala Langat,female,2607,16.8
2024-01-01,Selangor,Kuala Langat,male,2784,16.3
2024-01-01,Selangor,Kuala Selangor,both,4679,15.7
2024-01-01,Selangor,Kuala Selangor,female,2274,15.7
2024-01-01,Selangor,Kuala Selangor,male,2405,15.7
2024-01-01,Selangor,Petaling,both,21331,9.0
2024-01-01,Selangor,Petaling,female,10381,9.4
2024-01-01,Selangor,Petaling,male,10950,8.7
2024-01-01,Selangor,Sabak Bernam,both,1688,15.3
2024-01-01,Selangor,Sabak Bernam,female,809,15.4
2024-01-01,Selangor,Sabak Bernam,male,879,15.3
2024-01-01,Selangor,Sepang,both,5648,16.3
2024-01-01,Selangor,Sepang,female,2752,17.1
2024-01-01,Selangor,Sepang,male,2896,15.5
2024-01-01,Selangor,Ulu Langat,both,17036,11.3
2024-01-01,Selangor,Ulu Langat,female,8293,11.9
2024-01-01,Selangor,Ulu Langat,male,8743,10.8
2024-01-01,Selangor,Ulu Selangor,both,3542,13.7
2024-01-01,Selangor,Ulu Selangor,female,1734,14.5
2024-01-01,Selangor,Ulu Selangor,male,1808,13.0
2020-01-01,Terengganu,Besut,both,3882,25.17509727626459
2020-01-01,Terengganu,Besut,female,1903,25.13870541611625
2020-01-01,Terengganu,Besut,male,1979,25.24234693877551
2020-01-01,Terengganu,Dungun,both,3546,22.42884250474383
2020-01-01,Terengganu,Dungun,female,1732,22.522756827048113
2020-01-01,Terengganu,Dungun,male,1814,22.312423124231245
2020-01-01,Terengganu,Hulu Terengganu,both,1765,25.250357653791127
2020-01-01,Terengganu,Hulu Terengganu,female,848,25.853658536585368
2020-01-01,Terengganu,Hulu Terengganu,male,917,24.71698113207547
2020-01-01,Terengganu,Kemaman,both,4130,19.155844155844157
2020-01-01,Terengganu,Kemaman,female,1967,19.171539961013647
2020-01-01,Terengganu,Kemaman,male,2163,19.141592920353983
2020-01-01,Terengganu,Kuala Nerus,both,2285,15.69368131868132
2020-01-01,Terengganu,Kuala Nerus,female,1079,14.740437158469945
2020-01-01,Terengganu,Kuala Nerus,male,1206,16.63448275862069
2020-01-01,Terengganu,Kuala Terengganu,both,7034,30.609225413402957
2020-01-01,Terengganu,Kuala Terengganu,female,3344,29.359086918349423
2020-01-01,Terengganu,Kuala Terengganu,male,3690,31.83779119930975
2020-01-01,Terengganu,Marang,both,2966,25.43739279588336
2020-01-01,Terengganu,Marang,female,1426,24.93006993006993
2020-01-01,Terengganu,Marang,male,1540,25.925925925925927
2020-01-01,Terengganu,Setiu,both,1546,25.89614740368509
2020-01-01,Terengganu,Setiu,female,747,25.494880546075084
2020-01-01,Terengganu,Setiu,male,799,26.36963696369637
2021-01-01,Terengganu,Besut,both,3734,23.81377551020408
2021-01-01,Terengganu,Besut,female,1772,23.01298701298701
2021-01-01,Terengganu,Besut,male,1962,24.586466165413533
2021-01-01,Terengganu,Dungun,both,3425,21.313005600497824
2021-01-01,Terengganu,Dungun,female,1669,21.370038412291937
2021-01-01,Terengganu,Dungun,male,1756,21.2590799031477
2021-01-01,Terengganu,Hulu Terengganu,both,1671,23.337988826815643
2021-01-01,Terengganu,Hulu Terengganu,female,809,24.221556886227543
2021-01-01,Terengganu,Hulu Terengganu,male,862,22.565445026178008
2021-01-01,Terengganu,Kemaman,both,4174,19.085505258344764
2021-01-01,Terengganu,Kemaman,female,2026,19.48076923076923
2021-01-01,Terengganu,Kemaman,male,2148,18.727114210985174
2021-01-01,Terengganu,Kuala Nerus,both,3046,20.401875418620225
2021-01-01,Terengganu,Kuala Nerus,female,1458,19.46595460614152
2021-01-01,Terengganu,Kuala Nerus,male,1588,21.344086021505376
2021-01-01,Terengganu,Kuala Terengganu,both,5978,25.590753424657535
2021-01-01,Terengganu,Kuala Terengganu,female,2906,25.11668107173725
2021-01-01,Terengganu,Kuala Terengganu,male,3072,26.07809847198642
2021-01-01,Terengganu,Marang,both,2841,23.774058577405857
2021-01-01,Terengganu,Marang,female,1354,23.10580204778157
2021-01-01,Terengganu,Marang,male,1487,24.417077175697862
2021-01-01,Terengganu,Setiu,both,1468,24.26446280991735
2021-01-01,Terengganu,Setiu,female,711,23.93939393939394
2021-01-01,Terengganu,Setiu,male,757,24.57792207792208
2022-01-01,Terengganu,Besut,both,3594,22.56120527306968
2022-01-01,Terengganu,Besut,female,1762,22.503192848020436
2022-01-01,Terengganu,Besut,male,1832,22.617283950617285
2022-01-01,Terengganu,Dungun,both,3376,20.775384615384617
2022-01-01,Terengganu,Dungun,female,1608,20.35443037974683
2022-01-01,Terengganu,Dungun,male,1768,21.17365269461078
2022-01-01,Terengganu,Hulu Terengganu,both,1505,20.816044260027663
2022-01-01,Terengganu,Hulu Terengganu,female,722,21.29793510324484
2022-01-01,Terengganu,Hulu Terengganu,male,783,20.390625
2022-01-01,Terengganu,Kemaman,both,4061,18.317546233649075
2022-01-01,Terengganu,Kemaman,female,1936,18.368121442125236
2022-01-01,Terengganu,Kemaman,male,2125,18.27171109200344
2022-01-01,Terengganu,Kuala Nerus,both,2796,18.504301786896097
2022-01-01,Terengganu,Kuala Nerus,female,1383,18.24538258575198
2022-01-01,Terengganu,Kuala Nerus,male,1413,18.764940239043824
2022-01-01,Terengganu,Kuala Terengganu,both,5747,24.27967891846219
2022-01-01,Terengganu,Kuala Terengganu,female,2741,23.34752981260647
2022-01-01,Terengganu,Kuala Terengganu,male,3006,25.196982397317687
2022-01-01,Terengganu,Marang,both,2776,22.847736625514404
2022-01-01,Terengganu,Marang,female,1374,23.053691275167782
2022-01-01,Terengganu,Marang,male,1402,22.649434571890147
2022-01-01,Terengganu,Setiu,both,1449,23.5609756097561
2022-01-01,Terengganu,Setiu,female,701,23.21192052980133
2022-01-01,Terengganu,Setiu,male,748,23.89776357827476
2023-01-01,Terengganu,Besut,both,3746,23.038130381303812
2023-01-01,Terengganu,Besut,female,1816,22.75689223057644
2023-01-01,Terengganu,Besut,male,1930,23.281061519903496
2023-01-01,Terengganu,Dungun,both,3531,21.361161524500908
2023-01-01,Terengganu,Dungun,female,1741,21.681195516811957
2023-01-01,Terengganu,Dungun,male,1790,21.058823529411764
2023-01-01,Terengganu,Hulu Terengganu,both,1520,20.624151967435548
2023-01-01,Terengganu,Hulu Terengganu,female,702,20.466472303207
2023-01-01,Terengganu,Hulu Terengganu,male,818,20.761421319796955
2023-01-01,Terengganu,Kemaman,both,4049,17.860608734009706
2023-01-01,Terengganu,Kemaman,female,1954,18.24463118580766
2023-01-01,Terengganu,Kemaman,male,2095,17.516722408026755
2023-01-01,Terengganu,Kuala Nerus,both,2902,18.893229166666668
2023-01-01,Terengganu,Kuala Nerus,female,1406,18.25974025974026
2023-01-01,Terengganu,Kuala Nerus,male,1496,19.530026109660575
2023-01-01,Terengganu,Kuala Terengganu,both,5915,24.543568464730292
2023-01-01,Terengganu,Kuala Terengganu,female,2847,23.844221105527637
2023-01-01,Terengganu,Kuala Terengganu,male,3068,25.230263157894736
2023-01-01,Terengganu,Marang,both,2965,23.872785829307567
2023-01-01,Terengganu,Marang,female,1486,24.440789473684212
2023-01-01,Terengganu,Marang,male,1479,23.364928909952607
2023-01-01,Terengganu,Setiu,both,1499,23.83147853736089
2023-01-01,Terengganu,Setiu,female,728,23.636363636363637
2023-01-01,Terengganu,Setiu,male,771,24.01869158878505
2024-01-01,Terengganu,Besut,both,3420,20.7
2024-01-01,Terengganu,Besut,female,1671,20.6
2024-01-01,Terengganu,Besut,male,1749,20.7
2024-01-01,Terengganu,Dungun,both,3035,18.1
2024-01-01,Terengganu,Dungun,female,1460,17.9
2024-01-01,Terengganu,Dungun,male,1575,18.2
2024-01-01,Terengganu,Hulu Terengganu,both,1393,18.7
2024-01-01,Terengganu,Hulu Terengganu,female,674,19.4
2024-01-01,Terengganu,Hulu Terengganu,male,719,18.1
2024-01-01,Terengganu,Kemaman,both,3817,16.5
2024-01-01,Terengganu,Kemaman,female,1902,17.5
2024-01-01,Terengganu,Kemaman,male,1915,15.6
2024-01-01,Terengganu,Kuala Nerus,both,2858,18.3
2024-01-01,Terengganu,Kuala Nerus,female,1378,17.7
2024-01-01,Terengganu,Kuala Nerus,male,1480,19.0
2024-01-01,Terengganu,Kuala Terengganu,both,5045,20.6
2024-01-01,Terengganu,Kuala Terengganu,female,2410,19.9
2024-01-01,Terengganu,Kuala Terengganu,male,2635,21.3
2024-01-01,Terengganu,Marang,both,2805,22.1
2024-01-01,Terengganu,Marang,female,1335,21.5
2024-01-01,Terengganu,Marang,male,1470,22.7
2024-01-01,Terengganu,Setiu,both,1339,20.8
2024-01-01,Terengganu,Setiu,female,660,21.0
2024-01-01,Terengganu,Setiu,male,679,20.6
2020-01-01,W.P. Kuala Lumpur,W.P. Kuala Lumpur,both,23087,11.647747338681198
2020-01-01,W.P. Kuala Lumpur,W.P. Kuala Lumpur,female,11034,11.951906412478335
2020-01-01,W.P. Kuala Lumpur,W.P. Kuala Lumpur,male,12053,11.382566814618944
2021-01-01,W.P. Kuala Lumpur,W.P. Kuala Lumpur,both,21046,10.715885947046845
2021-01-01,W.P. Kuala Lumpur,W.P. Kuala Lumpur,female,10054,10.942533739660426
2021-01-01,W.P. Kuala Lumpur,W.P. Kuala Lumpur,male,10992,10.516647531572904
2022-01-01,W.P. Kuala Lumpur,W.P. Kuala Lumpur,both,19853,10.122883948602896
2022-01-01,W.P. Kuala Lumpur,W.P. Kuala Lumpur,female,9619,10.452026513093555
2022-01-01,W.P. Kuala Lumpur,W.P. Kuala Lumpur,male,10234,9.83282090699462
2023-01-01,W.P. Kuala Lumpur,W.P. Kuala Lumpur,both,21442,10.69053198384604
2023-01-01,W.P. Kuala Lumpur,W.P. Kuala Lumpur,female,10507,11.254284490145672
2023-01-01,W.P. Kuala Lumpur,W.P. Kuala Lumpur,male,10935,10.199608245499489
2024-01-01,W.P. Kuala Lumpur,W.P. Kuala Lumpur,both,21229,10.3
2024-01-01,W.P. Kuala Lumpur,W.P. Kuala Lumpur,female,10214,10.7
2024-01-01,W.P. Kuala Lumpur,W.P. Kuala Lumpur,male,11015,9.9
2020-01-01,W.P. Labuan,W.P. Labuan,both,1710,17.98107255520505
2020-01-01,W.P. Labuan,W.P. Labuan,female,863,18.67965367965368
2020-01-01,W.P. Labuan,W.P. Labuan,male,847,17.321063394683026
2021-01-01,W.P. Labuan,W.P. Labuan,both,1522,15.854166666666666
2021-01-01,W.P. Labuan,W.P. Labuan,female,767,16.459227467811157
2021-01-01,W.P. Labuan,W.P. Labuan,male,755,15.2834008097166
2022-01-01,W.P. Labuan,W.P. Labuan,both,1374,14.17956656346749
2022-01-01,W.P. Labuan,W.P. Labuan,female,670,14.25531914893617
2022-01-01,W.P. Labuan,W.P. Labuan,male,704,14.136546184738956
2023-01-01,W.P. Labuan,W.P. Labuan,both,1409,14.232323232323232
2023-01-01,W.P. Labuan,W.P. Labuan,female,699,14.50207468879668
2023-01-01,W.P. Labuan,W.P. Labuan,male,710,13.976377952755906
2024-01-01,W.P. Labuan,W.P. Labuan,both,1310,13.0
2024-01-01,W.P. Labuan,W.P. Labuan,female,611,12.4
2024-01-01,W.P. Labuan,W.P. Labuan,male,699,13.5
2020-01-01,W.P. Putrajaya,W.P. Putrajaya,both,2142,19.615384615384613
2020-01-01,W.P. Putrajaya,W.P. Putrajaya,female,1069,19.22661870503597
2020-01-01,W.P. Putrajaya,W.P. Putrajaya,male,1073,20.01865671641791
2021-01-01,W.P. Putrajaya,W.P. Putrajaya,both,2106,18.28125
2021-01-01,W.P. Putrajaya,W.P. Putrajaya,female,1016,17.367521367521366
2021-01-01,W.P. Putrajaya,W.P. Putrajaya,male,1090,19.223985890652557
2022-01-01,W.P. Putrajaya,W.P. Putrajaya,both,1839,15.717948717948715
2022-01-01,W.P. Putrajaya,W.P. Putrajaya,female,886,14.915824915824915
2022-01-01,W.P. Putrajaya,W.P. Putrajaya,male,953,16.54513888888889
2023-01-01,W.P. Putrajaya,W.P. Putrajaya,both,1713,14.41919191919192
2023-01-01,W.P. Putrajaya,W.P. Putrajaya,female,819,13.604651162790695
2023-01-01,W.P. Putrajaya,W.P. Putrajaya,male,894,15.255972696245731
2024-01-01,W.P. Putrajaya,W.P. Putrajaya,both,1548,12.9
2024-01-01,W.P. Putrajaya,W.P. Putrajaya,female,755,12.4
2024-01-01,W.P. Putrajaya,W.P. Putrajaya,male,793,13.3
