date,state,district,sex,abs,rate
2020-01-01,Johor,Batu Pahat,both,3021.0,6.099333737129013
2020-01-01,Johor,Batu Pahat,female,1343.0,5.7466837826273
2020-01-01,Johor,Batu Pahat,male,1678.0,6.414373088685014
2020-01-01,Johor,Johor Bahru,both,6609.0,3.862201963534362
2020-01-01,Johor,Johor Bahru,female,2621.0,3.260355765642493
2020-01-01,Johor,Johor Bahru,male,3988.0,4.395459054337044
2020-01-01,Johor,Kluang,both,2060.0,6.361951822112415
2020-01-01,Johor,Kluang,female,817.0,5.657894736842105
2020-01-01,Johor,Kluang,male,1243.0,6.932515337423313
2020-01-01,Johor,Kota Tinggi,both,1503.0,6.758093525179856
2020-01-01,Johor,Kota Tinggi,female,583.0,5.605769230769231
2020-01-01,Johor,Kota Tinggi,male,920.0,7.77027027027027
2020-01-01,Johor,Kulai,both,1243.0,3.7723823975720783
2020-01-01,Johor,Kulai,female,475.0,3.129117259552042
2020-01-01,Johor,Kulai,male,768.0,4.321890827236916
2020-01-01,Johor,Mersing,both,525.0,6.713554987212276
2020-01-01,Johor,Mersing,female,203.0,5.592286501377411
2020-01-01,Johor,Mersing,male,322.0,7.684964200477327
2020-01-01,Johor,Muar,both,1848.0,5.870393900889454
2020-01-01,Johor,Muar,female,779.0,5.5053003533568905
2020-01-01,Johor,Muar,male,1069.0,6.168493941142527
2020-01-01,Johor,Pontian,both,1241.0,7.160992498557414
2020-01-01,Johor,Pontian,female,545.0,6.803995006242197
2020-01-01,Johor,Pontian,male,696.0,7.467811158798283
2020-01-01,Johor,Segamat,both,1567.0,7.922143579373103
2020-01-01,Johor,Segamat,female,689.0,7.283298097251586
2020-01-01,Johor,Segamat,male,878.0,8.507751937984496
2020-01-01,Johor,Tangkak,both,998.0,6.1077111383108935
2020-01-01,Johor,Tangkak,female,388.0,4.961636828644501
2020-01-01,Johor,Tangkak,male,610.0,7.15962441314554
2021-01-01,Johor,Batu Pahat,both,3480.0,6.999195494770716
2021-01-01,Johor,Batu Pahat,female,1524.0,6.479591836734694
2021-01-01,Johor,Batu Pahat,male,1956.0,7.465648854961832
2021-01-01,Johor,Johor Bahru,both,9471.0,5.521161245190626
2021-01-01,Johor,Johor Bahru,female,3936.0,4.8604593726846135
2021-01-01,Johor,Johor Bahru,male,5535.0,6.11196996466431
2021-01-01,Johor,Kluang,both,2456.0,7.549953888718106
2021-01-01,Johor,Kluang,female,977.0,6.710164835164836
2021-01-01,Johor,Kluang,male,1479.0,8.230383973288815
2021-01-01,Johor,Kota Tinggi,both,2024.0,9.051878354203936
2021-01-01,Johor,Kota Tinggi,female,876.0,8.334919124643198
2021-01-01,Johor,Kota Tinggi,male,1148.0,9.68776371308017
2021-01-01,Johor,Kulai,both,1838.0,5.600243753808654
2021-01-01,Johor,Kulai,female,780.0,5.131578947368421
2021-01-01,Johor,Kulai,male,1058.0,6.004540295119183
2021-01-01,Johor,Mersing,both,650.0,8.248730964467006
2021-01-01,Johor,Mersing,female,262.0,7.138964577656675
2021-01-01,Johor,Mersing,male,388.0,9.216152019002376
2021-01-01,Johor,Muar,both,2327.0,7.368587713742875
2021-01-01,Johor,Muar,female,1023.0,7.1890372452564995
2021-01-01,Johor,Muar,male,1304.0,7.515850144092219
2021-01-01,Johor,Pontian,both,1533.0,8.800229621125144
2021-01-01,Johor,Pontian,female,658.0,8.163771712158809
2021-01-01,Johor,Pontian,male,875.0,9.3482905982906
2021-01-01,Johor,Segamat,both,1852.0,9.381965552178318
2021-01-01,Johor,Segamat,female,777.0,8.178947368421053
2021-01-01,Johor,Segamat,male,1075.0,10.498046875
2021-01-01,Johor,Tangkak,both,1320.0,8.048780487804878
2021-01-01,Johor,Tangkak,female,589.0,7.474619289340102
2021-01-01,Johor,Tangkak,male,731.0,8.57981220657277
2022-01-01,Johor,Batu Pahat,both,3764.0,7.565829145728643
2022-01-01,Johor,Batu Pahat,female,1612.0,6.830508474576271
2022-01-01,Johor,Batu Pahat,male,2152.0,8.22944550669216
2022-01-01,Johor,Johor Bahru,both,7980.0,4.6295759122817195
2022-01-01,Johor,Johor Bahru,female,3285.0,4.035130819309667
2022-01-01,Johor,Johor Bahru,male,4695.0,5.161609498680739
2022-01-01,Johor,Kluang,both,2412.0,7.455950540958269
2022-01-01,Johor,Kluang,female,1032.0,7.068493150684931
2022-01-01,Johor,Kluang,male,1380.0,7.774647887323944
2022-01-01,Johor,Kota Tinggi,both,1922.0,8.546020453534904
2022-01-01,Johor,Kota Tinggi,female,810.0,7.641509433962264
2022-01-01,Johor,Kota Tinggi,male,1112.0,9.352396972245584
2022-01-01,Johor,Kulai,both,1611.0,4.893681652490887
2022-01-01,Johor,Kulai,female,633.0,4.145383104125737
2022-01-01,Johor,Kulai,male,978.0,5.541076487252124
2022-01-01,Johor,Mersing,both,699.0,8.83691529709229
2022-01-01,Johor,Mersing,female,319.0,8.644986449864499
2022-01-01,Johor,Mersing,male,380.0,9.026128266033254
2022-01-01,Johor,Muar,both,2258.0,7.191082802547771
2022-01-01,Johor,Muar,female,990.0,6.932773109243697
2022-01-01,Johor,Muar,male,1268.0,7.406542056074767
2022-01-01,Johor,Pontian,both,1528.0,8.80184331797235
2022-01-01,Johor,Pontian,female,655.0,8.096415327564895
2022-01-01,Johor,Pontian,male,873.0,9.41747572815534
2022-01-01,Johor,Segamat,both,1905.0,9.611503531786076
2022-01-01,Johor,Segamat,female,810.0,8.49056603773585
2022-01-01,Johor,Segamat,male,1095.0,10.651750972762644
2022-01-01,Johor,Tangkak,both,1226.0,7.448359659781288
2022-01-01,Johor,Tangkak,female,541.0,6.83944374209861
2022-01-01,Johor,Tangkak,male,685.0,8.011695906432749
2023-01-01,Johor,Batu Pahat,both,3413.0,6.771825396825397
2023-01-01,Johor,Batu Pahat,female,1535.0,6.449579831932773
2023-01-01,Johor,Batu Pahat,male,1878.0,7.06015037593985
2023-01-01,Johor,Johor Bahru,both,8363.0,4.747388737511353
2023-01-01,Johor,Johor Bahru,female,3465.0,4.1913632514817944
2023-01-01,Johor,Johor Bahru,male,4898.0,5.239063001390523
2023-01-01,Johor,Kluang,both,2295.0,6.982050501977487
2023-01-01,Johor,Kluang,female,939.0,6.374745417515275
2023-01-01,Johor,Kluang,male,1356.0,7.475192943770672
2023-01-01,Johor,Kota Tinggi,both,1749.0,7.627562145660706
2023-01-01,Johor,Kota Tinggi,female,723.0,6.731843575418994
2023-01-01,Johor,Kota Tinggi,male,1026.0,8.41673502871206
2023-01-01,Johor,Kulai,both,1691.0,4.969144872171613
2023-01-01,Johor,Kulai,female,702.0,4.482758620689656
2023-01-01,Johor,Kulai,male,989.0,5.383777898747959
2023-01-01,Johor,Mersing,both,637.0,7.952559300873908
2023-01-01,Johor,Mersing,female,251.0,6.729222520107239
2023-01-01,Johor,Mersing,male,386.0,9.018691588785048
2023-01-01,Johor,Muar,both,2097.0,6.579855663633511
2023-01-01,Johor,Muar,female,972.0,6.764091858037578
2023-01-01,Johor,Muar,male,1125.0,6.428571428571429
2023-01-01,Johor,Pontian,both,1522.0,8.657565415244596
2023-01-01,Johor,Pontian,female,642.0,7.86764705882353
2023-01-01,Johor,Pontian,male,880.0,9.341825902335456
2023-01-01,Johor,Segamat,both,1793.0,8.893849206349207
2023-01-01,Johor,Segamat,female,762.0,7.912772585669782
2023-01-01,Johor,Segamat,male,1031.0,9.78178368121442
2023-01-01,Johor,Tangkak,both,1145.0,6.852184320766009
2023-01-01,Johor,Tangkak,female,514.0,6.433041301627033
2023-01-01,Johor,Tangkak,male,631.0,7.236238532110091
2024-01-01,Johor,Batu Pahat,both,3461.0,6.8
2024-01-01,Johor,Batu Pahat,female,1514.0,6.3
2024-01-01,Johor,Batu Pahat,male,1947.0,7.2
2024-01-01,Johor,Johor Bahru,both,8507.0,4.7
2024-01-01,Johor,Johor Bahru,female,3508.0,4.2
2024-01-01,Johor,Johor Bahru,male,4999.0,5.2
2024-01-01,Johor,Kluang,both,2320.0,7.0
2024-01-01,Johor,Kluang,female,931.0,6.3
2024-01-01,Johor,Kluang,male,1389.0,7.5
2024-01-01,Johor,Kota Tinggi,both,1914.0,8.2
2024-01-01,Johor,Kota Tinggi,female,811.0,7.5
2024-01-01,Johor,Kota Tinggi,male,1103.0,8.8
2024-01-01,Johor,Kulai,both,1602.0,4.6
2024-01-01,Johor,Kulai,female,639.0,4.0
2024-01-01,Johor,Kulai,male,963.0,5.0
2024-01-01,Johor,Mersing,both,645.0,8.0
2024-01-01,Johor,Mersing,female,255.0,6.8
2024-01-01,Johor,Mersing,male,390.0,9.0
2024-01-01,Johor,Muar,both,2167.0,6.7
2024-01-01,Johor,Muar,female,968.0,6.7
2024-01-01,Johor,Muar,male,1199.0,6.7
2024-01-01,Johor,Pontian,both,1473.0,8.3
2024-01-01,Johor,Pontian,female,638.0,7.7
2024-01-01,Johor,Pontian,male,835.0,8.7
2024-01-01,Johor,Segamat,both,1769.0,8.6
2024-01-01,Johor,Segamat,female,768.0,7.9
2024-01-01,Johor,Segamat,male,1001.0,9.3
2024-01-01,Johor,Tangkak,both,1173.0,6.9
2024-01-01,Johor,Tangkak,female,507.0,6.3
2024-01-01,Johor,Tangkak,male,666.0,7.5
2020-01-01,Kedah,Baling,both,1164.0,8.162692847124825
2020-01-01,Kedah,Baling,female,509.0,7.323741007194244
2020-01-01,Kedah,Baling,male,655.0,8.960328317373461
2020-01-01,Kedah,Bandar Baharu,both,376.0,8.468468468468469
2020-01-01,Kedah,Bandar Baharu,female,168.0,7.741935483870968
2020-01-01,Kedah,Bandar Baharu,male,208.0,9.162995594713657
2020-01-01,Kedah,Kota Setar,both,2689.0,7.18791766907244
2020-01-01,Kedah,Kota Setar,female,1171.0,6.23203831825439
2020-01-01,Kedah,Kota Setar,male,1518.0,8.15690488984417
2020-01-01,Kedah,Kuala Muda,both,2929.0,5.374311926605505
2020-01-01,Kedah,Kuala Muda,female,1293.0,4.879245283018868
2020-01-01,Kedah,Kuala Muda,male,1636.0,5.8428571428571425
2020-01-01,Kedah,Kubang Pasu,both,1601.0,6.732548359966358
2020-01-01,Kedah,Kubang Pasu,female,696.0,5.780730897009967
2020-01-01,Kedah,Kubang Pasu,male,905.0,7.715260017050299
2020-01-01,Kedah,Kulim,both,1641.0,4.859342611785609
2020-01-01,Kedah,Kulim,female,700.0,4.250151791135398
2020-01-01,Kedah,Kulim,male,941.0,5.4393063583815024
2020-01-01,Kedah,Langkawi,both,528.0,5.61105207226355
2020-01-01,Kedah,Langkawi,female,206.0,4.537444933920705
2020-01-01,Kedah,Langkawi,male,322.0,6.611909650924024
2020-01-01,Kedah,Padang Terap,both,507.0,7.716894977168949
2020-01-01,Kedah,Padang Terap,female,220.0,6.984126984126984
2020-01-01,Kedah,Padang Terap,male,287.0,8.391812865497075
2020-01-01,Kedah,Pendang,both,859.0,8.685540950455005
2020-01-01,Kedah,Pendang,female,377.0,8.125
2020-01-01,Kedah,Pendang,male,482.0,9.18095238095238
2020-01-01,Kedah,Pokok Sena,both,370.0,7.429718875502008
2020-01-01,Kedah,Pokok Sena,female,173.0,7.654867256637168
2020-01-01,Kedah,Pokok Sena,male,197.0,7.24264705882353
2020-01-01,Kedah,Sik,both,500.0,7.363770250368188
2020-01-01,Kedah,Sik,female,219.0,6.576576576576577
2020-01-01,Kedah,Sik,male,281.0,8.097982708933717
2020-01-01,Kedah,Yan,both,501.0,6.825613079019073
2020-01-01,Kedah,Yan,female,239.0,6.694677871148459
2020-01-01,Kedah,Yan,male,262.0,6.949602122015914
2021-01-01,Kedah,Baling,both,1545.0,10.714285714285715
2021-01-01,Kedah,Baling,female,696.0,9.886363636363637
2021-01-01,Kedah,Baling,male,849.0,11.48849797023004
2021-01-01,Kedah,Bandar Baharu,both,470.0,10.585585585585584
2021-01-01,Kedah,Bandar Baharu,female,198.0,9.12442396313364
2021-01-01,Kedah,Bandar Baharu,male,272.0,11.982378854625551
2021-01-01,Kedah,Kota Setar,both,3637.0,9.665160775976616
2021-01-01,Kedah,Kota Setar,female,1708.0,9.03225806451613
2021-01-01,Kedah,Kota Setar,male,1929.0,10.30448717948718
2021-01-01,Kedah,Kuala Muda,both,4287.0,7.84733662822625
2021-01-01,Kedah,Kuala Muda,female,1894.0,7.104276069017254
2021-01-01,Kedah,Kuala Muda,male,2393.0,8.555595280657847
2021-01-01,Kedah,Kubang Pasu,both,2020.0,8.122235625251307
2021-01-01,Kedah,Kubang Pasu,female,937.0,7.436507936507937
2021-01-01,Kedah,Kubang Pasu,male,1083.0,8.82640586797066
2021-01-01,Kedah,Kulim,both,2408.0,7.103244837758112
2021-01-01,Kedah,Kulim,female,1078.0,6.509661835748792
2021-01-01,Kedah,Kulim,male,1330.0,7.6701268742791235
2021-01-01,Kedah,Langkawi,both,672.0,7.066246056782335
2021-01-01,Kedah,Langkawi,female,289.0,6.282608695652174
2021-01-01,Kedah,Langkawi,male,383.0,7.80040733197556
2021-01-01,Kedah,Padang Terap,both,543.0,8.177710843373493
2021-01-01,Kedah,Padang Terap,female,234.0,7.358490566037736
2021-01-01,Kedah,Padang Terap,male,309.0,8.93063583815029
2021-01-01,Kedah,Pendang,both,1065.0,10.725075528700907
2021-01-01,Kedah,Pendang,female,484.0,10.364025695931478
2021-01-01,Kedah,Pendang,male,581.0,11.045627376425855
2021-01-01,Kedah,Pokok Sena,both,521.0,10.42
2021-01-01,Kedah,Pokok Sena,female,239.0,10.52863436123348
2021-01-01,Kedah,Pokok Sena,male,282.0,10.32967032967033
2021-01-01,Kedah,Sik,both,699.0,10.234260614934117
2021-01-01,Kedah,Sik,female,339.0,10.149700598802395
2021-01-01,Kedah,Sik,male,360.0,10.344827586206897
2021-01-01,Kedah,Yan,both,590.0,8.016304347826088
2021-01-01,Kedah,Yan,female,293.0,8.184357541899441
2021-01-01,Kedah,Yan,male,297.0,7.857142857142858
2022-01-01,Kedah,Baling,both,1492.0,10.296756383712903
2022-01-01,Kedah,Baling,female,687.0,9.703389830508476
2022-01-01,Kedah,Baling,male,805.0,10.86369770580297
2022-01-01,Kedah,Bandar Baharu,both,455.0,10.17897091722595
2022-01-01,Kedah,Bandar Baharu,female,204.0,9.357798165137616
2022-01-01,Kedah,Bandar Baharu,male,251.0,11.008771929824562
2022-01-01,Kedah,Kota Setar,both,3388.0,8.991507430997876
2022-01-01,Kedah,Kota Setar,female,1505.0,7.941952506596306
2022-01-01,Kedah,Kota Setar,male,1883.0,10.048025613660618
2022-01-01,Kedah,Kuala Muda,both,3822.0,6.9427792915531334
2022-01-01,Kedah,Kuala Muda,female,1689.0,6.288160833953834
2022-01-01,Kedah,Kuala Muda,male,2133.0,7.566512947853849
2022-01-01,Kedah,Kubang Pasu,both,2035.0,8.14977973568282
2022-01-01,Kedah,Kubang Pasu,female,906.0,7.156398104265403
2022-01-01,Kedah,Kubang Pasu,male,1129.0,9.17140536149472
2022-01-01,Kedah,Kulim,both,2215.0,6.489891590975681
2022-01-01,Kedah,Kulim,female,991.0,5.944811037792442
2022-01-01,Kedah,Kulim,male,1224.0,7.010309278350515
2022-01-01,Kedah,Langkawi,both,639.0,6.62863070539419
2022-01-01,Kedah,Langkawi,female,248.0,5.3218884120171674
2022-01-01,Kedah,Langkawi,male,391.0,7.867203219315895
2022-01-01,Kedah,Padang Terap,both,657.0,9.8796992481203
2022-01-01,Kedah,Padang Terap,female,285.0,8.934169278996865
2022-01-01,Kedah,Padang Terap,male,372.0,10.751445086705202
2022-01-01,Kedah,Pendang,both,1134.0,11.362725450901804
2022-01-01,Kedah,Pendang,female,503.0,10.702127659574469
2022-01-01,Kedah,Pendang,male,631.0,11.950757575757576
2022-01-01,Kedah,Pokok Sena,both,517.0,10.34
2022-01-01,Kedah,Pokok Sena,female,229.0,10.043859649122806
2022-01-01,Kedah,Pokok Sena,male,288.0,10.54945054945055
2022-01-01,Kedah,Sik,both,723.0,10.53935860058309
2022-01-01,Kedah,Sik,female,330.0,9.792284866468842
2022-01-01,Kedah,Sik,male,393.0,11.228571428571428
2022-01-01,Kedah,Yan,both,551.0,7.466124661246613
2022-01-01,Kedah,Yan,female,259.0,7.194444444444445
2022-01-01,Kedah,Yan,male,292.0,7.704485488126649
2023-01-01,Kedah,Baling,both,1472.0,10.03408316291752
2023-01-01,Kedah,Baling,female,652.0,9.093444909344491
2023-01-01,Kedah,Baling,male,820.0,10.933333333333334
2023-01-01,Kedah,Bandar Baharu,both,402.0,8.913525498891353
2023-01-01,Kedah,Bandar Baharu,female,167.0,7.590909090909091
2023-01-01,Kedah,Bandar Baharu,male,235.0,10.173160173160172
2023-01-01,Kedah,Kota Setar,both,3270.0,8.62114421302399
2023-01-01,Kedah,Kota Setar,female,1463.0,7.667714884696016
2023-01-01,Kedah,Kota Setar,male,1807.0,9.586206896551724
2023-01-01,Kedah,Kuala Muda,both,3676.0,6.560771015527396
2023-01-01,Kedah,Kuala Muda,female,1587.0,5.836704670834866
2023-01-01,Kedah,Kuala Muda,male,2089.0,7.243411927877948
2023-01-01,Kedah,Kubang Pasu,both,1873.0,7.4473161033797215
2023-01-01,Kedah,Kubang Pasu,female,821.0,6.43921568627451
2023-01-01,Kedah,Kubang Pasu,male,1052.0,8.483870967741936
2023-01-01,Kedah,Kulim,both,2069.0,5.972863741339492
2023-01-01,Kedah,Kulim,female,888.0,5.254437869822485
2023-01-01,Kedah,Kulim,male,1181.0,6.653521126760563
2023-01-01,Kedah,Langkawi,both,619.0,6.316326530612245
2023-01-01,Kedah,Langkawi,female,269.0,5.675105485232067
2023-01-01,Kedah,Langkawi,male,350.0,6.903353057199211
2023-01-01,Kedah,Padang Terap,both,595.0,8.867362146050672
2023-01-01,Kedah,Padang Terap,female,270.0,8.385093167701863
2023-01-01,Kedah,Padang Terap,male,325.0,9.339080459770116
2023-01-01,Kedah,Pendang,both,1031.0,10.238331678252234
2023-01-01,Kedah,Pendang,female,464.0,9.76842105263158
2023-01-01,Kedah,Pendang,male,567.0,10.657894736842104
2023-01-01,Kedah,Pokok Sena,both,499.0,9.88118811881188
2023-01-01,Kedah,Pokok Sena,female,240.0,10.434782608695652
2023-01-01,Kedah,Pokok Sena,male,259.0,9.418181818181818
2023-01-01,Kedah,Sik,both,599.0,8.643578643578644
2023-01-01,Kedah,Sik,female,268.0,7.882352941176471
2023-01-01,Kedah,Sik,male,331.0,9.376770538243626
2023-01-01,Kedah,Yan,both,538.0,7.240915208613728
2023-01-01,Kedah,Yan,female,253.0,7.008310249307479
2023-01-01,Kedah,Yan,male,285.0,7.480314960629921
2024-01-01,Kedah,Baling,both,1419.0,9.6
2024-01-01,Kedah,Baling,female,629.0,8.7
2024-01-01,Kedah,Baling,male,790.0,10.4
2024-01-01,Kedah,Bandar Baharu,both,454.0,10.0
2024-01-01,Kedah,Bandar Baharu,female,222.0,10.0
2024-01-01,Kedah,Bandar Baharu,male,232.0,9.9
2024-01-01,Kedah,Kota Setar,both,3263.0,8.5
2024-01-01,Kedah,Kota Setar,female,1507.0,7.8
2024-01-01,Kedah,Kota Setar,male,1756.0,9.3
2024-01-01,Kedah,Kuala Muda,both,3676.0,6.4
2024-01-01,Kedah,Kuala Muda,female,1602.0,5.8
2024-01-01,Kedah,Kuala Muda,male,2074.0,7.0
2024-01-01,Kedah,Kubang Pasu,both,1934.0,7.6
2024-01-01,Kedah,Kubang Pasu,female,839.0,6.5
2024-01-01,Kedah,Kubang Pasu,male,1095.0,8.8
2024-01-01,Kedah,Kulim,both,2118.0,6.0
2024-01-01,Kedah,Kulim,female,921.0,5.4
2024-01-01,Kedah,Kulim,male,1197.0,6.6
2024-01-01,Kedah,Langkawi,both,703.0,7.0
2024-01-01,Kedah,Langkawi,female,310.0,6.4
2024-01-01,Kedah,Langkawi,male,393.0,7.6
2024-01-01,Kedah,Padang Terap,both,566.0,8.4
2024-01-01,Kedah,Padang Terap,female,259.0,8.0
2024-01-01,Kedah,Padang Terap,male,307.0,8.7
2024-01-01,Kedah,Pendang,both,1036.0,10.2
2024-01-01,Kedah,Pendang,female,462.0,9.6
2024-01-01,Kedah,Pendang,male,574.0,10.7
2024-01-01,Kedah,Pokok Sena,both,459.0,9.0
2024-01-01,Kedah,Pokok Sena,female,202.0,8.7
2024-01-01,Kedah,Pokok Sena,male,257.0,9.3
2024-01-01,Kedah,Sik,both,645.0,9.2
2024-01-01,Kedah,Sik,female,298.0,8.7
2024-01-01,Kedah,Sik,male,347.0,9.7
2024-01-01,Kedah,Yan,both,542.0,7.3
2024-01-01,Kedah,Yan,female,274.0,7.5
2024-01-01,Kedah,Yan,male,268.0,7.0
2020-01-01,Kelantan,Bachok,both,1019.0,6.478067387158296
2020-01-01,Kelantan,Bachok,female,453.0,5.585696670776819
2020-01-01,Kelantan,Bachok,male,566.0,7.427821522309711
2020-01-01,Kelantan,Gua Musang,both,488.0,4.789008832188419
2020-01-01,Kelantan,Gua Musang,female,184.0,3.9065817409766455
2020-01-01,Kelantan,Gua Musang,male,304.0,5.557586837294332
2020-01-01,Kelantan,Jeli,both,288.0,5.2650822669104205
2020-01-01,Kelantan,Jeli,female,133.0,4.871794871794871
2020-01-01,Kelantan,Jeli,male,155.0,5.656934306569343
2020-01-01,Kelantan,Kota Bharu,both,3318.0,5.969773299748112
2020-01-01,Kelantan,Kota Bharu,female,1457.0,5.241007194244604
2020-01-01,Kelantan,Kota Bharu,male,1861.0,6.69906407487401
2020-01-01,Kelantan,Kuala Krai,both,730.0,6.9523809523809526
2020-01-01,Kelantan,Kuala Krai,female,304.0,5.83493282149712
2020-01-01,Kelantan,Kuala Krai,male,426.0,8.052930056710775
2020-01-01,Kelantan,Machang,both,674.0,6.127272727272727
2020-01-01,Kelantan,Machang,female,291.0,5.262206148282098
2020-01-01,Kelantan,Machang,male,383.0,7.001828153564899
2020-01-01,Kelantan,Pasir Mas,both,1492.0,6.475694444444445
2020-01-01,Kelantan,Pasir Mas,female,623.0,5.4793315743183815
2020-01-01,Kelantan,Pasir Mas,male,869.0,7.440068493150685
2020-01-01,Kelantan,Pasir Puteh,both,978.0,7.180616740088106
2020-01-01,Kelantan,Pasir Puteh,female,431.0,6.273653566229985
2020-01-01,Kelantan,Pasir Puteh,male,547.0,8.115727002967358
2020-01-01,Kelantan,Tanah Merah,both,780.0,5.1724137931034475
2020-01-01,Kelantan,Tanah Merah,female,313.0,4.27012278308322
2020-01-01,Kelantan,Tanah Merah,male,467.0,6.025806451612903
2020-01-01,Kelantan,Tumpat,both,1152.0,6.403557531962201
2020-01-01,Kelantan,Tumpat,female,497.0,5.473568281938326
2020-01-01,Kelantan,Tumpat,male,655.0,7.34304932735426
2021-01-01,Kelantan,Bachok,both,1247.0,7.847702957835116
2021-01-01,Kelantan,Bachok,female,578.0,7.057387057387057
2021-01-01,Kelantan,Bachok,male,669.0,8.688311688311689
2021-01-01,Kelantan,Gua Musang,both,551.0,5.375609756097561
2021-01-01,Kelantan,Gua Musang,female,214.0,4.486373165618448
2021-01-01,Kelantan,Gua Musang,male,337.0,6.138433515482696
2021-01-01,Kelantan,Jeli,both,361.0,6.4928057553956835
2021-01-01,Kelantan,Jeli,female,152.0,5.467625899280575
2021-01-01,Kelantan,Jeli,male,209.0,7.517985611510791
2021-01-01,Kelantan,Kecil Lojing,both,69.0,6.4485981308411215
2021-01-01,Kelantan,Kecil Lojing,female,29.0,5.686274509803922
2021-01-01,Kelantan,Kecil Lojing,male,40.0,7.272727272727272
2021-01-01,Kelantan,Kota Bharu,both,4190.0,7.4502133712660035
2021-01-01,Kelantan,Kota Bharu,female,1925.0,6.845661450924609
2021-01-01,Kelantan,Kota Bharu,male,2265.0,8.054765291607398
2021-01-01,Kelantan,Kuala Krai,both,912.0,8.611898016997166
2021-01-01,Kelantan,Kuala Krai,female,372.0,7.072243346007604
2021-01-01,Kelantan,Kuala Krai,male,540.0,10.150375939849624
2021-01-01,Kelantan,Machang,both,891.0,7.891939769707705
2021-01-01,Kelantan,Machang,female,390.0,6.866197183098592
2021-01-01,Kelantan,Machang,male,501.0,8.93048128342246
2021-01-01,Kelantan,Pasir Mas,both,1949.0,8.404484691677448
2021-01-01,Kelantan,Pasir Mas,female,912.0,7.965065502183406
2021-01-01,Kelantan,Pasir Mas,male,1037.0,8.825531914893617
2021-01-01,Kelantan,Pasir Puteh,both,1244.0,9.053857350800582
2021-01-01,Kelantan,Pasir Puteh,female,615.0,8.874458874458874
2021-01-01,Kelantan,Pasir Puteh,male,629.0,9.236417033773863
2021-01-01,Kelantan,Tanah Merah,both,1043.0,6.843832020997375
2021-01-01,Kelantan,Tanah Merah,female,471.0,6.356275303643725
2021-01-01,Kelantan,Tanah Merah,male,572.0,7.305236270753513
2021-01-01,Kelantan,Tumpat,both,1469.0,8.084755090809026
2021-01-01,Kelantan,Tumpat,female,663.0,7.230098146128681
2021-01-01,Kelantan,Tumpat,male,806.0,8.945615982241954
2022-01-01,Kelantan,Bachok,both,1152.0,7.16863721219664
2022-01-01,Kelantan,Bachok,female,553.0,6.6868198307134215
2022-01-01,Kelantan,Bachok,male,599.0,7.67948717948718
2022-01-01,Kelantan,Gua Musang,both,539.0,5.1826923076923075
2022-01-01,Kelantan,Gua Musang,female,212.0,4.389233954451346
2022-01-01,Kelantan,Gua Musang,male,327.0,5.870736086175942
2022-01-01,Kelantan,Jeli,both,359.0,6.399286987522282
2022-01-01,Kelantan,Jeli,female,154.0,5.5
2022-01-01,Kelantan,Jeli,male,205.0,7.321428571428571
2022-01-01,Kelantan,Kecil Lojing,both,76.0,7.037037037037036
2022-01-01,Kelantan,Kecil Lojing,female,29.0,5.576923076923077
2022-01-01,Kelantan,Kecil Lojing,male,47.0,8.392857142857144
2022-01-01,Kelantan,Kota Bharu,both,3999.0,7.046696035242291
2022-01-01,Kelantan,Kota Bharu,female,1785.0,6.285211267605634
2022-01-01,Kelantan,Kota Bharu,male,2214.0,7.809523809523809
2022-01-01,Kelantan,Kuala Krai,both,945.0,8.823529411764707
2022-01-01,Kelantan,Kuala Krai,female,415.0,7.800751879699248
2022-01-01,Kelantan,Kuala Krai,male,530.0,9.851301115241636
2022-01-01,Kelantan,Machang,both,883.0,7.752414398595259
2022-01-01,Kelantan,Machang,female,422.0,7.364746945898779
2022-01-01,Kelantan,Machang,male,461.0,8.144876325088338
2022-01-01,Kelantan,Pasir Mas,both,1861.0,7.946199829205807
2022-01-01,Kelantan,Pasir Mas,female,839.0,7.264069264069264
2022-01-01,Kelantan,Pasir Mas,male,1022.0,8.617200674536257
2022-01-01,Kelantan,Pasir Puteh,both,1194.0,8.59611231101512
2022-01-01,Kelantan,Pasir Puteh,female,537.0,7.660485021398004
2022-01-01,Kelantan,Pasir Puteh,male,657.0,9.535558780841798
2022-01-01,Kelantan,Tanah Merah,both,1087.0,7.072218607677294
2022-01-01,Kelantan,Tanah Merah,female,480.0,6.4171122994652405
2022-01-01,Kelantan,Tanah Merah,male,607.0,7.703045685279188
2022-01-01,Kelantan,Tumpat,both,1350.0,7.348938486663038
2022-01-01,Kelantan,Tumpat,female,608.0,6.558791801510248
2022-01-01,Kelantan,Tumpat,male,742.0,8.153846153846153
2023-01-01,Kelantan,Bachok,both,1048.0,6.4255058246474555
2023-01-01,Kelantan,Bachok,female,441.0,5.25
2023-01-01,Kelantan,Bachok,male,607.0,7.673830594184577
2023-01-01,Kelantan,Gua Musang,both,496.0,4.626865671641791
2023-01-01,Kelantan,Gua Musang,female,192.0,3.8866396761133606
2023-01-01,Kelantan,Gua Musang,male,304.0,5.259515570934257
2023-01-01,Kelantan,Jeli,both,289.0,5.07908611599297
2023-01-01,Kelantan,Jeli,female,139.0,4.87719298245614
2023-01-01,Kelantan,Jeli,male,150.0,5.2631578947368425
2023-01-01,Kelantan,Kecil Lojing,both,70.0,6.306306306306307
2023-01-01,Kelantan,Kecil Lojing,female,34.0,6.296296296296296
2023-01-01,Kelantan,Kecil Lojing,male,36.0,6.315789473684211
2023-01-01,Kelantan,Kota Bharu,both,3601.0,6.25390760680792
2023-01-01,Kelantan,Kota Bharu,female,1622.0,5.631944444444445
2023-01-01,Kelantan,Kota Bharu,male,1979.0,6.87630298818624
2023-01-01,Kelantan,Kuala Krai,both,739.0,6.755027422303473
2023-01-01,Kelantan,Kuala Krai,female,339.0,6.243093922651934
2023-01-01,Kelantan,Kuala Krai,male,400.0,7.259528130671506
2023-01-01,Kelantan,Machang,both,762.0,6.6088464874241115
2023-01-01,Kelantan,Machang,female,364.0,6.286701208981002
2023-01-01,Kelantan,Machang,male,398.0,6.945898778359512
2023-01-01,Kelantan,Pasir Mas,both,1571.0,6.6147368421052635
2023-01-01,Kelantan,Pasir Mas,female,710.0,6.0580204778157
2023-01-01,Kelantan,Pasir Mas,male,861.0,7.157107231920199
2023-01-01,Kelantan,Pasir Puteh,both,1061.0,7.524822695035461
2023-01-01,Kelantan,Pasir Puteh,female,500.0,7.032348804500704
2023-01-01,Kelantan,Pasir Puteh,male,561.0,8.025751072961373
2023-01-01,Kelantan,Tanah Merah,both,962.0,6.162716207559257
2023-01-01,Kelantan,Tanah Merah,female,409.0,5.388669301712779
2023-01-01,Kelantan,Tanah Merah,male,553.0,6.903870162297129
2023-01-01,Kelantan,Tumpat,both,1240.0,6.648793565683646
2023-01-01,Kelantan,Tumpat,female,575.0,6.104033970276008
2023-01-01,Kelantan,Tumpat,male,665.0,7.204767063921993
2024-01-01,Kelantan,Bachok,both,981.0,5.9
2024-01-01,Kelantan,Bachok,female,407.0,4.8
2024-01-01,Kelantan,Bachok,male,574.0,7.2
2024-01-01,Kelantan,Gua Musang,both,536.0,4.9
2024-01-01,Kelantan,Gua Musang,female,210.0,4.2
2024-01-01,Kelantan,Gua Musang,male,326.0,5.4
2024-01-01,Kelantan,Jeli,both,314.0,5.4
2024-01-01,Kelantan,Jeli,female,143.0,5.0
2024-01-01,Kelantan,Jeli,male,171.0,5.9
2024-01-01,Kelantan,Kecil Lojing,both,56.0,4.9
2024-01-01,Kelantan,Kecil Lojing,female,30.0,5.5
2024-01-01,Kelantan,Kecil Lojing,male,26.0,4.4
2024-01-01,Kelantan,Kota Bharu,both,3478.0,6.0
2024-01-01,Kelantan,Kota Bharu,female,1636.0,5.6
2024-01-01,Kelantan,Kota Bharu,male,1842.0,6.3
2024-01-01,Kelantan,Kuala Krai,both,800.0,7.2
2024-01-01,Kelantan,Kuala Krai,female,350.0,6.3
2024-01-01,Kelantan,Kuala Krai,male,450.0,8.0
2024-01-01,Kelantan,Machang,both,781.0,6.7
2024-01-01,Kelantan,Machang,female,346.0,5.9
2024-01-01,Kelantan,Machang,male,435.0,7.5
2024-01-01,Kelantan,Pasir Mas,both,1563.0,6.5
2024-01-01,Kelantan,Pasir Mas,female,699.0,5.9
2024-01-01,Kelantan,Pasir Mas,male,864.0,7.1
2024-01-01,Kelantan,Pasir Puteh,both,1028.0,7.2
2024-01-01,Kelantan,Pasir Puteh,female,468.0,6.5
2024-01-01,Kelantan,Pasir Puteh,male,560.0,7.9
2024-01-01,Kelantan,Tanah Merah,both,904.0,5.7
2024-01-01,Kelantan,Tanah Merah,female,392.0,5.1
2024-01-01,Kelantan,Tanah Merah,male,512.0,6.3
2024-01-01,Kelantan,Tumpat,both,1221.0,6.5
2024-01-01,Kelantan,Tumpat,female,525.0,5.5
2024-01-01,Kelantan,Tumpat,male,696.0,7.4
2020-01-01,Melaka,Alor Gajah,both,1318.0,5.284683239775461
2020-01-01,Melaka,Alor Gajah,female,576.0,4.776119402985075
2020-01-01,Melaka,Alor Gajah,male,742.0,5.760869565217391
2020-01-01,Melaka,Jasin,both,966.0,6.3594470046082945
2020-01-01,Melaka,Jasin,female,442.0,6.296296296296296
2020-01-01,Melaka,Jasin,male,524.0,6.405867970660147
2020-01-01,Melaka,Melaka Tengah,both,3156.0,5.2855468095796345
2020-01-01,Melaka,Melaka Tengah,female,1354.0,4.789529536611249
2020-01-01,Melaka,Melaka Tengah,male,1802.0,5.731552162849873
2021-01-01,Melaka,Alor Gajah,both,1715.0,6.8326693227091635
2021-01-01,Melaka,Alor Gajah,female,792.0,6.518518518518518
2021-01-01,Melaka,Alor Gajah,male,923.0,7.127413127413128
2021-01-01,Melaka,Jasin,both,1287.0,8.255291853752405
2021-01-01,Melaka,Jasin,female,557.0,7.812061711079944
2021-01-01,Melaka,Jasin,male,730.0,8.628841607565013
2021-01-01,Melaka,Melaka Tengah,both,4081.0,6.827840053538564
2021-01-01,Melaka,Melaka Tengah,female,1813.0,6.377066479071403
2021-01-01,Melaka,Melaka Tengah,male,2268.0,7.239067985955953
2022-01-01,Melaka,Alor Gajah,both,1668.0,6.624305003971406
2022-01-01,Melaka,Alor Gajah,female,785.0,6.429156429156429
2022-01-01,Melaka,Alor Gajah,male,883.0,6.802773497688752
2022-01-01,Melaka,Jasin,both,1300.0,8.447043534762832
2022-01-01,Melaka,Jasin,female,581.0,8.125874125874127
2022-01-01,Melaka,Jasin,male,719.0,8.725728155339805
2022-01-01,Melaka,Melaka Tengah,both,3662.0,6.074983410749835
2022-01-01,Melaka,Melaka Tengah,female,1595.0,5.571079287460705
2022-01-01,Melaka,Melaka Tengah,male,2067.0,6.530805687203792
2023-01-01,Melaka,Alor Gajah,both,1571.0,6.129535700351151
2023-01-01,Melaka,Alor Gajah,female,710.0,5.739692805173807
2023-01-01,Melaka,Alor Gajah,male,861.0,6.493212669683258
2023-01-01,Melaka,Jasin,both,1127.0,7.294498381877022
2023-01-01,Melaka,Jasin,female,533.0,7.402777777777778
2023-01-01,Melaka,Jasin,male,594.0,7.2
2023-01-01,Melaka,Melaka Tengah,both,3492.0,5.65506072874494
2023-01-01,Melaka,Melaka Tengah,female,1491.0,5.128998968008256
2023-01-01,Melaka,Melaka Tengah,male,2001.0,6.123011015911873
2024-01-01,Melaka,Alor Gajah,both,1513.0,5.8
2024-01-01,Melaka,Alor Gajah,female,652.0,5.2
2024-01-01,Melaka,Alor Gajah,male,861.0,6.4
2024-01-01,Melaka,Jasin,both,1126.0,7.2
2024-01-01,Melaka,Jasin,female,492.0,6.7
2024-01-01,Melaka,Jasin,male,634.0,7.6
2024-01-01,Melaka,Melaka Tengah,both,3647.0,5.8
2024-01-01,Melaka,Melaka Tengah,female,1545.0,5.3
2024-01-01,Melaka,Melaka Tengah,male,2102.0,6.2
2020-01-01,Negeri Sembilan,Jelebu,both,338.0,7.331887201735357
2020-01-01,Negeri Sembilan,Jelebu,female,142.0,6.761904761904762
2020-01-01,Negeri Sembilan,Jelebu,male,196.0,7.84
2020-01-01,Negeri Sembilan,Jempol,both,960.0,7.547169811320755
2020-01-01,Negeri Sembilan,Jempol,female,372.0,6.058631921824104
2020-01-01,Negeri Sembilan,Jempol,male,588.0,8.936170212765958
2020-01-01,Negeri Sembilan,Kuala Pilah,both,596.0,8.477951635846374
2020-01-01,Negeri Sembilan,Kuala Pilah,female,287.0,8.36734693877551
2020-01-01,Negeri Sembilan,Kuala Pilah,male,309.0,8.583333333333334
2020-01-01,Negeri Sembilan,Port Dickson,both,771.0,5.990675990675991
2020-01-01,Negeri Sembilan,Port Dickson,female,315.0,5.21523178807947
2020-01-01,Negeri Sembilan,Port Dickson,male,456.0,6.676427525622255
2020-01-01,Negeri Sembilan,Rembau,both,385.0,8.13953488372093
2020-01-01,Negeri Sembilan,Rembau,female,172.0,7.381974248927039
2020-01-01,Negeri Sembilan,Rembau,male,213.0,8.875
2020-01-01,Negeri Sembilan,Seremban,both,3222.0,4.654051711685685
2020-01-01,Negeri Sembilan,Seremban,female,1339.0,4.0065828845002995
2020-01-01,Negeri Sembilan,Seremban,male,1883.0,5.258307735269478
2020-01-01,Negeri Sembilan,Tampin,both,727.0,8.251986379114642
2020-01-01,Negeri Sembilan,Tampin,female,328.0,7.941888619854722
2020-01-01,Negeri Sembilan,Tampin,male,399.0,8.525641025641026
2021-01-01,Negeri Sembilan,Jelebu,both,418.0,9.126637554585152
2021-01-01,Negeri Sembilan,Jelebu,female,178.0,8.43601895734597
2021-01-01,Negeri Sembilan,Jelebu,male,240.0,9.716599190283402
2021-01-01,Negeri Sembilan,Jempol,both,1163.0,9.15027537372148
2021-01-01,Negeri Sembilan,Jempol,female,475.0,7.686084142394822
2021-01-01,Negeri Sembilan,Jempol,male,688.0,10.535987748851456
2021-01-01,Negeri Sembilan,Kuala Pilah,both,819.0,11.7
2021-01-01,Negeri Sembilan,Kuala Pilah,female,391.0,11.366279069767442
2021-01-01,Negeri Sembilan,Kuala Pilah,male,428.0,11.98879551820728
2021-01-01,Negeri Sembilan,Port Dickson,both,982.0,7.618308766485647
2021-01-01,Negeri Sembilan,Port Dickson,female,422.0,6.952224052718286
2021-01-01,Negeri Sembilan,Port Dickson,male,560.0,8.199121522693998
2021-01-01,Negeri Sembilan,Rembau,both,520.0,10.970464135021098
2021-01-01,Negeri Sembilan,Rembau,female,263.0,11.191489361702128
2021-01-01,Negeri Sembilan,Rembau,male,257.0,10.708333333333334
2021-01-01,Negeri Sembilan,Seremban,both,4478.0,6.432983766700186
2021-01-01,Negeri Sembilan,Seremban,female,1881.0,5.583259127337489
2021-01-01,Negeri Sembilan,Seremban,male,2597.0,7.231968810916179
2021-01-01,Negeri Sembilan,Tampin,both,785.0,8.84009009009009
2021-01-01,Negeri Sembilan,Tampin,female,349.0,8.389423076923077
2021-01-01,Negeri Sembilan,Tampin,male,436.0,9.256900212314225
2022-01-01,Negeri Sembilan,Jelebu,both,452.0,9.76241900647948
2022-01-01,Negeri Sembilan,Jelebu,female,205.0,9.669811320754718
2022-01-01,Negeri Sembilan,Jelebu,male,247.0,9.88
2022-01-01,Negeri Sembilan,Jempol,both,1195.0,9.365203761755486
2022-01-01,Negeri Sembilan,Jempol,female,499.0,8.035426731078905
2022-01-01,Negeri Sembilan,Jempol,male,696.0,10.625954198473282
2022-01-01,Negeri Sembilan,Kuala Pilah,both,812.0,11.534090909090908
2022-01-01,Negeri Sembilan,Kuala Pilah,female,393.0,11.424418604651164
2022-01-01,Negeri Sembilan,Kuala Pilah,male,419.0,11.63888888888889
2022-01-01,Negeri Sembilan,Port Dickson,both,942.0,7.240584166026134
2022-01-01,Negeri Sembilan,Port Dickson,female,356.0,5.807504078303426
2022-01-01,Negeri Sembilan,Port Dickson,male,586.0,8.505079825834542
2022-01-01,Negeri Sembilan,Rembau,both,442.0,9.246861924686192
2022-01-01,Negeri Sembilan,Rembau,female,214.0,9.067796610169491
2022-01-01,Negeri Sembilan,Rembau,male,228.0,9.421487603305785
2022-01-01,Negeri Sembilan,Seremban,both,3993.0,5.72965992251399
2022-01-01,Negeri Sembilan,Seremban,female,1671.0,4.939402896837127
2022-01-01,Negeri Sembilan,Seremban,male,2322.0,6.475181260457334
2022-01-01,Negeri Sembilan,Tampin,both,800.0,9.00900900900901
2022-01-01,Negeri Sembilan,Tampin,female,339.0,8.110047846889954
2022-01-01,Negeri Sembilan,Tampin,male,461.0,9.808510638297872
2023-01-01,Negeri Sembilan,Jelebu,both,380.0,8.0
2023-01-01,Negeri Sembilan,Jelebu,female,145.0,6.744186046511628
2023-01-01,Negeri Sembilan,Jelebu,male,235.0,9.038461538461538
2023-01-01,Negeri Sembilan,Jempol,both,1120.0,8.64864864864865
2023-01-01,Negeri Sembilan,Jempol,female,456.0,7.272727272727272
2023-01-01,Negeri Sembilan,Jempol,male,664.0,9.955022488755622
2023-01-01,Negeri Sembilan,Kuala Pilah,both,728.0,10.196078431372548
2023-01-01,Negeri Sembilan,Kuala Pilah,female,348.0,10.057803468208093
2023-01-01,Negeri Sembilan,Kuala Pilah,male,380.0,10.354223433242506
2023-01-01,Negeri Sembilan,Port Dickson,both,892.0,6.721929163526752
2023-01-01,Negeri Sembilan,Port Dickson,female,372.0,5.961538461538462
2023-01-01,Negeri Sembilan,Port Dickson,male,520.0,7.386363636363636
2023-01-01,Negeri Sembilan,Rembau,both,435.0,8.969072164948454
2023-01-01,Negeri Sembilan,Rembau,female,205.0,8.61344537815126
2023-01-01,Negeri Sembilan,Rembau,male,230.0,9.31174089068826
2023-01-01,Negeri Sembilan,Seremban,both,3913.0,5.546420978029766
2023-01-01,Negeri Sembilan,Seremban,female,1678.0,4.9021326321939815
2023-01-01,Negeri Sembilan,Seremban,male,2235.0,6.153634361233481
2023-01-01,Negeri Sembilan,Tampin,both,764.0,8.507795100222717
2023-01-01,Negeri Sembilan,Tampin,female,304.0,7.203791469194313
2023-01-01,Negeri Sembilan,Tampin,male,460.0,9.643605870020965
2024-01-01,Negeri Sembilan,Jelebu,both,431.0,8.9
2024-01-01,Negeri Sembilan,Jelebu,female,172.0,7.9
2024-01-01,Negeri Sembilan,Jelebu,male,259.0,9.6
2024-01-01,Negeri Sembilan,Jempol,both,1155.0,8.8
2024-01-01,Negeri Sembilan,Jempol,female,449.0,7.1
2024-01-01,Negeri Sembilan,Jempol,male,706.0,10.4
2024-01-01,Negeri Sembilan,Kuala Pilah,both,738.0,10.2
2024-01-01,Negeri Sembilan,Kuala Pilah,female,340.0,9.8
2024-01-01,Negeri Sembilan,Kuala Pilah,male,398.0,10.6
2024-01-01,Negeri Sembilan,Port Dickson,both,962.0,7.1
2024-01-01,Negeri Sembilan,Port Dickson,female,404.0,6.4
2024-01-01,Negeri Sembilan,Port Dickson,male,558.0,7.8
2024-01-01,Negeri Sembilan,Rembau,both,471.0,9.6
2024-01-01,Negeri Sembilan,Rembau,female,223.0,9.3
2024-01-01,Negeri Sembilan,Rembau,male,248.0,9.8
2024-01-01,Negeri Sembilan,Seremban,both,4162.0,5.8
2024-01-01,Negeri Sembilan,Seremban,female,1751.0,5.1
2024-01-01,Negeri Sembilan,Seremban,male,2411.0,6.6
2024-01-01,Negeri Sembilan,Tampin,both,767.0,8.5
2024-01-01,Negeri Sembilan,Tampin,female,362.0,8.5
2024-01-01,Negeri Sembilan,Tampin,male,405.0,8.4
2020-01-01,Pahang,Bentong,both,703.0,6.0188356164383565
2020-01-01,Pahang,Bentong,female,282.0,5.573122529644269
2020-01-01,Pahang,Bentong,male,421.0,6.359516616314199
2020-01-01,Pahang,Bera,both,615.0,6.269113149847096
2020-01-01,Pahang,Bera,female,223.0,4.87964989059081
2020-01-01,Pahang,Bera,male,392.0,7.480916030534352
2020-01-01,Pahang,Cameron Highlands,both,159.0,4.076923076923077
2020-01-01,Pahang,Cameron Highlands,female,56.0,3.333333333333333
2020-01-01,Pahang,Cameron Highlands,male,103.0,4.63963963963964
2020-01-01,Pahang,Jerantut,both,577.0,6.010416666666667
2020-01-01,Pahang,Jerantut,female,243.0,5.412026726057906
2020-01-01,Pahang,Jerantut,male,334.0,6.536203522504892
2020-01-01,Pahang,Kuantan,both,2126.0,3.879562043795621
2020-01-01,Pahang,Kuantan,female,867.0,3.2990867579908674
2020-01-01,Pahang,Kuantan,male,1259.0,4.414446002805049
2020-01-01,Pahang,Lipis,both,531.0,5.496894409937888
2020-01-01,Pahang,Lipis,female,228.0,5.022026431718062
2020-01-01,Pahang,Lipis,male,303.0,5.91796875
2020-01-01,Pahang,Maran,both,845.0,7.524487978628674
2020-01-01,Pahang,Maran,female,355.0,6.6231343283582085
2020-01-01,Pahang,Maran,male,490.0,8.347529812606473
2020-01-01,Pahang,Pekan,both,718.0,5.924092409240924
2020-01-01,Pahang,Pekan,female,293.0,5.250896057347671
2020-01-01,Pahang,Pekan,male,425.0,6.498470948012232
2020-01-01,Pahang,Raub,both,637.0,6.628511966701353
2020-01-01,Pahang,Raub,female,261.0,5.77433628318584
2020-01-01,Pahang,Raub,male,376.0,7.387033398821219
2020-01-01,Pahang,Rompin,both,670.0,6.829765545361876
2020-01-01,Pahang,Rompin,female,255.0,5.717488789237668
2020-01-01,Pahang,Rompin,male,415.0,7.757009345794392
2020-01-01,Pahang,Temerloh,both,1092.0,6.461538461538462
2020-01-01,Pahang,Temerloh,female,439.0,5.373317013463892
2020-01-01,Pahang,Temerloh,male,653.0,7.479954180985109
2021-01-01,Pahang,Bentong,both,926.0,8.003457216940363
2021-01-01,Pahang,Bentong,female,403.0,7.9644268774703555
2021-01-01,Pahang,Bentong,male,523.0,8.033794162826421
2021-01-01,Pahang,Bera,both,704.0,7.183673469387755
2021-01-01,Pahang,Bera,female,292.0,6.3478260869565215
2021-01-01,Pahang,Bera,male,412.0,7.923076923076923
2021-01-01,Pahang,Cameron Highlands,both,214.0,5.558441558441558
2021-01-01,Pahang,Cameron Highlands,female,80.0,4.733727810650888
2021-01-01,Pahang,Cameron Highlands,male,134.0,6.175115207373272
2021-01-01,Pahang,Jerantut,both,714.0,7.445255474452554
2021-01-01,Pahang,Jerantut,female,297.0,6.57079646017699
2021-01-01,Pahang,Jerantut,male,417.0,8.208661417322835
2021-01-01,Pahang,Kuantan,both,2644.0,4.767399927875946
2021-01-01,Pahang,Kuantan,female,1083.0,4.076025592773806
2021-01-01,Pahang,Kuantan,male,1561.0,5.4032537210107305
2021-01-01,Pahang,Lipis,both,553.0,5.724637681159421
2021-01-01,Pahang,Lipis,female,225.0,4.9126637554585155
2021-01-01,Pahang,Lipis,male,328.0,6.456692913385827
2021-01-01,Pahang,Maran,both,1085.0,9.559471365638766
2021-01-01,Pahang,Maran,female,427.0,7.82051282051282
2021-01-01,Pahang,Maran,male,658.0,11.171477079796263
2021-01-01,Pahang,Pekan,both,801.0,6.533442088091355
2021-01-01,Pahang,Pekan,female,321.0,5.68141592920354
2021-01-01,Pahang,Pekan,male,480.0,7.261724659606657
2021-01-01,Pahang,Raub,both,695.0,7.239583333333333
2021-01-01,Pahang,Raub,female,292.0,6.417582417582418
2021-01-01,Pahang,Raub,male,403.0,7.98019801980198
2021-01-01,Pahang,Rompin,both,777.0,7.723658051689862
2021-01-01,Pahang,Rompin,female,312.0,6.872246696035242
2021-01-01,Pahang,Rompin,male,465.0,8.42391304347826
2021-01-01,Pahang,Temerloh,both,1253.0,7.396694214876033
2021-01-01,Pahang,Temerloh,female,525.0,6.37910085054678
2021-01-01,Pahang,Temerloh,male,728.0,8.358208955223882
2022-01-01,Pahang,Bentong,both,914.0,7.832047986289632
2022-01-01,Pahang,Bentong,female,376.0,7.387033398821219
2022-01-01,Pahang,Bentong,male,538.0,8.17629179331307
2022-01-01,Pahang,Bera,both,724.0,7.320525783619818
2022-01-01,Pahang,Bera,female,276.0,5.961123110151188
2022-01-01,Pahang,Bera,male,448.0,8.517110266159696
2022-01-01,Pahang,Cameron Highlands,both,216.0,5.5102040816326525
2022-01-01,Pahang,Cameron Highlands,female,83.0,4.882352941176471
2022-01-01,Pahang,Cameron Highlands,male,133.0,6.018099547511312
2022-01-01,Pahang,Jerantut,both,787.0,8.11340206185567
2022-01-01,Pahang,Jerantut,female,333.0,7.302631578947368
2022-01-01,Pahang,Jerantut,male,454.0,8.832684824902724
2022-01-01,Pahang,Kuantan,both,2690.0,4.821652625918624
2022-01-01,Pahang,Kuantan,female,1082.0,4.034302759134974
2022-01-01,Pahang,Kuantan,male,1608.0,5.550569554711771
2022-01-01,Pahang,Lipis,both,668.0,6.823289070480081
2022-01-01,Pahang,Lipis,female,310.0,6.7099567099567095
2022-01-01,Pahang,Lipis,male,358.0,6.924564796905222
2022-01-01,Pahang,Maran,both,1045.0,9.11072362685266
2022-01-01,Pahang,Maran,female,424.0,7.709090909090909
2022-01-01,Pahang,Maran,male,621.0,10.402010050251256
2022-01-01,Pahang,Pekan,both,922.0,7.465587044534413
2022-01-01,Pahang,Pekan,female,376.0,6.573426573426573
2022-01-01,Pahang,Pekan,male,546.0,8.23529411764706
2022-01-01,Pahang,Raub,both,785.0,8.109504132231406
2022-01-01,Pahang,Raub,female,321.0,7.008733624454149
2022-01-01,Pahang,Raub,male,464.0,9.098039215686274
2022-01-01,Pahang,Rompin,both,860.0,8.565737051792828
2022-01-01,Pahang,Rompin,female,337.0,7.326086956521739
2022-01-01,Pahang,Rompin,male,523.0,9.613970588235292
2022-01-01,Pahang,Temerloh,both,1411.0,8.23220536756126
2022-01-01,Pahang,Temerloh,female,588.0,7.067307692307692
2022-01-01,Pahang,Temerloh,male,823.0,9.331065759637188
2023-01-01,Pahang,Bentong,both,835.0,6.981605351170569
2023-01-01,Pahang,Bentong,female,355.0,6.893203883495145
2023-01-01,Pahang,Bentong,male,480.0,7.048458149779736
2023-01-01,Pahang,Bera,both,745.0,7.442557442557443
2023-01-01,Pahang,Bera,female,284.0,6.094420600858369
2023-01-01,Pahang,Bera,male,461.0,8.616822429906541
2023-01-01,Pahang,Cameron Highlands,both,184.0,4.49877750611247
2023-01-01,Pahang,Cameron Highlands,female,78.0,4.534883720930233
2023-01-01,Pahang,Cameron Highlands,male,106.0,4.472573839662448
2023-01-01,Pahang,Jerantut,both,726.0,7.363083164300203
2023-01-01,Pahang,Jerantut,female,306.0,6.6521739130434785
2023-01-01,Pahang,Jerantut,male,420.0,7.984790874524714
2023-01-01,Pahang,Kuantan,both,2716.0,4.800282785436551
2023-01-01,Pahang,Kuantan,female,1088.0,4.0073664825046045
2023-01-01,Pahang,Kuantan,male,1628.0,5.531770302412504
2023-01-01,Pahang,Lipis,both,624.0,6.233766233766234
2023-01-01,Pahang,Lipis,female,287.0,6.1587982832618025
2023-01-01,Pahang,Lipis,male,337.0,6.310861423220974
2023-01-01,Pahang,Maran,both,950.0,8.11965811965812
2023-01-01,Pahang,Maran,female,418.0,7.531531531531532
2023-01-01,Pahang,Maran,male,532.0,8.664495114006515
2023-01-01,Pahang,Pekan,both,882.0,7.005559968228753
2023-01-01,Pahang,Pekan,female,395.0,6.798623063683304
2023-01-01,Pahang,Pekan,male,487.0,7.172312223858615
2023-01-01,Pahang,Raub,both,773.0,7.823886639676114
2023-01-01,Pahang,Raub,female,321.0,6.948051948051948
2023-01-01,Pahang,Raub,male,452.0,8.593155893536121
2023-01-01,Pahang,Rompin,both,802.0,7.893700787401575
2023-01-01,Pahang,Rompin,female,331.0,7.087794432548179
2023-01-01,Pahang,Rompin,male,471.0,8.579234972677597
2023-01-01,Pahang,Temerloh,both,1271.0,7.275329135661134
2023-01-01,Pahang,Temerloh,female,563.0,6.68646080760095
2023-01-01,Pahang,Temerloh,male,708.0,7.823204419889502
2024-01-01,Pahang,Bentong,both,834.0,6.9
2024-01-01,Pahang,Bentong,female,321.0,6.2
2024-01-01,Pahang,Bentong,male,513.0,7.4
2024-01-01,Pahang,Bera,both,707.0,7.0
2024-01-01,Pahang,Bera,female,282.0,6.0
2024-01-01,Pahang,Bera,male,425.0,7.8
2024-01-01,Pahang,Cameron Highlands,both,216.0,4.9
2024-01-01,Pahang,Cameron Highlands,female,84.0,4.8
2024-01-01,Pahang,Cameron Highlands,male,132.0,4.9
2024-01-01,Pahang,Jerantut,both,795.0,8.0
2024-01-01,Pahang,Jerantut,female,313.0,6.7
2024-01-01,Pahang,Jerantut,male,482.0,9.0
2024-01-01,Pahang,Kuantan,both,2695.0,4.7
2024-01-01,Pahang,Kuantan,female,1069.0,3.9
2024-01-01,Pahang,Kuantan,male,1626.0,5.5
2024-01-01,Pahang,Lipis,both,582.0,5.7
2024-01-01,Pahang,Lipis,female,259.0,5.5
2024-01-01,Pahang,Lipis,male,323.0,5.9
2024-01-01,Pahang,Maran,both,975.0,8.2
2024-01-01,Pahang,Maran,female,436.0,7.8
2024-01-01,Pahang,Maran,male,539.0,8.6
2024-01-01,Pahang,Pekan,both,876.0,6.9
2024-01-01,Pahang,Pekan,female,407.0,6.9
2024-01-01,Pahang,Pekan,male,469.0,6.8
2024-01-01,Pahang,Raub,both,736.0,7.3
2024-01-01,Pahang,Raub,female,291.0,6.3
2024-01-01,Pahang,Raub,male,445.0,8.3
2024-01-01,Pahang,Rompin,both,796.0,7.7
2024-01-01,Pahang,Rompin,female,306.0,6.5
2024-01-01,Pahang,Rompin,male,490.0,8.8
2024-01-01,Pahang,Temerloh,both,1304.0,7.3
2024-01-01,Pahang,Temerloh,female,569.0,6.7
2024-01-01,Pahang,Temerloh,male,735.0,7.9
2020-01-01,Perak,Bagan Datuk,both,493.0,5.954106280193237
2020-01-01,Perak,Bagan Datuk,female,219.0,5.9349593495934965
2020-01-01,Perak,Bagan Datuk,male,274.0,5.969498910675381
2020-01-01,Perak,Batang Padang,both,891.0,7.185483870967742
2020-01-01,Perak,Batang Padang,female,373.0,6.532399299474606
2020-01-01,Perak,Batang Padang,male,518.0,7.742899850523168
2020-01-01,Perak,Hilir Perak,both,1236.0,8.704225352112676
2020-01-01,Perak,Hilir Perak,female,536.0,8.108925869894101
2020-01-01,Perak,Hilir Perak,male,700.0,9.22266139657444
2020-01-01,Perak,Hulu Perak,both,721.0,7.58149316508938
2020-01-01,Perak,Hulu Perak,female,291.0,6.36761487964989
2020-01-01,Perak,Hulu Perak,male,430.0,8.704453441295547
2020-01-01,Perak,Kampar,both,863.0,8.743667679837893
2020-01-01,Perak,Kampar,female,389.0,8.070539419087137
2020-01-01,Perak,Kampar,male,474.0,9.386138613861386
2020-01-01,Perak,Kerian,both,1410.0,8.473557692307692
2020-01-01,Perak,Kerian,female,625.0,7.744733581164808
2020-01-01,Perak,Kerian,male,785.0,9.159859976662776
2020-01-01,Perak,Kinta,both,5646.0,6.352385238523853
2020-01-01,Perak,Kinta,female,2379.0,5.559710212666511
2020-01-01,Perak,Kinta,male,3267.0,7.08984375
2020-01-01,Perak,Kuala Kangsar,both,1403.0,7.967064168086315
2020-01-01,Perak,Kuala Kangsar,female,626.0,7.220299884659746
2020-01-01,Perak,Kuala Kangsar,male,777.0,8.7010078387458
2020-01-01,Perak,Larut Dan Matang,both,2626.0,9.740356083086052
2020-01-01,Perak,Larut Dan Matang,female,1167.0,8.99075500770416
2020-01-01,Perak,Larut Dan Matang,male,1459.0,10.436337625178826
2020-01-01,Perak,Manjung,both,1558.0,6.3076923076923075
2020-01-01,Perak,Manjung,female,661.0,5.803336259877085
2020-01-01,Perak,Manjung,male,897.0,6.739293764087153
2020-01-01,Perak,Muallim,both,387.0,5.0456323337679265
2020-01-01,Perak,Muallim,female,164.0,4.1
2020-01-01,Perak,Muallim,male,223.0,6.076294277929155
2020-01-01,Perak,Perak Tengah,both,694.0,7.33615221987315
2020-01-01,Perak,Perak Tengah,female,335.0,7.314410480349346
2020-01-01,Perak,Perak Tengah,male,359.0,7.356557377049181
2021-01-01,Perak,Bagan Datuk,both,654.0,7.822966507177034
2021-01-01,Perak,Bagan Datuk,female,297.0,8.027027027027026
2021-01-01,Perak,Bagan Datuk,male,357.0,7.660944206008583
2021-01-01,Perak,Batang Padang,both,1192.0,9.43784639746635
2021-01-01,Perak,Batang Padang,female,511.0,8.795180722891565
2021-01-01,Perak,Batang Padang,male,681.0,10.0
2021-01-01,Perak,Hilir Perak,both,1411.0,9.73103448275862
2021-01-01,Perak,Hilir Perak,female,602.0,9.025487256371814
2021-01-01,Perak,Hilir Perak,male,809.0,10.318877551020408
2021-01-01,Perak,Hulu Perak,both,842.0,8.835257082896117
2021-01-01,Perak,Hulu Perak,female,375.0,8.169934640522875
2021-01-01,Perak,Hulu Perak,male,467.0,9.45344129554656
2021-01-01,Perak,Kampar,both,993.0,10.10172939979654
2021-01-01,Perak,Kampar,female,414.0,8.607068607068607
2021-01-01,Perak,Kampar,male,579.0,11.533864541832669
2021-01-01,Perak,Kerian,both,1736.0,10.34564958283671
2021-01-01,Perak,Kerian,female,752.0,9.238329238329236
2021-01-01,Perak,Kerian,male,984.0,11.375722543352602
2021-01-01,Perak,Kinta,both,6441.0,7.207923008057296
2021-01-01,Perak,Kinta,female,2777.0,6.423779782558408
2021-01-01,Perak,Kinta,male,3664.0,7.942770431389551
2021-01-01,Perak,Kuala Kangsar,both,1665.0,9.44412932501418
2021-01-01,Perak,Kuala Kangsar,female,784.0,9.011494252873565
2021-01-01,Perak,Kuala Kangsar,male,881.0,9.86562150055991
2021-01-01,Perak,Larut Dan Matang,both,2714.0,9.97060984570169
2021-01-01,Perak,Larut Dan Matang,female,1191.0,9.063926940639268
2021-01-01,Perak,Larut Dan Matang,male,1523.0,10.816761363636363
2021-01-01,Perak,Manjung,both,1906.0,7.620951619352259
2021-01-01,Perak,Manjung,female,799.0,6.929748482220295
2021-01-01,Perak,Manjung,male,1107.0,8.206078576723499
2021-01-01,Perak,Muallim,both,428.0,5.494223363286264
2021-01-01,Perak,Muallim,female,180.0,4.444444444444445
2021-01-01,Perak,Muallim,male,248.0,6.6310160427807485
2021-01-01,Perak,Perak Tengah,both,834.0,8.778947368421052
2021-01-01,Perak,Perak Tengah,female,365.0,7.917570498915401
2021-01-01,Perak,Perak Tengah,male,469.0,9.591002044989777
2021-01-01,Perak,Selama,both,487.0,14.156976744186046
2021-01-01,Perak,Selama,female,234.0,13.764705882352942
2021-01-01,Perak,Selama,male,253.0,14.540229885057473
2022-01-01,Perak,Bagan Datuk,both,682.0,8.286755771567437
2022-01-01,Perak,Bagan Datuk,female,280.0,7.588075880758808
2022-01-01,Perak,Bagan Datuk,male,402.0,8.874172185430464
2022-01-01,Perak,Batang Padang,both,1162.0,9.2442322991249
2022-01-01,Perak,Batang Padang,female,474.0,8.144329896907216
2022-01-01,Perak,Batang Padang,male,688.0,10.192592592592591
2022-01-01,Perak,Hilir Perak,both,1424.0,10.007027406886856
2022-01-01,Perak,Hilir Perak,female,605.0,9.070464767616192
2022-01-01,Perak,Hilir Perak,male,819.0,10.833333333333334
2022-01-01,Perak,Hulu Perak,both,934.0,9.739311783107404
2022-01-01,Perak,Hulu Perak,female,434.0,9.393939393939393
2022-01-01,Perak,Hulu Perak,male,500.0,10.080645161290322
2022-01-01,Perak,Kampar,both,1064.0,10.835030549898166
2022-01-01,Perak,Kampar,female,449.0,9.334719334719336
2022-01-01,Perak,Kampar,male,615.0,12.3
2022-01-01,Perak,Kerian,both,1814.0,10.829850746268656
2022-01-01,Perak,Kerian,female,848.0,10.404907975460125
2022-01-01,Perak,Kerian,male,966.0,11.232558139534884
2022-01-01,Perak,Kinta,both,6870.0,7.66912257200268
2022-01-01,Perak,Kinta,female,2978.0,6.874422899353648
2022-01-01,Perak,Kinta,male,3892.0,8.413316039775184
2022-01-01,Perak,Kuala Kangsar,both,1856.0,10.503678551216751
2022-01-01,Perak,Kuala Kangsar,female,785.0,9.002293577981652
2022-01-01,Perak,Kuala Kangsar,male,1071.0,11.97986577181208
2022-01-01,Perak,Larut Dan Matang,both,2816.0,10.33015407190022
2022-01-01,Perak,Larut Dan Matang,female,1213.0,9.203338391502276
2022-01-01,Perak,Larut Dan Matang,male,1603.0,11.384943181818182
2022-01-01,Perak,Manjung,both,1964.0,7.868589743589744
2022-01-01,Perak,Manjung,female,832.0,7.184801381692574
2022-01-01,Perak,Manjung,male,1132.0,8.466716529543755
2022-01-01,Perak,Muallim,both,417.0,5.346153846153846
2022-01-01,Perak,Muallim,female,173.0,4.25061425061425
2022-01-01,Perak,Muallim,male,244.0,6.541554959785524
2022-01-01,Perak,Perak Tengah,both,916.0,9.581589958158997
2022-01-01,Perak,Perak Tengah,female,420.0,9.051724137931036
2022-01-01,Perak,Perak Tengah,male,496.0,10.081300813008127
2022-01-01,Perak,Selama,both,422.0,12.231884057971014
2022-01-01,Perak,Selama,female,209.0,12.22222222222222
2022-01-01,Perak,Selama,male,213.0,12.24137931034483
2023-01-01,Perak,Bagan Datuk,both,582.0,7.028985507246377
2023-01-01,Perak,Bagan Datuk,female,255.0,6.873315363881401
2023-01-01,Perak,Bagan Datuk,male,327.0,7.155361050328227
2023-01-01,Perak,Batang Padang,both,1123.0,8.898573692551505
2023-01-01,Perak,Batang Padang,female,467.0,7.9965753424657535
2023-01-01,Perak,Batang Padang,male,656.0,9.67551622418879
2023-01-01,Perak,Hilir Perak,both,1389.0,9.774806474313865
2023-01-01,Perak,Hilir Perak,female,596.0,8.895522388059701
2023-01-01,Perak,Hilir Perak,male,793.0,10.55925432756325
2023-01-01,Perak,Hulu Perak,both,812.0,8.362512873326468
2023-01-01,Perak,Hulu Perak,female,349.0,7.47323340471092
2023-01-01,Perak,Hulu Perak,male,463.0,9.186507936507937
2023-01-01,Perak,Kampar,both,849.0,8.58442871587462
2023-01-01,Perak,Kampar,female,362.0,7.479338842975207
2023-01-01,Perak,Kampar,male,487.0,9.624505928853754
2023-01-01,Perak,Kerian,both,1619.0,9.608308605341248
2023-01-01,Perak,Kerian,female,741.0,9.03658536585366
2023-01-01,Perak,Kerian,male,878.0,10.138568129330254
2023-01-01,Perak,Kinta,both,6614.0,7.2753272467275325
2023-01-01,Perak,Kinta,female,2870.0,6.578042631217052
2023-01-01,Perak,Kinta,male,3744.0,7.918781725888325
2023-01-01,Perak,Kuala Kangsar,both,1656.0,9.28771733034212
2023-01-01,Perak,Kuala Kangsar,female,751.0,8.55353075170843
2023-01-01,Perak,Kuala Kangsar,male,905.0,10.0
2023-01-01,Perak,Larut Dan Matang,both,2747.0,9.97458242556282
2023-01-01,Perak,Larut Dan Matang,female,1194.0,9.004524886877828
2023-01-01,Perak,Larut Dan Matang,male,1553.0,10.87535014005602
2023-01-01,Perak,Manjung,both,1763.0,6.987713040031708
2023-01-01,Perak,Manjung,female,771.0,6.60668380462725
2023-01-01,Perak,Manjung,male,992.0,7.321033210332104
2023-01-01,Perak,Muallim,both,407.0,5.178117048346056
2023-01-01,Perak,Muallim,female,160.0,3.902439024390244
2023-01-01,Perak,Muallim,male,247.0,6.569148936170213
2023-01-01,Perak,Perak Tengah,both,869.0,8.940329218106996
2023-01-01,Perak,Perak Tengah,female,394.0,8.40085287846482
2023-01-01,Perak,Perak Tengah,male,475.0,9.44333996023857
2023-01-01,Perak,Selama,both,409.0,11.752873563218392
2023-01-01,Perak,Selama,female,194.0,11.34502923976608
2023-01-01,Perak,Selama,male,215.0,12.146892655367232
2024-01-01,Perak,Bagan Datuk,both,577.0,6.9
2024-01-01,Perak,Bagan Datuk,female,253.0,6.8
2024-01-01,Perak,Bagan Datuk,male,324.0,7.0
2024-01-01,Perak,Batang Padang,both,1121.0,8.8
2024-01-01,Perak,Batang Padang,female,452.0,7.7
2024-01-01,Perak,Batang Padang,male,669.0,9.8
2024-01-01,Perak,Hilir Perak,both,1348.0,9.5
2024-01-01,Perak,Hilir Perak,female,616.0,9.2
2024-01-01,Perak,Hilir Perak,male,732.0,9.8
2024-01-01,Perak,Hulu Perak,both,772.0,7.8
2024-01-01,Perak,Hulu Perak,female,303.0,6.4
2024-01-01,Perak,Hulu Perak,male,469.0,9.2
2024-01-01,Perak,Kampar,both,928.0,9.3
2024-01-01,Perak,Kampar,female,388.0,8.0
2024-01-01,Perak,Kampar,male,540.0,10.5
2024-01-01,Perak,Kerian,both,1744.0,10.3
2024-01-01,Perak,Kerian,female,820.0,10.0
2024-01-01,Perak,Kerian,male,924.0,10.6
2024-01-01,Perak,Kinta,both,6738.0,7.3
2024-01-01,Perak,Kinta,female,2928.0,6.7
2024-01-01,Perak,Kinta,male,3810.0,7.9
2024-01-01,Perak,Kuala Kangsar,both,1630.0,9.1
2024-01-01,Perak,Kuala Kangsar,female,749.0,8.5
2024-01-01,Perak,Kuala Kangsar,male,881.0,9.6
2024-01-01,Perak,Larut Dan Matang,both,2648.0,9.5
2024-01-01,Perak,Larut Dan Matang,female,1109.0,8.3
2024-01-01,Perak,Larut Dan Matang,male,1539.0,10.6
2024-01-01,Perak,Manjung,both,1796.0,7.0
2024-01-01,Perak,Manjung,female,800.0,6.8
2024-01-01,Perak,Manjung,male,996.0,7.2
2024-01-01,Perak,Muallim,both,417.0,5.3
2024-01-01,Perak,Muallim,female,172.0,4.2
2024-01-01,Perak,Muallim,male,245.0,6.5
2024-01-01,Perak,Perak Tengah,both,774.0,7.8
2024-01-01,Perak,Perak Tengah,female,352.0,7.4
2024-01-01,Perak,Perak Tengah,male,422.0,8.2
2024-01-01,Perak,Selama,both,455.0,12.9
2024-01-01,Perak,Selama,female,213.0,12.4
2024-01-01,Perak,Selama,male,242.0,13.5
2020-01-01,Perlis,Perlis,both,1950.0,6.844506844506845
2020-01-01,Perlis,Perlis,female,877.0,6.15438596491228
2020-01-01,Perlis,Perlis,male,1073.0,7.540407589599437
2021-01-01,Perlis,Perlis,both,2234.0,7.767732962447844
2021-01-01,Perlis,Perlis,female,990.0,6.875
2021-01-01,Perlis,Perlis,male,1244.0,8.662952646239555
2022-01-01,Perlis,Perlis,both,2422.0,8.357487922705314
2022-01-01,Perlis,Perlis,female,1074.0,7.3966942148760335
2022-01-01,Perlis,Perlis,male,1348.0,9.322268326417705
2023-01-01,Perlis,Perlis,both,2171.0,7.407028317980211
2023-01-01,Perlis,Perlis,female,992.0,6.75289312457454
2023-01-01,Perlis,Perlis,male,1179.0,8.064295485636116
2024-01-01,Perlis,Perlis,both,2238.0,7.5
2024-01-01,Perlis,Perlis,female,999.0,6.7
2024-01-01,Perlis,Perlis,male,1239.0,8.4
2020-01-01,Pulau Pinang,Barat Daya,both,1210.0,5.090450147244426
2020-01-01,Pulau Pinang,Barat Daya,female,528.0,4.493617021276596
2020-01-01,Pulau Pinang,Barat Daya,male,682.0,5.6738768718802
2020-01-01,Pulau Pinang,Seberang Perai Selatan,both,1114.0,6.054347826086956
2020-01-01,Pulau Pinang,Seberang Perai Selatan,female,449.0,4.923245614035087
2020-01-01,Pulau Pinang,Seberang Perai Selatan,male,665.0,7.165948275862069
2020-01-01,Pulau Pinang,Seberang Perai Tengah,both,2297.0,5.430260047281324
2020-01-01,Pulau Pinang,Seberang Perai Tengah,female,972.0,4.901664145234493
2020-01-01,Pulau Pinang,Seberang Perai Tengah,male,1325.0,5.896751223854028
2020-01-01,Pulau Pinang,Seberang Perai Utara,both,2156.0,6.358006487761722
2020-01-01,Pulau Pinang,Seberang Perai Utara,female,951.0,5.70828331332533
2020-01-01,Pulau Pinang,Seberang Perai Utara,male,1205.0,6.989559164733178
2020-01-01,Pulau Pinang,Timur Laut,both,3912.0,7.028386633129716
2020-01-01,Pulau Pinang,Timur Laut,female,1762.0,6.4283108354615095
2020-01-01,Pulau Pinang,Timur Laut,male,2150.0,7.613314447592068
2021-01-01,Pulau Pinang,Barat Daya,both,1749.0,7.333333333333333
2021-01-01,Pulau Pinang,Barat Daya,female,761.0,6.460101867572156
2021-01-01,Pulau Pinang,Barat Daya,male,988.0,8.178807947019868
2021-01-01,Pulau Pinang,Seberang Perai Selatan,both,1498.0,8.032171581769436
2021-01-01,Pulau Pinang,Seberang Perai Selatan,female,632.0,6.803013993541442
2021-01-01,Pulau Pinang,Seberang Perai Selatan,male,866.0,9.252136752136751
2021-01-01,Pulau Pinang,Seberang Perai Tengah,both,2901.0,6.880929791271347
2021-01-01,Pulau Pinang,Seberang Perai Tengah,female,1300.0,6.559031281533804
2021-01-01,Pulau Pinang,Seberang Perai Tengah,male,1601.0,7.1697268248992385
2021-01-01,Pulau Pinang,Seberang Perai Utara,both,2691.0,7.919364331959976
2021-01-01,Pulau Pinang,Seberang Perai Utara,female,1181.0,7.063397129186604
2021-01-01,Pulau Pinang,Seberang Perai Utara,male,1510.0,8.748551564310544
2021-01-01,Pulau Pinang,Timur Laut,both,5139.0,9.282875722543352
2021-01-01,Pulau Pinang,Timur Laut,female,2323.0,8.521643433602348
2021-01-01,Pulau Pinang,Timur Laut,male,2816.0,10.02135231316726
2022-01-01,Pulau Pinang,Barat Daya,both,1546.0,6.452420701168615
2022-01-01,Pulau Pinang,Barat Daya,female,691.0,5.836148648648648
2022-01-01,Pulau Pinang,Barat Daya,male,855.0,7.054455445544554
2022-01-01,Pulau Pinang,Seberang Perai Selatan,both,1458.0,7.859838274932614
2022-01-01,Pulau Pinang,Seberang Perai Selatan,female,601.0,6.532608695652174
2022-01-01,Pulau Pinang,Seberang Perai Selatan,male,857.0,9.16577540106952
2022-01-01,Pulau Pinang,Seberang Perai Tengah,both,2836.0,6.707663197729422
2022-01-01,Pulau Pinang,Seberang Perai Tengah,female,1182.0,5.939698492462312
2022-01-01,Pulau Pinang,Seberang Perai Tengah,male,1654.0,7.393831023692446
2022-01-01,Pulau Pinang,Seberang Perai Utara,both,2534.0,7.424553179021388
2022-01-01,Pulau Pinang,Seberang Perai Utara,female,1144.0,6.809523809523809
2022-01-01,Pulau Pinang,Seberang Perai Utara,male,1390.0,8.020773225620312
2022-01-01,Pulau Pinang,Timur Laut,both,4546.0,8.238492207321494
2022-01-01,Pulau Pinang,Timur Laut,female,1964.0,7.207339449541284
2022-01-01,Pulau Pinang,Timur Laut,male,2582.0,9.24453992123165
2023-01-01,Pulau Pinang,Barat Daya,both,1467.0,6.007371007371008
2023-01-01,Pulau Pinang,Barat Daya,female,659.0,5.432811211871393
2023-01-01,Pulau Pinang,Barat Daya,male,808.0,6.574450772986167
2023-01-01,Pulau Pinang,Seberang Perai Selatan,both,1362.0,7.291220556745181
2023-01-01,Pulau Pinang,Seberang Perai Selatan,female,587.0,6.332254584681769
2023-01-01,Pulau Pinang,Seberang Perai Selatan,male,775.0,8.235919234856537
2023-01-01,Pulau Pinang,Seberang Perai Tengah,both,2740.0,6.320645905420992
2023-01-01,Pulau Pinang,Seberang Perai Tengah,female,1160.0,5.717102020699852
2023-01-01,Pulau Pinang,Seberang Perai Tengah,male,1580.0,6.8487212830515825
2023-01-01,Pulau Pinang,Seberang Perai Utara,both,2442.0,7.045585689555684
2023-01-01,Pulau Pinang,Seberang Perai Utara,female,1036.0,6.07981220657277
2023-01-01,Pulau Pinang,Seberang Perai Utara,male,1406.0,7.979568671963678
2023-01-01,Pulau Pinang,Timur Laut,both,4293.0,7.644230769230769
2023-01-01,Pulau Pinang,Timur Laut,female,2011.0,7.262549656915855
2023-01-01,Pulau Pinang,Timur Laut,male,2282.0,8.015454864769934
2024-01-01,Pulau Pinang,Barat Daya,both,1572.0,6.3
2024-01-01,Pulau Pinang,Barat Daya,female,688.0,5.6
2024-01-01,Pulau Pinang,Barat Daya,male,884.0,7.1
2024-01-01,Pulau Pinang,Seberang Perai Selatan,both,1380.0,7.3
2024-01-01,Pulau Pinang,Seberang Perai Selatan,female,562.0,6.0
2024-01-01,Pulau Pinang,Seberang Perai Selatan,male,818.0,8.6
2024-01-01,Pulau Pinang,Seberang Perai Tengah,both,2858.0,6.4
2024-01-01,Pulau Pinang,Seberang Perai Tengah,female,1267.0,6.1
2024-01-01,Pulau Pinang,Seberang Perai Tengah,male,1591.0,6.7
2024-01-01,Pulau Pinang,Seberang Perai Utara,both,2574.0,7.3
2024-01-01,Pulau Pinang,Seberang Perai Utara,female,1119.0,6.5
2024-01-01,Pulau Pinang,Seberang Perai Utara,male,1455.0,8.2
2024-01-01,Pulau Pinang,Timur Laut,both,4344.0,7.6
2024-01-01,Pulau Pinang,Timur Laut,female,1980.0,7.1
2024-01-01,Pulau Pinang,Timur Laut,male,2364.0,8.2
2020-01-01,Sabah,Beaufort,both,549.0,7.252311756935271
2020-01-01,Sabah,Beaufort,female,234.0,6.324324324324325
2020-01-01,Sabah,Beaufort,male,315.0,8.11855670103093
2020-01-01,Sabah,Beluran,both,352.0,4.56549935149157
2020-01-01,Sabah,Beluran,female,138.0,3.887323943661972
2020-01-01,Sabah,Beluran,male,214.0,5.13189448441247
2020-01-01,Sabah,Keningau,both,688.0,4.559310801855533
2020-01-01,Sabah,Keningau,female,299.0,4.095890410958904
2020-01-01,Sabah,Keningau,male,389.0,4.987179487179487
2020-01-01,Sabah,Kinabatangan,both,166.0,1.1600279524807826
2020-01-01,Sabah,Kinabatangan,female,67.0,1.0551181102362204
2020-01-01,Sabah,Kinabatangan,male,99.0,1.2437185929648242
2020-01-01,Sabah,Kota Belud,both,793.0,7.397388059701492
2020-01-01,Sabah,Kota Belud,female,317.0,5.947467166979362
2020-01-01,Sabah,Kota Belud,male,476.0,8.831168831168831
2020-01-01,Sabah,Kota Kinabalu,both,1879.0,3.754996003197442
2020-01-01,Sabah,Kota Kinabalu,female,746.0,3.0611407468198606
2020-01-01,Sabah,Kota Kinabalu,male,1133.0,4.413712504869498
2020-01-01,Sabah,Kota Marudu,both,505.0,7.266187050359712
2020-01-01,Sabah,Kota Marudu,female,194.0,5.739644970414202
2020-01-01,Sabah,Kota Marudu,male,311.0,8.711484593837534
2020-01-01,Sabah,Kuala Penyu,both,196.0,8.270042194092827
2020-01-01,Sabah,Kuala Penyu,female,79.0,6.694915254237288
2020-01-01,Sabah,Kuala Penyu,male,117.0,9.831932773109244
2020-01-01,Sabah,Kudat,both,527.0,6.099537037037036
2020-01-01,Sabah,Kudat,female,203.0,4.776470588235294
2020-01-01,Sabah,Kudat,male,324.0,7.380410022779044
2020-01-01,Sabah,Kunak,both,187.0,2.714078374455733
2020-01-01,Sabah,Kunak,female,76.0,2.3974763406940065
2020-01-01,Sabah,Kunak,male,111.0,2.983870967741935
2020-01-01,Sabah,Lahad Datu,both,659.0,2.8764731558271497
2020-01-01,Sabah,Lahad Datu,female,242.0,2.255358807082945
2020-01-01,Sabah,Lahad Datu,male,417.0,3.4236453201970445
2020-01-01,Sabah,Nabawan,both,123.0,4.3462897526501765
2020-01-01,Sabah,Nabawan,female,48.0,3.6090225563909777
2020-01-01,Sabah,Nabawan,male,75.0,4.966887417218543
2020-01-01,Sabah,Papar,both,790.0,5.242203052422031
2020-01-01,Sabah,Papar,female,344.0,4.784422809457579
2020-01-01,Sabah,Papar,male,446.0,5.659898477157361
2020-01-01,Sabah,Penampang,both,516.0,3.181257706535142
2020-01-01,Sabah,Penampang,female,223.0,2.918848167539267
2020-01-01,Sabah,Penampang,male,293.0,3.414918414918415
2020-01-01,Sabah,Pitas,both,323.0,8.80108991825613
2020-01-01,Sabah,Pitas,female,138.0,7.796610169491526
2020-01-01,Sabah,Pitas,male,185.0,9.78835978835979
2020-01-01,Sabah,Putatan,both,298.0,4.3313953488372094
2020-01-01,Sabah,Putatan,female,112.0,3.373493975903614
2020-01-01,Sabah,Putatan,male,186.0,5.224719101123595
2020-01-01,Sabah,Ranau,both,577.0,6.780258519388955
2020-01-01,Sabah,Ranau,female,250.0,6.082725060827251
2020-01-01,Sabah,Ranau,male,327.0,7.431818181818182
2020-01-01,Sabah,Sandakan,both,1709.0,3.892051924390799
2020-01-01,Sabah,Sandakan,female,686.0,3.220657276995305
2020-01-01,Sabah,Sandakan,male,1023.0,4.5265486725663715
2020-01-01,Sabah,Semporna,both,675.0,4.051620648259304
2020-01-01,Sabah,Semporna,female,289.0,3.5591133004926108
2020-01-01,Sabah,Semporna,male,386.0,4.519906323185012
2020-01-01,Sabah,Sipitang,both,204.0,5.396825396825397
2020-01-01,Sabah,Sipitang,female,64.0,3.5164835164835164
2020-01-01,Sabah,Sipitang,male,140.0,7.106598984771574
2020-01-01,Sabah,Tambunan,both,246.0,7.784810126582278
2020-01-01,Sabah,Tambunan,female,108.0,6.967741935483871
2020-01-01,Sabah,Tambunan,male,138.0,8.571428571428571
2020-01-01,Sabah,Tawau,both,1408.0,3.778851315083199
2020-01-01,Sabah,Tawau,female,566.0,3.1744251261918115
2020-01-01,Sabah,Tawau,male,842.0,4.333504889346371
2020-01-01,Sabah,Tenom,both,304.0,5.9259259259259265
2020-01-01,Sabah,Tenom,female,125.0,5.0
2020-01-01,Sabah,Tenom,male,179.0,6.78030303030303
2020-01-01,Sabah,Tongod,both,118.0,2.7634660421545667
2020-01-01,Sabah,Tongod,female,41.0,2.0918367346938775
2020-01-01,Sabah,Tongod,male,77.0,3.333333333333333
2020-01-01,Sabah,Tuaran,both,837.0,6.1680176860722185
2020-01-01,Sabah,Tuaran,female,360.0,5.389221556886228
2020-01-01,Sabah,Tuaran,male,477.0,6.9230769230769225
2021-01-01,Sabah,Beaufort,both,719.0,9.398692810457517
2021-01-01,Sabah,Beaufort,female,288.0,7.82608695652174
2021-01-01,Sabah,Beaufort,male,431.0,10.883838383838384
2021-01-01,Sabah,Beluran,both,349.0,4.3354037267080745
2021-01-01,Sabah,Beluran,female,152.0,4.119241192411924
2021-01-01,Sabah,Beluran,male,197.0,4.5183486238532105
2021-01-01,Sabah,Kalabakan,both,124.0,2.47011952191235
2021-01-01,Sabah,Kalabakan,female,53.0,2.3451327433628317
2021-01-01,Sabah,Kalabakan,male,71.0,2.563176895306859
2021-01-01,Sabah,Keningau,both,953.0,6.302910052910053
2021-01-01,Sabah,Keningau,female,408.0,5.5813953488372094
2021-01-01,Sabah,Keningau,male,545.0,6.978233034571063
2021-01-01,Sabah,Kinabatangan,both,270.0,1.9940915805022157
2021-01-01,Sabah,Kinabatangan,female,113.0,1.8801996672212975
2021-01-01,Sabah,Kinabatangan,male,157.0,2.0849933598937582
2021-01-01,Sabah,Kota Belud,both,866.0,7.981566820276497
2021-01-01,Sabah,Kota Belud,female,408.0,7.569573283858999
2021-01-01,Sabah,Kota Belud,male,458.0,8.388278388278389
2021-01-01,Sabah,Kota Kinabalu,both,2161.0,4.3533440773569705
2021-01-01,Sabah,Kota Kinabalu,female,898.0,3.713813068651778
2021-01-01,Sabah,Kota Kinabalu,male,1263.0,4.960722702278083
2021-01-01,Sabah,Kota Marudu,both,621.0,8.833570412517782
2021-01-01,Sabah,Kota Marudu,female,258.0,7.5438596491228065
2021-01-01,Sabah,Kota Marudu,male,363.0,10.055401662049862
2021-01-01,Sabah,Kuala Penyu,both,254.0,10.76271186440678
2021-01-01,Sabah,Kuala Penyu,female,103.0,8.803418803418804
2021-01-01,Sabah,Kuala Penyu,male,151.0,12.583333333333334
2021-01-01,Sabah,Kudat,both,755.0,8.78928987194412
2021-01-01,Sabah,Kudat,female,333.0,7.872340425531916
2021-01-01,Sabah,Kudat,male,422.0,9.65675057208238
2021-01-01,Sabah,Kunak,both,261.0,3.8955223880597014
2021-01-01,Sabah,Kunak,female,128.0,4.142394822006473
2021-01-01,Sabah,Kunak,male,133.0,3.6842105263157894
2021-01-01,Sabah,Lahad Datu,both,956.0,4.099485420240137
2021-01-01,Sabah,Lahad Datu,female,412.0,3.772893772893773
2021-01-01,Sabah,Lahad Datu,male,544.0,4.387096774193548
2021-01-01,Sabah,Nabawan,both,174.0,6.062717770034843
2021-01-01,Sabah,Nabawan,female,77.0,5.703703703703703
2021-01-01,Sabah,Nabawan,male,97.0,6.381578947368421
2021-01-01,Sabah,Papar,both,1054.0,6.96629213483146
2021-01-01,Sabah,Papar,female,462.0,6.534653465346534
2021-01-01,Sabah,Papar,male,592.0,7.344913151364765
2021-01-01,Sabah,Penampang,both,854.0,5.16012084592145
2021-01-01,Sabah,Penampang,female,331.0,4.265463917525773
2021-01-01,Sabah,Penampang,male,523.0,5.949943117178612
2021-01-01,Sabah,Pitas,both,391.0,10.539083557951482
2021-01-01,Sabah,Pitas,female,167.0,9.27777777777778
2021-01-01,Sabah,Pitas,male,224.0,11.666666666666668
2021-01-01,Sabah,Putatan,both,404.0,5.8381502890173405
2021-01-01,Sabah,Putatan,female,180.0,5.471124620060791
2021-01-01,Sabah,Putatan,male,224.0,6.1707988980716255
2021-01-01,Sabah,Ranau,both,564.0,6.527777777777778
2021-01-01,Sabah,Ranau,female,238.0,5.707434052757794
2021-01-01,Sabah,Ranau,male,326.0,7.293064876957493
2021-01-01,Sabah,Sandakan,both,2097.0,4.853043277019208
2021-01-01,Sabah,Sandakan,female,877.0,4.180171591992374
2021-01-01,Sabah,Sandakan,male,1220.0,5.488079172289698
2021-01-01,Sabah,Semporna,both,793.0,4.943890274314215
2021-01-01,Sabah,Semporna,female,382.0,4.884910485933504
2021-01-01,Sabah,Semporna,male,411.0,5.0
2021-01-01,Sabah,Sipitang,both,274.0,7.306666666666667
2021-01-01,Sabah,Sipitang,female,127.0,7.055555555555555
2021-01-01,Sabah,Sipitang,male,147.0,7.538461538461538
2021-01-01,Sabah,Tambunan,both,229.0,7.2239747634069404
2021-01-01,Sabah,Tambunan,female,94.0,6.0256410256410255
2021-01-01,Sabah,Tambunan,male,135.0,8.333333333333334
2021-01-01,Sabah,Tawau,both,1984.0,5.304812834224599
2021-01-01,Sabah,Tawau,female,803.0,4.488541084404695
2021-01-01,Sabah,Tawau,male,1181.0,6.056410256410256
2021-01-01,Sabah,Telupid,both,116.0,3.918918918918919
2021-01-01,Sabah,Telupid,female,35.0,2.6119402985074625
2021-01-01,Sabah,Telupid,male,81.0,5.0
2021-01-01,Sabah,Tenom,both,468.0,9.069767441860463
2021-01-01,Sabah,Tenom,female,206.0,8.207171314741036
2021-01-01,Sabah,Tenom,male,262.0,9.88679245283019
2021-01-01,Sabah,Tongod,both,151.0,3.5781990521327014
2021-01-01,Sabah,Tongod,female,67.0,3.453608247422681
2021-01-01,Sabah,Tongod,male,84.0,3.6842105263157894
2021-01-01,Sabah,Tuaran,both,1031.0,7.553113553113553
2021-01-01,Sabah,Tuaran,female,482.0,7.183308494783906
2021-01-01,Sabah,Tuaran,male,549.0,7.910662824207492
2022-01-01,Sabah,Beaufort,both,729.0,9.579500657030223
2022-01-01,Sabah,Beaufort,female,311.0,8.474114441416893
2022-01-01,Sabah,Beaufort,male,418.0,10.609137055837564
2022-01-01,Sabah,Beluran,both,302.0,3.958060288335518
2022-01-01,Sabah,Beluran,female,136.0,3.8636363636363633
2022-01-01,Sabah,Beluran,male,166.0,4.038929440389294
2022-01-01,Sabah,Kalabakan,both,94.0,2.017167381974249
2022-01-01,Sabah,Kalabakan,female,26.0,1.238095238095238
2022-01-01,Sabah,Kalabakan,male,68.0,2.65625
2022-01-01,Sabah,Keningau,both,831.0,5.424281984334204
2022-01-01,Sabah,Keningau,female,335.0,4.520917678812416
2022-01-01,Sabah,Keningau,male,496.0,6.27054361567636
2022-01-01,Sabah,Kinabatangan,both,266.0,1.9261404779145548
2022-01-01,Sabah,Kinabatangan,female,89.0,1.4495114006514658
2022-01-01,Sabah,Kinabatangan,male,177.0,2.3046875
2022-01-01,Sabah,Kota Belud,both,812.0,7.497691597414589
2022-01-01,Sabah,Kota Belud,female,352.0,6.530612244897959
2022-01-01,Sabah,Kota Belud,male,460.0,8.455882352941178
2022-01-01,Sabah,Kota Kinabalu,both,2067.0,4.127396166134186
2022-01-01,Sabah,Kota Kinabalu,female,910.0,3.731037310373104
2022-01-01,Sabah,Kota Kinabalu,male,1157.0,4.503697936940444
2022-01-01,Sabah,Kota Marudu,both,577.0,8.115330520393812
2022-01-01,Sabah,Kota Marudu,female,221.0,6.368876080691642
2022-01-01,Sabah,Kota Marudu,male,356.0,9.78021978021978
2022-01-01,Sabah,Kuala Penyu,both,277.0,11.68776371308017
2022-01-01,Sabah,Kuala Penyu,female,111.0,9.406779661016948
2022-01-01,Sabah,Kuala Penyu,male,166.0,13.833333333333334
2022-01-01,Sabah,Kudat,both,607.0,6.953035509736541
2022-01-01,Sabah,Kudat,female,245.0,5.710955710955711
2022-01-01,Sabah,Kudat,male,362.0,8.17155756207675
2022-01-01,Sabah,Kunak,both,274.0,4.041297935103245
2022-01-01,Sabah,Kunak,female,120.0,3.8338658146964857
2022-01-01,Sabah,Kunak,male,154.0,4.2076502732240435
2022-01-01,Sabah,Lahad Datu,both,853.0,3.75936535918907
2022-01-01,Sabah,Lahad Datu,female,361.0,3.3896713615023475
2022-01-01,Sabah,Lahad Datu,male,492.0,4.08298755186722
2022-01-01,Sabah,Nabawan,both,148.0,5.068493150684931
2022-01-01,Sabah,Nabawan,female,65.0,4.7101449275362315
2022-01-01,Sabah,Nabawan,male,83.0,5.354838709677419
2022-01-01,Sabah,Papar,both,972.0,6.369593709043251
2022-01-01,Sabah,Papar,female,395.0,5.539971949509116
2022-01-01,Sabah,Papar,male,577.0,7.097170971709717
2022-01-01,Sabah,Penampang,both,849.0,5.202205882352941
2022-01-01,Sabah,Penampang,female,332.0,4.306095979247731
2022-01-01,Sabah,Penampang,male,517.0,6.004645760743322
2022-01-01,Sabah,Pitas,both,317.0,8.498659517426274
2022-01-01,Sabah,Pitas,female,148.0,8.176795580110497
2022-01-01,Sabah,Pitas,male,169.0,8.802083333333334
2022-01-01,Sabah,Putatan,both,335.0,4.841040462427745
2022-01-01,Sabah,Putatan,female,105.0,3.1914893617021276
2022-01-01,Sabah,Putatan,male,230.0,6.336088154269973
2022-01-01,Sabah,Ranau,both,567.0,6.570104287369641
2022-01-01,Sabah,Ranau,female,231.0,5.526315789473685
2022-01-01,Sabah,Ranau,male,336.0,7.550561797752809
2022-01-01,Sabah,Sandakan,both,1763.0,4.0500804043188605
2022-01-01,Sabah,Sandakan,female,793.0,3.765432098765432
2022-01-01,Sabah,Sandakan,male,970.0,4.316866933689364
2022-01-01,Sabah,Semporna,both,780.0,4.71584038694075
2022-01-01,Sabah,Semporna,female,337.0,4.181141439205955
2022-01-01,Sabah,Semporna,male,443.0,5.224056603773585
2022-01-01,Sabah,Sipitang,both,315.0,8.26771653543307
2022-01-01,Sabah,Sipitang,female,145.0,7.923497267759562
2022-01-01,Sabah,Sipitang,male,170.0,8.542713567839197
2022-01-01,Sabah,Tambunan,both,295.0,9.190031152647975
2022-01-01,Sabah,Tambunan,female,139.0,8.797468354430379
2022-01-01,Sabah,Tambunan,male,156.0,9.570552147239264
2022-01-01,Sabah,Tawau,both,1626.0,4.399350649350649
2022-01-01,Sabah,Tawau,female,674.0,3.803611738148984
2022-01-01,Sabah,Tawau,male,952.0,4.945454545454545
2022-01-01,Sabah,Telupid,both,125.0,4.325259515570934
2022-01-01,Sabah,Telupid,female,43.0,3.282442748091603
2022-01-01,Sabah,Telupid,male,82.0,5.222929936305733
2022-01-01,Sabah,Tenom,both,479.0,9.211538461538462
2022-01-01,Sabah,Tenom,female,193.0,7.628458498023715
2022-01-01,Sabah,Tenom,male,286.0,10.711610486891386
2022-01-01,Sabah,Tongod,both,132.0,3.1279620853080567
2022-01-01,Sabah,Tongod,female,44.0,2.2680412371134024
2022-01-01,Sabah,Tongod,male,88.0,3.8596491228070176
2022-01-01,Sabah,Tuaran,both,1003.0,7.315827862873815
2022-01-01,Sabah,Tuaran,female,450.0,6.6765578635014835
2022-01-01,Sabah,Tuaran,male,553.0,7.934002869440459
2023-01-01,Sabah,Beaufort,both,661.0,8.584415584415584
2023-01-01,Sabah,Beaufort,female,282.0,7.580645161290322
2023-01-01,Sabah,Beaufort,male,379.0,9.49874686716792
2023-01-01,Sabah,Beluran,both,350.0,4.171632896305125
2023-01-01,Sabah,Beluran,female,147.0,3.828125
2023-01-01,Sabah,Beluran,male,203.0,4.461538461538462
2023-01-01,Sabah,Kalabakan,both,129.0,2.4202626641651035
2023-01-01,Sabah,Kalabakan,female,52.0,2.1666666666666665
2023-01-01,Sabah,Kalabakan,male,77.0,2.627986348122867
2023-01-01,Sabah,Keningau,both,817.0,5.233824471492633
2023-01-01,Sabah,Keningau,female,320.0,4.2328042328042335
2023-01-01,Sabah,Keningau,male,497.0,6.173913043478261
2023-01-01,Sabah,Kinabatangan,both,244.0,1.636485580147552
2023-01-01,Sabah,Kinabatangan,female,96.0,1.4501510574018126
2023-01-01,Sabah,Kinabatangan,male,148.0,1.7852834740651389
2023-01-01,Sabah,Kota Belud,both,768.0,7.007299270072993
2023-01-01,Sabah,Kota Belud,female,358.0,6.568807339449541
2023-01-01,Sabah,Kota Belud,male,410.0,7.441016333938294
2023-01-01,Sabah,Kota Kinabalu,both,1831.0,3.482975080844588
2023-01-01,Sabah,Kota Kinabalu,female,737.0,2.8867998433215822
2023-01-01,Sabah,Kota Kinabalu,male,1094.0,4.045857988165681
2023-01-01,Sabah,Kota Marudu,both,525.0,7.251381215469613
2023-01-01,Sabah,Kota Marudu,female,224.0,6.3456090651558075
2023-01-01,Sabah,Kota Marudu,male,301.0,8.11320754716981
2023-01-01,Sabah,Kuala Penyu,both,302.0,12.479338842975206
2023-01-01,Sabah,Kuala Penyu,female,128.0,10.666666666666666
2023-01-01,Sabah,Kuala Penyu,male,174.0,14.262295081967212
2023-01-01,Sabah,Kudat,both,583.0,6.427783902976847
2023-01-01,Sabah,Kudat,female,227.0,5.089686098654709
2023-01-01,Sabah,Kudat,male,356.0,7.72234273318872
2023-01-01,Sabah,Kunak,both,250.0,3.2808398950131235
2023-01-01,Sabah,Kunak,female,105.0,3.008595988538682
2023-01-01,Sabah,Kunak,male,145.0,3.519417475728155
2023-01-01,Sabah,Lahad Datu,both,770.0,3.180503923998348
2023-01-01,Sabah,Lahad Datu,female,319.0,2.8130511463844794
2023-01-01,Sabah,Lahad Datu,male,451.0,3.5042735042735047
2023-01-01,Sabah,Nabawan,both,150.0,4.983388704318936
2023-01-01,Sabah,Nabawan,female,52.0,3.687943262411347
2023-01-01,Sabah,Nabawan,male,98.0,6.125
2023-01-01,Sabah,Papar,both,1051.0,6.789405684754522
2023-01-01,Sabah,Papar,female,469.0,6.48686030428769
2023-01-01,Sabah,Papar,male,582.0,7.054545454545455
2023-01-01,Sabah,Penampang,both,731.0,4.406268836648583
2023-01-01,Sabah,Penampang,female,321.0,4.1101152368758
2023-01-01,Sabah,Penampang,male,410.0,4.67502850627138
2023-01-01,Sabah,Pitas,both,398.0,10.473684210526317
2023-01-01,Sabah,Pitas,female,167.0,9.07608695652174
2023-01-01,Sabah,Pitas,male,231.0,11.785714285714285
2023-01-01,Sabah,Putatan,both,346.0,4.928774928774929
2023-01-01,Sabah,Putatan,female,133.0,3.970149253731343
2023-01-01,Sabah,Putatan,male,213.0,5.78804347826087
2023-01-01,Sabah,Ranau,both,550.0,6.285714285714286
2023-01-01,Sabah,Ranau,female,234.0,5.518867924528302
2023-01-01,Sabah,Ranau,male,316.0,6.991150442477876
2023-01-01,Sabah,Sandakan,both,1714.0,3.6437074829931975
2023-01-01,Sabah,Sandakan,female,714.0,3.146760687527545
2023-01-01,Sabah,Sandakan,male,1000.0,4.1067761806981515
2023-01-01,Sabah,Semporna,both,791.0,4.252688172043011
2023-01-01,Sabah,Semporna,female,336.0,3.712707182320442
2023-01-01,Sabah,Semporna,male,455.0,4.7643979057591626
2023-01-01,Sabah,Sipitang,both,250.0,6.34517766497462
2023-01-01,Sabah,Sipitang,female,124.0,6.595744680851063
2023-01-01,Sabah,Sipitang,male,126.0,6.146341463414634
2023-01-01,Sabah,Tambunan,both,271.0,8.287461773700304
2023-01-01,Sabah,Tambunan,female,112.0,6.956521739130435
2023-01-01,Sabah,Tambunan,male,159.0,9.578313253012048
2023-01-01,Sabah,Tawau,both,1494.0,3.7899543378995433
2023-01-01,Sabah,Tawau,female,613.0,3.2502651113467658
2023-01-01,Sabah,Tawau,male,881.0,4.2871046228710465
2023-01-01,Sabah,Telupid,both,98.0,3.2343234323432344
2023-01-01,Sabah,Telupid,female,21.0,1.5217391304347825
2023-01-01,Sabah,Telupid,male,77.0,4.666666666666667
2023-01-01,Sabah,Tenom,both,391.0,7.391304347826087
2023-01-01,Sabah,Tenom,female,184.0,7.159533073929961
2023-01-01,Sabah,Tenom,male,207.0,7.610294117647059
2023-01-01,Sabah,Tongod,both,146.0,3.3181818181818183
2023-01-01,Sabah,Tongod,female,51.0,2.5247524752475248
2023-01-01,Sabah,Tongod,male,95.0,3.991596638655462
2023-01-01,Sabah,Tuaran,both,999.0,7.135714285714286
2023-01-01,Sabah,Tuaran,female,404.0,5.863570391872278
2023-01-01,Sabah,Tuaran,male,595.0,8.368495077355837
2024-01-01,Sabah,Beaufort,both,663.0,8.5
2024-01-01,Sabah,Beaufort,female,297.0,7.9
2024-01-01,Sabah,Beaufort,male,366.0,9.1
2024-01-01,Sabah,Beluran,both,373.0,4.1
2024-01-01,Sabah,Beluran,female,170.0,4.1
2024-01-01,Sabah,Beluran,male,203.0,4.1
2024-01-01,Sabah,Kalabakan,both,133.0,2.3
2024-01-01,Sabah,Kalabakan,female,56.0,2.1
2024-01-01,Sabah,Kalabakan,male,77.0,2.4
2024-01-01,Sabah,Keningau,both,794.0,5.0
2024-01-01,Sabah,Keningau,female,318.0,4.2
2024-01-01,Sabah,Keningau,male,476.0,5.8
2024-01-01,Sabah,Kinabatangan,both,262.0,1.6
2024-01-01,Sabah,Kinabatangan,female,114.0,1.6
2024-01-01,Sabah,Kinabatangan,male,148.0,1.6
2024-01-01,Sabah,Kota Belud,both,732.0,6.6
2024-01-01,Sabah,Kota Belud,female,352.0,6.4
2024-01-01,Sabah,Kota Belud,male,380.0,6.8
2024-01-01,Sabah,Kota Kinabalu,both,2323.0,4.2
2024-01-01,Sabah,Kota Kinabalu,female,939.0,3.5
2024-01-01,Sabah,Kota Kinabalu,male,1384.0,4.9
2024-01-01,Sabah,Kota Marudu,both,503.0,6.8
2024-01-01,Sabah,Kota Marudu,female,189.0,5.3
2024-01-01,Sabah,Kota Marudu,male,314.0,8.3
2024-01-01,Sabah,Kuala Penyu,both,166.0,6.8
2024-01-01,Sabah,Kuala Penyu,female,63.0,5.2
2024-01-01,Sabah,Kuala Penyu,male,103.0,8.3
2024-01-01,Sabah,Kudat,both,619.0,6.6
2024-01-01,Sabah,Kudat,female,244.0,5.3
2024-01-01,Sabah,Kudat,male,375.0,7.9
2024-01-01,Sabah,Kunak,both,254.0,3.2
2024-01-01,Sabah,Kunak,female,96.0,2.6
2024-01-01,Sabah,Kunak,male,158.0,3.7
2024-01-01,Sabah,Lahad Datu,both,790.0,3.1
2024-01-01,Sabah,Lahad Datu,female,334.0,2.8
2024-01-01,Sabah,Lahad Datu,male,456.0,3.4
2024-01-01,Sabah,Nabawan,both,105.0,3.4
2024-01-01,Sabah,Nabawan,female,38.0,2.6
2024-01-01,Sabah,Nabawan,male,67.0,4.1
2024-01-01,Sabah,Papar,both,881.0,5.6
2024-01-01,Sabah,Papar,female,361.0,4.9
2024-01-01,Sabah,Papar,male,520.0,6.2
2024-01-01,Sabah,Penampang,both,636.0,3.8
2024-01-01,Sabah,Penampang,female,268.0,3.4
2024-01-01,Sabah,Penampang,male,368.0,4.1
2024-01-01,Sabah,Pitas,both,282.0,7.3
2024-01-01,Sabah,Pitas,female,137.0,7.3
2024-01-01,Sabah,Pitas,male,145.0,7.3
2024-01-01,Sabah,Putatan,both,293.0,4.1
2024-01-01,Sabah,Putatan,female,130.0,3.8
2024-01-01,Sabah,Putatan,male,163.0,4.4
2024-01-01,Sabah,Ranau,both,676.0,7.6
2024-01-01,Sabah,Ranau,female,257.0,6.0
2024-01-01,Sabah,Ranau,male,419.0,9.2
2024-01-01,Sabah,Sandakan,both,1706.0,3.4
2024-01-01,Sabah,Sandakan,female,671.0,2.8
2024-01-01,Sabah,Sandakan,male,1035.0,4.0
2024-01-01,Sabah,Semporna,both,780.0,3.9
2024-01-01,Sabah,Semporna,female,336.0,3.5
2024-01-01,Sabah,Semporna,male,444.0,4.3
2024-01-01,Sabah,Sipitang,both,203.0,5.0
2024-01-01,Sabah,Sipitang,female,80.0,4.1
2024-01-01,Sabah,Sipitang,male,123.0,5.8
2024-01-01,Sabah,Tambunan,both,225.0,6.8
2024-01-01,Sabah,Tambunan,female,98.0,6.0
2024-01-01,Sabah,Tambunan,male,127.0,7.5
2024-01-01,Sabah,Tawau,both,1592.0,3.8
2024-01-01,Sabah,Tawau,female,630.0,3.2
2024-01-01,Sabah,Tawau,male,962.0,4.5
2024-01-01,Sabah,Telupid,both,71.0,2.3
2024-01-01,Sabah,Telupid,female,22.0,1.6
2024-01-01,Sabah,Telupid,male,49.0,2.9
2024-01-01,Sabah,Tenom,both,363.0,6.7
2024-01-01,Sabah,Tenom,female,156.0,6.0
2024-01-01,Sabah,Tenom,male,207.0,7.5
2024-01-01,Sabah,Tongod,both,134.0,3.0
2024-01-01,Sabah,Tongod,female,47.0,2.3
2024-01-01,Sabah,Tongod,male,87.0,3.6
2024-01-01,Sabah,Tuaran,both,913.0,6.4
2024-01-01,Sabah,Tuaran,female,397.0,5.7
2024-01-01,Sabah,Tuaran,male,516.0,7.2
2020-01-01,Sarawak,Asajaya,both,227.0,6.7559523809523805
2020-01-01,Sarawak,Asajaya,female,92.0,5.575757575757576
2020-01-01,Sarawak,Asajaya,male,135.0,7.894736842105263
2020-01-01,Sarawak,Bau,both,366.0,6.9581749049429655
2020-01-01,Sarawak,Bau,female,143.0,5.6521739130434785
2020-01-01,Sarawak,Bau,male,223.0,8.168498168498168
2020-01-01,Sarawak,Belaga,both,108.0,4.8
2020-01-01,Sarawak,Belaga,female,38.0,4.0
2020-01-01,Sarawak,Belaga,male,70.0,5.384615384615385
2020-01-01,Sarawak,Betong,both,488.0,13.4435261707989
2020-01-01,Sarawak,Betong,female,205.0,11.7816091954023
2020-01-01,Sarawak,Betong,male,283.0,14.973544973544977
2020-01-01,Sarawak,Bintulu,both,602.0,3.370660694288914
2020-01-01,Sarawak,Bintulu,female,222.0,2.7106227106227103
2020-01-01,Sarawak,Bintulu,male,380.0,3.929679420889349
2020-01-01,Sarawak,Dalat,both,183.0,8.672985781990521
2020-01-01,Sarawak,Dalat,female,82.0,8.03921568627451
2020-01-01,Sarawak,Dalat,male,101.0,9.26605504587156
2020-01-01,Sarawak,Daro,both,218.0,11.17948717948718
2020-01-01,Sarawak,Daro,female,101.0,11.348314606741573
2020-01-01,Sarawak,Daro,male,117.0,11.142857142857142
2020-01-01,Sarawak,Julau,both,139.0,9.084967320261438
2020-01-01,Sarawak,Julau,female,49.0,6.363636363636363
2020-01-01,Sarawak,Julau,male,90.0,11.842105263157896
2020-01-01,Sarawak,Kanowit,both,283.0,11.45748987854251
2020-01-01,Sarawak,Kanowit,female,125.0,10.080645161290322
2020-01-01,Sarawak,Kanowit,male,158.0,12.845528455284551
2020-01-01,Sarawak,Kapit,both,309.0,8.583333333333334
2020-01-01,Sarawak,Kapit,female,124.0,6.927374301675978
2020-01-01,Sarawak,Kapit,male,185.0,10.22099447513812
2020-01-01,Sarawak,Kuching,both,3142.0,5.15758371634931
2020-01-01,Sarawak,Kuching,female,1348.0,4.470978441127695
2020-01-01,Sarawak,Kuching,male,1794.0,5.830354241143971
2020-01-01,Sarawak,Lawas,both,204.0,5.573770491803279
2020-01-01,Sarawak,Lawas,female,91.0,5.083798882681565
2020-01-01,Sarawak,Lawas,male,113.0,6.042780748663102
2020-01-01,Sarawak,Limbang,both,274.0,6.075388026607539
2020-01-01,Sarawak,Limbang,female,124.0,5.662100456621005
2020-01-01,Sarawak,Limbang,male,150.0,6.4655172413793105
2020-01-01,Sarawak,Lubok Antu,both,218.0,8.861788617886178
2020-01-01,Sarawak,Lubok Antu,female,99.0,8.181818181818182
2020-01-01,Sarawak,Lubok Antu,male,119.0,9.52
2020-01-01,Sarawak,Lundu,both,209.0,6.2388059701492535
2020-01-01,Sarawak,Lundu,female,80.0,5.161290322580645
2020-01-01,Sarawak,Lundu,male,129.0,7.166666666666667
2020-01-01,Sarawak,Maradong,both,218.0,10.738916256157635
2020-01-01,Sarawak,Maradong,female,93.0,9.11764705882353
2020-01-01,Sarawak,Maradong,male,125.0,12.376237623762377
2020-01-01,Sarawak,Marudi,both,446.0,23.72340425531915
2020-01-01,Sarawak,Marudi,female,165.0,18.965517241379313
2020-01-01,Sarawak,Marudi,male,281.0,27.821782178217823
2020-01-01,Sarawak,Matu,both,119.0,7.300613496932515
2020-01-01,Sarawak,Matu,female,68.0,9.066666666666666
2020-01-01,Sarawak,Matu,male,51.0,5.795454545454545
2020-01-01,Sarawak,Miri,both,1537.0,6.175170751305745
2020-01-01,Sarawak,Miri,female,569.0,4.8098055790363485
2020-01-01,Sarawak,Miri,male,968.0,7.417624521072797
2020-01-01,Sarawak,Mukah,both,294.0,6.950354609929079
2020-01-01,Sarawak,Mukah,female,129.0,6.482412060301508
2020-01-01,Sarawak,Mukah,male,165.0,7.366071428571429
2020-01-01,Sarawak,Pakan,both,131.0,8.451612903225806
2020-01-01,Sarawak,Pakan,female,47.0,6.438356164383562
2020-01-01,Sarawak,Pakan,male,84.0,10.24390243902439
2020-01-01,Sarawak,Samarahan,both,273.0,2.127825409197194
2020-01-01,Sarawak,Samarahan,female,115.0,1.7397881996974285
2020-01-01,Sarawak,Samarahan,male,158.0,2.540192926045016
2020-01-01,Sarawak,Saratok,both,378.0,16.363636363636363
2020-01-01,Sarawak,Saratok,female,161.0,13.760683760683762
2020-01-01,Sarawak,Saratok,male,217.0,19.035087719298247
2020-01-01,Sarawak,Sarikei,both,376.0,8.545454545454545
2020-01-01,Sarawak,Sarikei,female,150.0,6.849315068493151
2020-01-01,Sarawak,Sarikei,male,226.0,10.226244343891402
2020-01-01,Sarawak,Selangau,both,116.0,5.858585858585858
2020-01-01,Sarawak,Selangau,female,49.0,5.104166666666667
2020-01-01,Sarawak,Selangau,male,67.0,6.568627450980393
2020-01-01,Sarawak,Serian,both,641.0,7.514654161781946
2020-01-01,Sarawak,Serian,female,278.0,6.698795180722891
2020-01-01,Sarawak,Serian,male,363.0,8.287671232876713
2020-01-01,Sarawak,Sibu,both,1501.0,6.049979846835954
2020-01-01,Sarawak,Sibu,female,627.0,5.21630615640599
2020-01-01,Sarawak,Sibu,male,874.0,6.838810641627544
2020-01-01,Sarawak,Simunjan,both,311.0,8.591160220994475
2020-01-01,Sarawak,Simunjan,female,146.0,8.538011695906432
2020-01-01,Sarawak,Simunjan,male,165.0,8.638743455497382
2020-01-01,Sarawak,Song,both,142.0,14.2
2020-01-01,Sarawak,Song,female,61.0,11.96078431372549
2020-01-01,Sarawak,Song,male,81.0,16.53061224489796
2020-01-01,Sarawak,Sri Aman,both,455.0,7.434640522875816
2020-01-01,Sarawak,Sri Aman,female,215.0,7.288135593220339
2020-01-01,Sarawak,Sri Aman,male,240.0,7.570977917981073
2020-01-01,Sarawak,Tatau,both,163.0,5.109717868338558
2020-01-01,Sarawak,Tatau,female,72.0,5.0
2020-01-01,Sarawak,Tatau,male,91.0,5.2
2021-01-01,Sarawak,Asajaya,both,277.0,8.19526627218935
2021-01-01,Sarawak,Asajaya,female,127.0,7.650602409638553
2021-01-01,Sarawak,Asajaya,male,150.0,8.670520231213873
2021-01-01,Sarawak,Bau,both,429.0,8.109640831758034
2021-01-01,Sarawak,Bau,female,152.0,5.96078431372549
2021-01-01,Sarawak,Bau,male,277.0,10.109489051094892
2021-01-01,Sarawak,Belaga,both,127.0,5.5701754385964914
2021-01-01,Sarawak,Belaga,female,47.0,4.845360824742269
2021-01-01,Sarawak,Belaga,male,80.0,6.106870229007634
2021-01-01,Sarawak,Beluru,both,202.0,6.89419795221843
2021-01-01,Sarawak,Beluru,female,75.0,5.555555555555555
2021-01-01,Sarawak,Beluru,male,127.0,8.037974683544304
2021-01-01,Sarawak,Betong,both,444.0,12.231404958677686
2021-01-01,Sarawak,Betong,female,186.0,10.628571428571428
2021-01-01,Sarawak,Betong,male,258.0,13.723404255319148
2021-01-01,Sarawak,Bintulu,both,594.0,3.3559322033898304
2021-01-01,Sarawak,Bintulu,female,217.0,2.6528117359413206
2021-01-01,Sarawak,Bintulu,male,377.0,3.960084033613445
2021-01-01,Sarawak,Bukit Mabong,both,108.0,10.485436893203882
2021-01-01,Sarawak,Bukit Mabong,female,60.0,14.634146341463415
2021-01-01,Sarawak,Bukit Mabong,male,48.0,7.6190476190476195
2021-01-01,Sarawak,Dalat,both,184.0,8.72037914691943
2021-01-01,Sarawak,Dalat,female,87.0,8.529411764705882
2021-01-01,Sarawak,Dalat,male,97.0,8.899082568807339
2021-01-01,Sarawak,Daro,both,178.0,9.128205128205128
2021-01-01,Sarawak,Daro,female,70.0,7.777777777777778
2021-01-01,Sarawak,Daro,male,108.0,10.285714285714286
2021-01-01,Sarawak,Julau,both,190.0,12.418300653594772
2021-01-01,Sarawak,Julau,female,81.0,10.51948051948052
2021-01-01,Sarawak,Julau,male,109.0,14.342105263157896
2021-01-01,Sarawak,Kabong,both,211.0,11.405405405405403
2021-01-01,Sarawak,Kabong,female,83.0,9.021739130434783
2021-01-01,Sarawak,Kabong,male,128.0,13.763440860215052
2021-01-01,Sarawak,Kanowit,both,406.0,16.437246963562753
2021-01-01,Sarawak,Kanowit,female,185.0,15.040650406504064
2021-01-01,Sarawak,Kanowit,male,221.0,17.967479674796746
2021-01-01,Sarawak,Kapit,both,380.0,10.555555555555555
2021-01-01,Sarawak,Kapit,female,174.0,9.720670391061454
2021-01-01,Sarawak,Kapit,male,206.0,11.38121546961326
2021-01-01,Sarawak,Kuching,both,3452.0,5.635918367346939
2021-01-01,Sarawak,Kuching,female,1480.0,4.879657105176393
2021-01-01,Sarawak,Kuching,male,1972.0,6.379812358460045
2021-01-01,Sarawak,Lawas,both,289.0,7.8319783197831985
2021-01-01,Sarawak,Lawas,female,110.0,6.111111111111111
2021-01-01,Sarawak,Lawas,male,179.0,9.52127659574468
2021-01-01,Sarawak,Limbang,both,342.0,7.549668874172186
2021-01-01,Sarawak,Limbang,female,138.0,6.2727272727272725
2021-01-01,Sarawak,Limbang,male,204.0,8.755364806866952
2021-01-01,Sarawak,Lubok Antu,both,295.0,11.94331983805668
2021-01-01,Sarawak,Lubok Antu,female,124.0,10.163934426229508
2021-01-01,Sarawak,Lubok Antu,male,171.0,13.68
2021-01-01,Sarawak,Lundu,both,241.0,7.1513353115727
2021-01-01,Sarawak,Lundu,female,103.0,6.560509554140127
2021-01-01,Sarawak,Lundu,male,138.0,7.666666666666667
2021-01-01,Sarawak,Maradong,both,265.0,12.990196078431373
2021-01-01,Sarawak,Maradong,female,115.0,11.27450980392157
2021-01-01,Sarawak,Maradong,male,150.0,14.851485148514852
2021-01-01,Sarawak,Marudi,both,191.0,9.947916666666668
2021-01-01,Sarawak,Marudi,female,74.0,8.314606741573034
2021-01-01,Sarawak,Marudi,male,117.0,11.359223300970871
2021-01-01,Sarawak,Matu,both,187.0,11.265060240963855
2021-01-01,Sarawak,Matu,female,78.0,10.263157894736842
2021-01-01,Sarawak,Matu,male,109.0,12.11111111111111
2021-01-01,Sarawak,Miri,both,1396.0,5.575079872204473
2021-01-01,Sarawak,Miri,female,558.0,4.681208053691275
2021-01-01,Sarawak,Miri,male,838.0,6.392067124332571
2021-01-01,Sarawak,Mukah,both,375.0,8.761682242990656
2021-01-01,Sarawak,Mukah,female,153.0,7.611940298507462
2021-01-01,Sarawak,Mukah,male,222.0,9.779735682819384
2021-01-01,Sarawak,Pakan,both,196.0,12.64516129032258
2021-01-01,Sarawak,Pakan,female,88.0,12.054794520547944
2021-01-01,Sarawak,Pakan,male,108.0,13.170731707317074
2021-01-01,Sarawak,Pusa,both,236.0,12.040816326530612
2021-01-01,Sarawak,Pusa,female,131.0,13.789473684210526
2021-01-01,Sarawak,Pusa,male,105.0,10.396039603960396
2021-01-01,Sarawak,Samarahan,both,354.0,2.6676714393368504
2021-01-01,Sarawak,Samarahan,female,135.0,1.9765739385065888
2021-01-01,Sarawak,Samarahan,male,219.0,3.4059097978227064
2021-01-01,Sarawak,Saratok,both,281.0,12.164502164502164
2021-01-01,Sarawak,Saratok,female,138.0,11.794871794871796
2021-01-01,Sarawak,Saratok,male,143.0,12.543859649122806
2021-01-01,Sarawak,Sarikei,both,429.0,9.705882352941176
2021-01-01,Sarawak,Sarikei,female,166.0,7.545454545454546
2021-01-01,Sarawak,Sarikei,male,263.0,11.846846846846848
2021-01-01,Sarawak,Sebauh,both,181.0,6.418439716312057
2021-01-01,Sarawak,Sebauh,female,78.0,6.290322580645161
2021-01-01,Sarawak,Sebauh,male,103.0,6.518987341772152
2021-01-01,Sarawak,Selangau,both,126.0,6.363636363636363
2021-01-01,Sarawak,Selangau,female,57.0,5.9375
2021-01-01,Sarawak,Selangau,male,69.0,6.8316831683168315
2021-01-01,Sarawak,Serian,both,794.0,9.286549707602338
2021-01-01,Sarawak,Serian,female,315.0,7.553956834532373
2021-01-01,Sarawak,Serian,male,479.0,10.936073059360732
2021-01-01,Sarawak,Sibu,both,2004.0,8.093699515347335
2021-01-01,Sarawak,Sibu,female,847.0,7.023217247097844
2021-01-01,Sarawak,Sibu,male,1157.0,9.11023622047244
2021-01-01,Sarawak,Simunjan,both,352.0,9.670329670329672
2021-01-01,Sarawak,Simunjan,female,152.0,8.837209302325581
2021-01-01,Sarawak,Simunjan,male,200.0,10.471204188481677
2021-01-01,Sarawak,Song,both,179.0,17.9
2021-01-01,Sarawak,Song,female,69.0,13.529411764705884
2021-01-01,Sarawak,Song,male,110.0,22.448979591836732
2021-01-01,Sarawak,Sri Aman,both,642.0,10.473083197389888
2021-01-01,Sarawak,Sri Aman,female,281.0,9.52542372881356
2021-01-01,Sarawak,Sri Aman,male,361.0,11.352201257861635
2021-01-01,Sarawak,Subis,both,451.0,7.683134582623509
2021-01-01,Sarawak,Subis,female,186.0,7.209302325581395
2021-01-01,Sarawak,Subis,male,265.0,8.079268292682928
2021-01-01,Sarawak,Tanjung Manis,both,85.0,10.493827160493828
2021-01-01,Sarawak,Tanjung Manis,female,45.0,11.842105263157896
2021-01-01,Sarawak,Tanjung Manis,male,40.0,9.30232558139535
2021-01-01,Sarawak,Tatau,both,199.0,6.1419753086419755
2021-01-01,Sarawak,Tatau,female,94.0,6.482758620689655
2021-01-01,Sarawak,Tatau,male,105.0,5.8988764044943816
2021-01-01,Sarawak,Tebedu,both,201.0,7.976190476190476
2021-01-01,Sarawak,Tebedu,female,84.0,6.774193548387097
2021-01-01,Sarawak,Tebedu,male,117.0,9.140625
2021-01-01,Sarawak,Telang Usan,both,123.0,7.06896551724138
2021-01-01,Sarawak,Telang Usan,female,44.0,5.432098765432099
2021-01-01,Sarawak,Telang Usan,male,79.0,8.494623655913978
2022-01-01,Sarawak,Asajaya,both,275.0,8.064516129032258
2022-01-01,Sarawak,Asajaya,female,119.0,7.125748502994012
2022-01-01,Sarawak,Asajaya,male,156.0,8.965517241379311
2022-01-01,Sarawak,Bau,both,447.0,8.418079096045197
2022-01-01,Sarawak,Bau,female,209.0,8.1640625
2022-01-01,Sarawak,Bau,male,238.0,8.654545454545454
2022-01-01,Sarawak,Belaga,both,110.0,4.867256637168142
2022-01-01,Sarawak,Belaga,female,38.0,3.9175257731958766
2022-01-01,Sarawak,Belaga,male,72.0,5.5813953488372094
2022-01-01,Sarawak,Beluru,both,201.0,7.178571428571429
2022-01-01,Sarawak,Beluru,female,89.0,6.846153846153846
2022-01-01,Sarawak,Beluru,male,112.0,7.466666666666667
2022-01-01,Sarawak,Betong,both,387.0,10.602739726027398
2022-01-01,Sarawak,Betong,female,176.0,10.0
2022-01-01,Sarawak,Betong,male,211.0,11.164021164021165
2022-01-01,Sarawak,Bintulu,both,549.0,3.0550918196994994
2022-01-01,Sarawak,Bintulu,female,214.0,2.5845410628019323
2022-01-01,Sarawak,Bintulu,male,335.0,3.457172342621259
2022-01-01,Sarawak,Bukit Mabong,both,135.0,12.98076923076923
2022-01-01,Sarawak,Bukit Mabong,female,62.0,15.121951219512196
2022-01-01,Sarawak,Bukit Mabong,male,73.0,11.587301587301589
2022-01-01,Sarawak,Dalat,both,220.0,10.37735849056604
2022-01-01,Sarawak,Dalat,female,88.0,8.54368932038835
2022-01-01,Sarawak,Dalat,male,132.0,12.110091743119266
2022-01-01,Sarawak,Daro,both,176.0,8.979591836734693
2022-01-01,Sarawak,Daro,female,83.0,9.12087912087912
2022-01-01,Sarawak,Daro,male,93.0,8.773584905660378
2022-01-01,Sarawak,Julau,both,139.0,9.025974025974026
2022-01-01,Sarawak,Julau,female,66.0,8.461538461538462
2022-01-01,Sarawak,Julau,male,73.0,9.605263157894738
2022-01-01,Sarawak,Kabong,both,196.0,10.53763440860215
2022-01-01,Sarawak,Kabong,female,85.0,9.139784946236558
2022-01-01,Sarawak,Kabong,male,111.0,11.808510638297872
2022-01-01,Sarawak,Kanowit,both,353.0,14.34959349593496
2022-01-01,Sarawak,Kanowit,female,141.0,11.46341463414634
2022-01-01,Sarawak,Kanowit,male,212.0,17.235772357723576
2022-01-01,Sarawak,Kapit,both,288.0,7.955801104972375
2022-01-01,Sarawak,Kapit,female,133.0,7.388888888888889
2022-01-01,Sarawak,Kapit,male,155.0,8.516483516483516
2022-01-01,Sarawak,Kuching,both,3538.0,5.745371873985061
2022-01-01,Sarawak,Kuching,female,1478.0,4.842726081258191
2022-01-01,Sarawak,Kuching,male,2060.0,6.632324533161622
2022-01-01,Sarawak,Lawas,both,288.0,7.741935483870967
2022-01-01,Sarawak,Lawas,female,125.0,6.868131868131869
2022-01-01,Sarawak,Lawas,male,163.0,8.624338624338625
2022-01-01,Sarawak,Limbang,both,330.0,7.236842105263157
2022-01-01,Sarawak,Limbang,female,145.0,6.531531531531532
2022-01-01,Sarawak,Limbang,male,185.0,7.905982905982906
2022-01-01,Sarawak,Lubok Antu,both,261.0,10.609756097560975
2022-01-01,Sarawak,Lubok Antu,female,103.0,8.512396694214877
2022-01-01,Sarawak,Lubok Antu,male,158.0,12.741935483870968
2022-01-01,Sarawak,Lundu,both,279.0,8.254437869822485
2022-01-01,Sarawak,Lundu,female,111.0,7.025316455696202
2022-01-01,Sarawak,Lundu,male,168.0,9.333333333333334
2022-01-01,Sarawak,Maradong,both,245.0,11.951219512195122
2022-01-01,Sarawak,Maradong,female,104.0,10.097087378640776
2022-01-01,Sarawak,Maradong,male,141.0,13.823529411764708
2022-01-01,Sarawak,Marudi,both,188.0,10.0
2022-01-01,Sarawak,Marudi,female,88.0,10.0
2022-01-01,Sarawak,Marudi,male,100.0,10.0
2022-01-01,Sarawak,Matu,both,144.0,8.78048780487805
2022-01-01,Sarawak,Matu,female,68.0,9.066666666666666
2022-01-01,Sarawak,Matu,male,76.0,8.636363636363635
2022-01-01,Sarawak,Miri,both,1431.0,5.696656050955414
2022-01-01,Sarawak,Miri,female,549.0,4.582637729549249
2022-01-01,Sarawak,Miri,male,882.0,6.717440974866717
2022-01-01,Sarawak,Mukah,both,330.0,7.764705882352941
2022-01-01,Sarawak,Mukah,female,153.0,7.611940298507462
2022-01-01,Sarawak,Mukah,male,177.0,7.901785714285714
2022-01-01,Sarawak,Pakan,both,148.0,9.487179487179487
2022-01-01,Sarawak,Pakan,female,64.0,8.648648648648647
2022-01-01,Sarawak,Pakan,male,84.0,10.24390243902439
2022-01-01,Sarawak,Pusa,both,157.0,7.969543147208122
2022-01-01,Sarawak,Pusa,female,76.0,7.916666666666667
2022-01-01,Sarawak,Pusa,male,81.0,8.01980198019802
2022-01-01,Sarawak,Samarahan,both,326.0,2.4419475655430714
2022-01-01,Sarawak,Samarahan,female,135.0,1.9622093023255816
2022-01-01,Sarawak,Samarahan,male,191.0,2.952086553323029
2022-01-01,Sarawak,Saratok,both,239.0,10.346320346320343
2022-01-01,Sarawak,Saratok,female,105.0,8.898305084745763
2022-01-01,Sarawak,Saratok,male,134.0,11.75438596491228
2022-01-01,Sarawak,Sarikei,both,401.0,9.031531531531533
2022-01-01,Sarawak,Sarikei,female,180.0,8.108108108108109
2022-01-01,Sarawak,Sarikei,male,221.0,9.91031390134529
2022-01-01,Sarawak,Sebauh,both,195.0,6.701030927835051
2022-01-01,Sarawak,Sebauh,female,76.0,5.984251968503937
2022-01-01,Sarawak,Sebauh,male,119.0,7.25609756097561
2022-01-01,Sarawak,Selangau,both,169.0,8.492462311557789
2022-01-01,Sarawak,Selangau,female,63.0,6.494845360824743
2022-01-01,Sarawak,Selangau,male,106.0,10.392156862745098
2022-01-01,Sarawak,Serian,both,695.0,8.081395348837209
2022-01-01,Sarawak,Serian,female,286.0,6.809523809523809
2022-01-01,Sarawak,Serian,male,409.0,9.295454545454543
2022-01-01,Sarawak,Sibu,both,1668.0,6.698795180722891
2022-01-01,Sarawak,Sibu,female,741.0,6.118909991742362
2022-01-01,Sarawak,Sibu,male,927.0,7.2478498827208755
2022-01-01,Sarawak,Simunjan,both,355.0,9.726027397260276
2022-01-01,Sarawak,Simunjan,female,144.0,8.275862068965518
2022-01-01,Sarawak,Simunjan,male,211.0,11.047120418848166
2022-01-01,Sarawak,Song,both,144.0,14.4
2022-01-01,Sarawak,Song,female,62.0,11.923076923076923
2022-01-01,Sarawak,Song,male,82.0,16.73469387755102
2022-01-01,Sarawak,Sri Aman,both,579.0,9.476268412438625
2022-01-01,Sarawak,Sri Aman,female,240.0,8.108108108108107
2022-01-01,Sarawak,Sri Aman,male,339.0,10.727848101265822
2022-01-01,Sarawak,Subis,both,448.0,7.915194346289752
2022-01-01,Sarawak,Subis,female,202.0,7.984189723320158
2022-01-01,Sarawak,Subis,male,246.0,7.859424920127795
2022-01-01,Sarawak,Tanjung Manis,both,81.0,10.253164556962023
2022-01-01,Sarawak,Tanjung Manis,female,35.0,9.210526315789474
2022-01-01,Sarawak,Tanjung Manis,male,46.0,10.952380952380953
2022-01-01,Sarawak,Tatau,both,174.0,5.4375
2022-01-01,Sarawak,Tatau,female,73.0,5.0344827586206895
2022-01-01,Sarawak,Tatau,male,101.0,5.771428571428571
2022-01-01,Sarawak,Tebedu,both,203.0,8.023715415019762
2022-01-01,Sarawak,Tebedu,female,101.0,8.14516129032258
2022-01-01,Sarawak,Tebedu,male,102.0,7.96875
2022-01-01,Sarawak,Telang Usan,both,135.0,7.758620689655173
2022-01-01,Sarawak,Telang Usan,female,51.0,6.296296296296297
2022-01-01,Sarawak,Telang Usan,male,84.0,9.032258064516128
2023-01-01,Sarawak,Asajaya,both,252.0,7.304347826086956
2023-01-01,Sarawak,Asajaya,female,116.0,6.823529411764706
2023-01-01,Sarawak,Asajaya,male,136.0,7.727272727272727
2023-01-01,Sarawak,Bau,both,415.0,7.742537313432836
2023-01-01,Sarawak,Bau,female,169.0,6.550387596899225
2023-01-01,Sarawak,Bau,male,246.0,8.88086642599278
2023-01-01,Sarawak,Belaga,both,135.0,5.9471365638766525
2023-01-01,Sarawak,Belaga,female,62.0,6.391752577319588
2023-01-01,Sarawak,Belaga,male,73.0,5.658914728682171
2023-01-01,Sarawak,Beluru,both,196.0,7.075812274368231
2023-01-01,Sarawak,Beluru,female,86.0,6.666666666666666
2023-01-01,Sarawak,Beluru,male,110.0,7.432432432432432
2023-01-01,Sarawak,Betong,both,347.0,9.429347826086955
2023-01-01,Sarawak,Betong,female,163.0,9.2090395480226
2023-01-01,Sarawak,Betong,male,184.0,9.63350785340314
2023-01-01,Sarawak,Bintulu,both,529.0,2.8563714902807775
2023-01-01,Sarawak,Bintulu,female,207.0,2.4381625441696113
2023-01-01,Sarawak,Bintulu,male,322.0,3.21036889332004
2023-01-01,Sarawak,Bukit Mabong,both,139.0,13.113207547169813
2023-01-01,Sarawak,Bukit Mabong,female,53.0,12.926829268292684
2023-01-01,Sarawak,Bukit Mabong,male,86.0,13.4375
2023-01-01,Sarawak,Dalat,both,211.0,9.768518518518515
2023-01-01,Sarawak,Dalat,female,96.0,9.23076923076923
2023-01-01,Sarawak,Dalat,male,115.0,10.267857142857144
2023-01-01,Sarawak,Daro,both,143.0,7.185929648241206
2023-01-01,Sarawak,Daro,female,67.0,7.282608695652175
2023-01-01,Sarawak,Daro,male,76.0,7.102803738317758
2023-01-01,Sarawak,Julau,both,153.0,9.870967741935484
2023-01-01,Sarawak,Julau,female,74.0,9.487179487179487
2023-01-01,Sarawak,Julau,male,79.0,10.25974025974026
2023-01-01,Sarawak,Kabong,both,209.0,11.117021276595745
2023-01-01,Sarawak,Kabong,female,101.0,10.74468085106383
2023-01-01,Sarawak,Kabong,male,108.0,11.48936170212766
2023-01-01,Sarawak,Kanowit,both,307.0,12.329317269076306
2023-01-01,Sarawak,Kanowit,female,141.0,11.28
2023-01-01,Sarawak,Kanowit,male,166.0,13.387096774193548
2023-01-01,Sarawak,Kapit,both,274.0,7.486338797814208
2023-01-01,Sarawak,Kapit,female,122.0,6.7032967032967035
2023-01-01,Sarawak,Kapit,male,152.0,8.260869565217392
2023-01-01,Sarawak,Kuching,both,3428.0,5.517463383228715
2023-01-01,Sarawak,Kuching,female,1396.0,4.532467532467533
2023-01-01,Sarawak,Kuching,male,2032.0,6.485796361315034
2023-01-01,Sarawak,Lawas,both,256.0,6.790450928381962
2023-01-01,Sarawak,Lawas,female,99.0,5.351351351351352
2023-01-01,Sarawak,Lawas,male,157.0,8.177083333333334
2023-01-01,Sarawak,Limbang,both,324.0,7.02819956616052
2023-01-01,Sarawak,Limbang,female,152.0,6.7857142857142865
2023-01-01,Sarawak,Limbang,male,172.0,7.257383966244726
2023-01-01,Sarawak,Lubok Antu,both,265.0,10.772357723577237
2023-01-01,Sarawak,Lubok Antu,female,102.0,8.360655737704919
2023-01-01,Sarawak,Lubok Antu,male,163.0,13.14516129032258
2023-01-01,Sarawak,Lundu,both,243.0,7.105263157894736
2023-01-01,Sarawak,Lundu,female,113.0,7.1069182389937104
2023-01-01,Sarawak,Lundu,male,130.0,7.103825136612022
2023-01-01,Sarawak,Maradong,both,254.0,12.270531400966185
2023-01-01,Sarawak,Maradong,female,120.0,11.538461538461538
2023-01-01,Sarawak,Maradong,male,134.0,13.009708737864075
2023-01-01,Sarawak,Marudi,both,181.0,9.679144385026738
2023-01-01,Sarawak,Marudi,female,78.0,8.863636363636363
2023-01-01,Sarawak,Marudi,male,103.0,10.404040404040405
2023-01-01,Sarawak,Matu,both,149.0,9.030303030303031
2023-01-01,Sarawak,Matu,female,72.0,9.473684210526317
2023-01-01,Sarawak,Matu,male,77.0,8.651685393258427
2023-01-01,Sarawak,Miri,both,1363.0,5.357704402515723
2023-01-01,Sarawak,Miri,female,568.0,4.682605111294312
2023-01-01,Sarawak,Miri,male,795.0,5.972952667167544
2023-01-01,Sarawak,Mukah,both,319.0,7.470725995316159
2023-01-01,Sarawak,Mukah,female,131.0,6.485148514851486
2023-01-01,Sarawak,Mukah,male,188.0,8.355555555555556
2023-01-01,Sarawak,Pakan,both,119.0,7.628205128205129
2023-01-01,Sarawak,Pakan,female,53.0,7.162162162162161
2023-01-01,Sarawak,Pakan,male,66.0,8.048780487804878
2023-01-01,Sarawak,Pusa,both,151.0,7.55
2023-01-01,Sarawak,Pusa,female,61.0,6.288659793814434
2023-01-01,Sarawak,Pusa,male,90.0,8.737864077669903
2023-01-01,Sarawak,Samarahan,both,356.0,2.6448736998514115
2023-01-01,Sarawak,Samarahan,female,169.0,2.435158501440922
2023-01-01,Sarawak,Samarahan,male,187.0,2.8680981595092025
2023-01-01,Sarawak,Saratok,both,204.0,8.717948717948719
2023-01-01,Sarawak,Saratok,female,99.0,8.319327731092436
2023-01-01,Sarawak,Saratok,male,105.0,9.130434782608695
2023-01-01,Sarawak,Sarikei,both,372.0,8.322147651006711
2023-01-01,Sarawak,Sarikei,female,173.0,7.757847533632287
2023-01-01,Sarawak,Sarikei,male,199.0,8.883928571428571
2023-01-01,Sarawak,Sebauh,both,185.0,5.92948717948718
2023-01-01,Sarawak,Sebauh,female,82.0,6.074074074074074
2023-01-01,Sarawak,Sebauh,male,103.0,5.8192090395480225
2023-01-01,Sarawak,Selangau,both,200.0,9.852216748768472
2023-01-01,Sarawak,Selangau,female,85.0,8.673469387755102
2023-01-01,Sarawak,Selangau,male,115.0,10.952380952380953
2023-01-01,Sarawak,Serian,both,839.0,9.654775604142692
2023-01-01,Sarawak,Serian,female,360.0,8.49056603773585
2023-01-01,Sarawak,Serian,male,479.0,10.764044943820224
2023-01-01,Sarawak,Sibu,both,1624.0,6.42151047844998
2023-01-01,Sarawak,Sibu,female,686.0,5.6
2023-01-01,Sarawak,Sibu,male,938.0,7.193251533742331
2023-01-01,Sarawak,Simunjan,both,341.0,9.24119241192412
2023-01-01,Sarawak,Simunjan,female,156.0,8.863636363636363
2023-01-01,Sarawak,Simunjan,male,185.0,9.585492227979277
2023-01-01,Sarawak,Song,both,152.0,14.901960784313726
2023-01-01,Sarawak,Song,female,72.0,13.846153846153843
2023-01-01,Sarawak,Song,male,80.0,16.0
2023-01-01,Sarawak,Sri Aman,both,518.0,8.450244698205546
2023-01-01,Sarawak,Sri Aman,female,243.0,8.181818181818182
2023-01-01,Sarawak,Sri Aman,male,275.0,8.70253164556962
2023-01-01,Sarawak,Subis,both,441.0,7.875
2023-01-01,Sarawak,Subis,female,178.0,7.091633466135458
2023-01-01,Sarawak,Subis,male,263.0,8.511326860841425
2023-01-01,Sarawak,Tanjung Manis,both,72.0,9.0
2023-01-01,Sarawak,Tanjung Manis,female,29.0,7.631578947368421
2023-01-01,Sarawak,Tanjung Manis,male,43.0,10.238095238095235
2023-01-01,Sarawak,Tatau,both,159.0,4.953271028037383
2023-01-01,Sarawak,Tatau,female,73.0,5.0
2023-01-01,Sarawak,Tatau,male,86.0,4.914285714285715
2023-01-01,Sarawak,Tebedu,both,195.0,7.647058823529412
2023-01-01,Sarawak,Tebedu,female,91.0,7.222222222222222
2023-01-01,Sarawak,Tebedu,male,104.0,8.062015503875969
2023-01-01,Sarawak,Telang Usan,both,138.0,7.931034482758621
2023-01-01,Sarawak,Telang Usan,female,49.0,6.049382716049383
2023-01-01,Sarawak,Telang Usan,male,89.0,9.569892473118278
2024-01-01,Sarawak,Asajaya,both,291.0,8.4
2024-01-01,Sarawak,Asajaya,female,143.0,8.4
2024-01-01,Sarawak,Asajaya,male,148.0,8.4
2024-01-01,Sarawak,Bau,both,440.0,8.2
2024-01-01,Sarawak,Bau,female,190.0,7.3
2024-01-01,Sarawak,Bau,male,250.0,9.0
2024-01-01,Sarawak,Belaga,both,112.0,5.0
2024-01-01,Sarawak,Belaga,female,46.0,4.7
2024-01-01,Sarawak,Belaga,male,66.0,5.2
2024-01-01,Sarawak,Beluru,both,152.0,5.7
2024-01-01,Sarawak,Beluru,female,65.0,5.2
2024-01-01,Sarawak,Beluru,male,87.0,6.1
2024-01-01,Sarawak,Betong,both,391.0,10.6
2024-01-01,Sarawak,Betong,female,184.0,10.3
2024-01-01,Sarawak,Betong,male,207.0,10.8
2024-01-01,Sarawak,Bintulu,both,590.0,3.1
2024-01-01,Sarawak,Bintulu,female,220.0,2.5
2024-01-01,Sarawak,Bintulu,male,370.0,3.6
2024-01-01,Sarawak,Bukit Mabong,both,107.0,10.1
2024-01-01,Sarawak,Bukit Mabong,female,50.0,11.9
2024-01-01,Sarawak,Bukit Mabong,male,57.0,8.9
2024-01-01,Sarawak,Dalat,both,201.0,9.3
2024-01-01,Sarawak,Dalat,female,87.0,8.3
2024-01-01,Sarawak,Dalat,male,114.0,10.1
2024-01-01,Sarawak,Daro,both,176.0,8.8
2024-01-01,Sarawak,Daro,female,77.0,8.3
2024-01-01,Sarawak,Daro,male,99.0,9.2
2024-01-01,Sarawak,Julau,both,132.0,8.5
2024-01-01,Sarawak,Julau,female,53.0,6.7
2024-01-01,Sarawak,Julau,male,79.0,10.2
2024-01-01,Sarawak,Kabong,both,186.0,9.8
2024-01-01,Sarawak,Kabong,female,69.0,7.3
2024-01-01,Sarawak,Kabong,male,117.0,12.3
2024-01-01,Sarawak,Kanowit,both,350.0,14.0
2024-01-01,Sarawak,Kanowit,female,141.0,11.2
2024-01-01,Sarawak,Kanowit,male,209.0,16.8
2024-01-01,Sarawak,Kapit,both,326.0,8.8
2024-01-01,Sarawak,Kapit,female,152.0,8.3
2024-01-01,Sarawak,Kapit,male,174.0,9.4
2024-01-01,Sarawak,Kuching,both,3551.0,5.7
2024-01-01,Sarawak,Kuching,female,1527.0,4.9
2024-01-01,Sarawak,Kuching,male,2024.0,6.4
2024-01-01,Sarawak,Lawas,both,258.0,6.8
2024-01-01,Sarawak,Lawas,female,99.0,5.3
2024-01-01,Sarawak,Lawas,male,159.0,8.2
2024-01-01,Sarawak,Limbang,both,301.0,6.5
2024-01-01,Sarawak,Limbang,female,101.0,4.5
2024-01-01,Sarawak,Limbang,male,200.0,8.4
2024-01-01,Sarawak,Lubok Antu,both,264.0,10.7
2024-01-01,Sarawak,Lubok Antu,female,118.0,9.6
2024-01-01,Sarawak,Lubok Antu,male,146.0,11.8
2024-01-01,Sarawak,Lundu,both,264.0,7.7
2024-01-01,Sarawak,Lundu,female,118.0,7.4
2024-01-01,Sarawak,Lundu,male,146.0,8.0
2024-01-01,Sarawak,Maradong,both,249.0,12.0
2024-01-01,Sarawak,Maradong,female,109.0,10.4
2024-01-01,Sarawak,Maradong,male,140.0,13.5
2024-01-01,Sarawak,Marudi,both,178.0,9.7
2024-01-01,Sarawak,Marudi,female,68.0,7.8
2024-01-01,Sarawak,Marudi,male,110.0,11.3
2024-01-01,Sarawak,Matu,both,145.0,8.8
2024-01-01,Sarawak,Matu,female,75.0,9.9
2024-01-01,Sarawak,Matu,male,70.0,7.9
2024-01-01,Sarawak,Miri,both,1426.0,5.6
2024-01-01,Sarawak,Miri,female,565.0,4.6
2024-01-01,Sarawak,Miri,male,861.0,6.4
2024-01-01,Sarawak,Mukah,both,296.0,7.0
2024-01-01,Sarawak,Mukah,female,138.0,6.8
2024-01-01,Sarawak,Mukah,male,158.0,7.1
2024-01-01,Sarawak,Pakan,both,130.0,8.3
2024-01-01,Sarawak,Pakan,female,60.0,8.1
2024-01-01,Sarawak,Pakan,male,70.0,8.5
2024-01-01,Sarawak,Pusa,both,179.0,8.9
2024-01-01,Sarawak,Pusa,female,78.0,8.0
2024-01-01,Sarawak,Pusa,male,101.0,9.7
2024-01-01,Sarawak,Samarahan,both,329.0,2.4
2024-01-01,Sarawak,Samarahan,female,153.0,2.2
2024-01-01,Sarawak,Samarahan,male,176.0,2.7
2024-01-01,Sarawak,Saratok,both,234.0,10.0
2024-01-01,Sarawak,Saratok,female,103.0,8.6
2024-01-01,Sarawak,Saratok,male,131.0,11.3
2024-01-01,Sarawak,Sarikei,both,383.0,8.5
2024-01-01,Sarawak,Sarikei,female,156.0,7.0
2024-01-01,Sarawak,Sarikei,male,227.0,10.1
2024-01-01,Sarawak,Sebauh,both,189.0,6.0
2024-01-01,Sarawak,Sebauh,female,74.0,5.5
2024-01-01,Sarawak,Sebauh,male,115.0,6.5
2024-01-01,Sarawak,Selangau,both,145.0,7.1
2024-01-01,Sarawak,Selangau,female,66.0,6.7
2024-01-01,Sarawak,Selangau,male,79.0,7.5
2024-01-01,Sarawak,Serian,both,838.0,9.6
2024-01-01,Sarawak,Serian,female,351.0,8.2
2024-01-01,Sarawak,Serian,male,487.0,10.9
2024-01-01,Sarawak,Sibu,both,1536.0,6.0
2024-01-01,Sarawak,Sibu,female,647.0,5.2
2024-01-01,Sarawak,Sibu,male,889.0,6.7
2024-01-01,Sarawak,Simunjan,both,335.0,9.0
2024-01-01,Sarawak,Simunjan,female,171.0,9.7
2024-01-01,Sarawak,Simunjan,male,164.0,8.5
2024-01-01,Sarawak,Song,both,154.0,15.0
2024-01-01,Sarawak,Song,female,82.0,15.6
2024-01-01,Sarawak,Song,male,72.0,14.4
2024-01-01,Sarawak,Sri Aman,both,551.0,9.0
2024-01-01,Sarawak,Sri Aman,female,220.0,7.4
2024-01-01,Sarawak,Sri Aman,male,331.0,10.5
2024-01-01,Sarawak,Subis,both,415.0,7.5
2024-01-01,Sarawak,Subis,female,173.0,6.9
2024-01-01,Sarawak,Subis,male,242.0,7.9
2024-01-01,Sarawak,Tanjung Manis,both,101.0,12.8
2024-01-01,Sarawak,Tanjung Manis,female,47.0,12.5
2024-01-01,Sarawak,Tanjung Manis,male,54.0,13.1
2024-01-01,Sarawak,Tatau,both,194.0,6.1
2024-01-01,Sarawak,Tatau,female,85.0,5.8
2024-01-01,Sarawak,Tatau,male,109.0,6.3
2024-01-01,Sarawak,Tebedu,both,174.0,6.8
2024-01-01,Sarawak,Tebedu,female,69.0,5.4
2024-01-01,Sarawak,Tebedu,male,105.0,8.0
2024-01-01,Sarawak,Telang Usan,both,170.0,9.8
2024-01-01,Sarawak,Telang Usan,female,67.0,8.2
2024-01-01,Sarawak,Telang Usan,male,103.0,11.1
2020-01-01,Selangor,Gombak,both,3307.0,3.509125636672326
2020-01-01,Selangor,Gombak,female,1333.0,2.958277851753218
2020-01-01,Selangor,Gombak,male,1974.0,4.013826758845059
2020-01-01,Selangor,Klang,both,4370.0,4.013224354853522
2020-01-01,Selangor,Klang,female,1808.0,3.62906463267764
2020-01-01,Selangor,Klang,male,2562.0,4.337227018791264
2020-01-01,Selangor,Kuala Langat,both,1411.0,4.5901106050748215
2020-01-01,Selangor,Kuala Langat,female,586.0,4.010951403148528
2020-01-01,Selangor,Kuala Langat,male,825.0,5.111524163568773
2020-01-01,Selangor,Kuala Selangor,both,1274.0,4.522541711040113
2020-01-01,Selangor,Kuala Selangor,female,541.0,3.931686046511628
2020-01-01,Selangor,Kuala Selangor,male,733.0,5.08674531575295
2020-01-01,Selangor,Petaling,both,7144.0,3.108654975849615
2020-01-01,Selangor,Petaling,female,3088.0,2.868289058146015
2020-01-01,Selangor,Petaling,male,4056.0,3.32050757265657
2020-01-01,Selangor,Sabak Bernam,both,932.0,8.702147525676938
2020-01-01,Selangor,Sabak Bernam,female,391.0,7.621832358674465
2020-01-01,Selangor,Sabak Bernam,male,541.0,9.695340501792115
2020-01-01,Selangor,Sepang,both,731.0,2.247847478474785
2020-01-01,Selangor,Sepang,female,291.0,1.9309887193098871
2020-01-01,Selangor,Sepang,male,440.0,2.520045819014891
2020-01-01,Selangor,Ulu Langat,both,5022.0,3.5858621920742593
2020-01-01,Selangor,Ulu Langat,female,2040.0,3.096069206252846
2020-01-01,Selangor,Ulu Langat,male,2982.0,4.0210355987055015
2020-01-01,Selangor,Ulu Selangor,both,1168.0,4.806584362139918
2020-01-01,Selangor,Ulu Selangor,female,458.0,4.028144239226033
2020-01-01,Selangor,Ulu Selangor,male,710.0,5.491105955143078
2021-01-01,Selangor,Gombak,both,5770.0,6.086497890295359
2021-01-01,Selangor,Gombak,female,2411.0,5.329354553492485
2021-01-01,Selangor,Gombak,male,3359.0,6.7776432606941075
2021-01-01,Selangor,Klang,both,7717.0,7.15398164457217
2021-01-01,Selangor,Klang,female,3179.0,6.291312091826637
2021-01-01,Selangor,Klang,male,4538.0,7.914196023718173
2021-01-01,Selangor,Kuala Langat,both,2170.0,6.95067264573991
2021-01-01,Selangor,Kuala Langat,female,926.0,6.185704742818972
2021-01-01,Selangor,Kuala Langat,male,1244.0,7.650676506765068
2021-01-01,Selangor,Kuala Selangor,both,1783.0,6.25394598386531
2021-01-01,Selangor,Kuala Selangor,female,741.0,5.292857142857143
2021-01-01,Selangor,Kuala Selangor,male,1042.0,7.1763085399449045
2021-01-01,Selangor,Petaling,both,11605.0,5.011443623958199
2021-01-01,Selangor,Petaling,female,4877.0,4.515740740740741
2021-01-01,Selangor,Petaling,male,6728.0,5.444687221817593
2021-01-01,Selangor,Sabak Bernam,both,1166.0,10.846511627906978
2021-01-01,Selangor,Sabak Bernam,female,500.0,9.67117988394584
2021-01-01,Selangor,Sabak Bernam,male,666.0,11.935483870967742
2021-01-01,Selangor,Sepang,both,1497.0,4.526761415179921
2021-01-01,Selangor,Sepang,female,640.0,4.174820613176777
2021-01-01,Selangor,Sepang,male,857.0,4.830890642615558
2021-01-01,Selangor,Ulu Langat,both,8801.0,6.316658293260605
2021-01-01,Selangor,Ulu Langat,female,3639.0,5.533759124087591
2021-01-01,Selangor,Ulu Langat,male,5162.0,7.016446921299442
2021-01-01,Selangor,Ulu Selangor,both,1542.0,6.335250616269515
2021-01-01,Selangor,Ulu Selangor,female,607.0,5.292066259808196
2021-01-01,Selangor,Ulu Selangor,male,935.0,7.264957264957266
2022-01-01,Selangor,Gombak,both,4272.0,4.49589560092612
2022-01-01,Selangor,Gombak,female,1750.0,3.8385610879578858
2022-01-01,Selangor,Gombak,male,2522.0,5.102164677321465
2022-01-01,Selangor,Klang,both,5720.0,5.228041312494288
2022-01-01,Selangor,Klang,female,2389.0,4.740079365079365
2022-01-01,Selangor,Klang,male,3331.0,5.644805965090662
2022-01-01,Selangor,Kuala Langat,both,1862.0,5.920508744038155
2022-01-01,Selangor,Kuala Langat,female,748.0,4.980026631158456
2022-01-01,Selangor,Kuala Langat,male,1114.0,6.780279975654291
2022-01-01,Selangor,Kuala Selangor,both,1651.0,5.740611961057023
2022-01-01,Selangor,Kuala Selangor,female,695.0,4.929078014184397
2022-01-01,Selangor,Kuala Selangor,male,956.0,6.516700749829584
2022-01-01,Selangor,Petaling,both,8859.0,3.84371745921555
2022-01-01,Selangor,Petaling,female,3871.0,3.568070789934556
2022-01-01,Selangor,Petaling,male,4988.0,4.088859742601852
2022-01-01,Selangor,Sabak Bernam,both,1240.0,11.492122335495829
2022-01-01,Selangor,Sabak Bernam,female,559.0,10.791505791505791
2022-01-01,Selangor,Sabak Bernam,male,681.0,12.13903743315508
2022-01-01,Selangor,Sepang,both,1260.0,3.8009049773755654
2022-01-01,Selangor,Sepang,female,518.0,3.352750809061489
2022-01-01,Selangor,Sepang,male,742.0,4.192090395480226
2022-01-01,Selangor,Ulu Langat,both,6523.0,4.615439043373665
2022-01-01,Selangor,Ulu Langat,female,2730.0,4.086826347305389
2022-01-01,Selangor,Ulu Langat,male,3793.0,5.08922581510801
2022-01-01,Selangor,Ulu Selangor,both,1474.0,5.982142857142857
2022-01-01,Selangor,Ulu Selangor,female,578.0,4.991364421416235
2022-01-01,Selangor,Ulu Selangor,male,896.0,6.865900383141763
2023-01-01,Selangor,Gombak,both,4209.0,4.356240943903954
2023-01-01,Selangor,Gombak,female,1755.0,3.793774319066148
2023-01-01,Selangor,Gombak,male,2454.0,4.872915011914217
2023-01-01,Selangor,Klang,both,5616.0,4.9523809523809526
2023-01-01,Selangor,Klang,female,2297.0,4.470611132736474
2023-01-01,Selangor,Klang,male,3319.0,5.351499516285069
2023-01-01,Selangor,Kuala Langat,both,1726.0,5.381976925475523
2023-01-01,Selangor,Kuala Langat,female,717.0,4.695481335952849
2023-01-01,Selangor,Kuala Langat,male,1009.0,6.005952380952381
2023-01-01,Selangor,Kuala Selangor,both,1593.0,5.433151432469304
2023-01-01,Selangor,Kuala Selangor,female,637.0,4.454545454545454
2023-01-01,Selangor,Kuala Selangor,male,956.0,6.364846870838882
2023-01-01,Selangor,Petaling,both,8961.0,3.838180494281921
2023-01-01,Selangor,Petaling,female,3862.0,3.5234011495301525
2023-01-01,Selangor,Petaling,male,5099.0,4.116412367804957
2023-01-01,Selangor,Sabak Bernam,both,1137.0,10.412087912087912
2023-01-01,Selangor,Sabak Bernam,female,516.0,9.866156787762907
2023-01-01,Selangor,Sabak Bernam,male,621.0,10.913884007029877
2023-01-01,Selangor,Sepang,both,1295.0,3.817806603773585
2023-01-01,Selangor,Sepang,female,543.0,3.4454314720812182
2023-01-01,Selangor,Sepang,male,752.0,4.140969162995595
2023-01-01,Selangor,Ulu Langat,both,6599.0,4.5189344655207835
2023-01-01,Selangor,Ulu Langat,female,2705.0,3.958729694131421
2023-01-01,Selangor,Ulu Langat,male,3894.0,5.011583011583012
2023-01-01,Selangor,Ulu Selangor,both,1510.0,5.98731165741475
2023-01-01,Selangor,Ulu Selangor,female,585.0,4.970263381478334
2023-01-01,Selangor,Ulu Selangor,male,925.0,6.877323420074349
2024-01-01,Selangor,Gombak,both,4285.0,4.4
2024-01-01,Selangor,Gombak,female,1752.0,3.7
2024-01-01,Selangor,Gombak,male,2533.0,5.0
2024-01-01,Selangor,Klang,both,5619.0,4.8
2024-01-01,Selangor,Klang,female,2271.0,4.3
2024-01-01,Selangor,Klang,male,3348.0,5.1
2024-01-01,Selangor,Kuala Langat,both,1735.0,5.3
2024-01-01,Selangor,Kuala Langat,female,733.0,4.7
2024-01-01,Selangor,Kuala Langat,male,1002.0,5.8
2024-01-01,Selangor,Kuala Selangor,both,1646.0,5.5
2024-01-01,Selangor,Kuala Selangor,female,708.0,4.9
2024-01-01,Selangor,Kuala Selangor,male,938.0,6.1
2024-01-01,Selangor,Petaling,both,9273.0,3.9
2024-01-01,Selangor,Petaling,female,3920.0,3.5
2024-01-01,Selangor,Petaling,male,5353.0,4.3
2024-01-01,Selangor,Sabak Bernam,both,1222.0,11.1
2024-01-01,Selangor,Sabak Bernam,female,531.0,10.1
2024-01-01,Selangor,Sabak Bernam,male,691.0,12.0
2024-01-01,Selangor,Sepang,both,1220.0,3.5
2024-01-01,Selangor,Sepang,female,516.0,3.2
2024-01-01,Selangor,Sepang,male,704.0,3.8
2024-01-01,Selangor,Ulu Langat,both,6654.0,4.4
2024-01-01,Selangor,Ulu Langat,female,2703.0,3.9
2024-01-01,Selangor,Ulu Langat,male,3951.0,4.9
2024-01-01,Selangor,Ulu Selangor,both,1448.0,5.6
2024-01-01,Selangor,Ulu Selangor,female,585.0,4.9
2024-01-01,Selangor,Ulu Selangor,male,863.0,6.2
2020-01-01,Terengganu,Besut,both,977.0,6.335927367055772
2020-01-01,Terengganu,Besut,female,459.0,6.06340819022457
2020-01-01,Terengganu,Besut,male,518.0,6.607142857142857
2020-01-01,Terengganu,Dungun,both,845.0,5.34471853257432
2020-01-01,Terengganu,Dungun,female,340.0,4.421326397919375
2020-01-01,Terengganu,Dungun,male,505.0,6.211562115621156
2020-01-01,Terengganu,Hulu Terengganu,both,515.0,7.367668097281831
2020-01-01,Terengganu,Hulu Terengganu,female,223.0,6.798780487804879
2020-01-01,Terengganu,Hulu Terengganu,male,292.0,7.870619946091644
2020-01-01,Terengganu,Kemaman,both,926.0,4.294990723562152
2020-01-01,Terengganu,Kemaman,female,390.0,3.801169590643275
2020-01-01,Terengganu,Kemaman,male,536.0,4.743362831858407
2020-01-01,Terengganu,Kuala Nerus,both,641.0,4.402472527472527
2020-01-01,Terengganu,Kuala Nerus,female,256.0,3.4972677595628414
2020-01-01,Terengganu,Kuala Nerus,male,385.0,5.310344827586207
2020-01-01,Terengganu,Kuala Terengganu,both,1709.0,7.436901653611836
2020-01-01,Terengganu,Kuala Terengganu,female,735.0,6.453028972783143
2020-01-01,Terengganu,Kuala Terengganu,male,974.0,8.403796376186367
2020-01-01,Terengganu,Marang,both,670.0,5.74614065180103
2020-01-01,Terengganu,Marang,female,270.0,4.72027972027972
2020-01-01,Terengganu,Marang,male,400.0,6.734006734006734
2020-01-01,Terengganu,Setiu,both,445.0,7.45393634840871
2020-01-01,Terengganu,Setiu,female,181.0,6.177474402730375
2020-01-01,Terengganu,Setiu,male,264.0,8.712871287128714
2021-01-01,Terengganu,Besut,both,1227.0,7.825255102040816
2021-01-01,Terengganu,Besut,female,550.0,7.142857142857143
2021-01-01,Terengganu,Besut,male,677.0,8.483709273182958
2021-01-01,Terengganu,Dungun,both,1161.0,7.224642190416927
2021-01-01,Terengganu,Dungun,female,527.0,6.747759282970551
2021-01-01,Terengganu,Dungun,male,634.0,7.675544794188863
2021-01-01,Terengganu,Hulu Terengganu,both,591.0,8.25418994413408
2021-01-01,Terengganu,Hulu Terengganu,female,290.0,8.682634730538922
2021-01-01,Terengganu,Hulu Terengganu,male,301.0,7.87958115183246
2021-01-01,Terengganu,Kemaman,both,1241.0,5.674439871970736
2021-01-01,Terengganu,Kemaman,female,523.0,5.028846153846154
2021-01-01,Terengganu,Kemaman,male,718.0,6.259808195292066
2021-01-01,Terengganu,Kuala Nerus,both,849.0,5.686537173476222
2021-01-01,Terengganu,Kuala Nerus,female,365.0,4.873164218958611
2021-01-01,Terengganu,Kuala Nerus,male,484.0,6.505376344086021
2021-01-01,Terengganu,Kuala Terengganu,both,2051.0,8.779965753424658
2021-01-01,Terengganu,Kuala Terengganu,female,930.0,8.038029386343993
2021-01-01,Terengganu,Kuala Terengganu,male,1121.0,9.516129032258064
2021-01-01,Terengganu,Marang,both,837.0,7.00418410041841
2021-01-01,Terengganu,Marang,female,399.0,6.808873720136519
2021-01-01,Terengganu,Marang,male,438.0,7.192118226600986
2021-01-01,Terengganu,Setiu,both,512.0,8.462809917355372
2021-01-01,Terengganu,Setiu,female,240.0,8.080808080808081
2021-01-01,Terengganu,Setiu,male,272.0,8.831168831168831
2022-01-01,Terengganu,Besut,both,1193.0,7.48901443816698
2022-01-01,Terengganu,Besut,female,550.0,7.0242656449553005
2022-01-01,Terengganu,Besut,male,643.0,7.938271604938271
2022-01-01,Terengganu,Dungun,both,1185.0,7.292307692307692
2022-01-01,Terengganu,Dungun,female,541.0,6.848101265822785
2022-01-01,Terengganu,Dungun,male,644.0,7.712574850299402
2022-01-01,Terengganu,Hulu Terengganu,both,647.0,8.948824343015215
2022-01-01,Terengganu,Hulu Terengganu,female,288.0,8.495575221238939
2022-01-01,Terengganu,Hulu Terengganu,male,359.0,9.348958333333334
2022-01-01,Terengganu,Kemaman,both,1306.0,5.890843482183131
2022-01-01,Terengganu,Kemaman,female,596.0,5.654648956356736
2022-01-01,Terengganu,Kemaman,male,710.0,6.104901117798796
2022-01-01,Terengganu,Kuala Nerus,both,696.0,4.606221045665123
2022-01-01,Terengganu,Kuala Nerus,female,306.0,4.036939313984169
2022-01-01,Terengganu,Kuala Nerus,male,390.0,5.179282868525896
2022-01-01,Terengganu,Kuala Terengganu,both,2261.0,9.55217574989438
2022-01-01,Terengganu,Kuala Terengganu,female,1015.0,8.645655877342419
2022-01-01,Terengganu,Kuala Terengganu,male,1246.0,10.444258172673932
2022-01-01,Terengganu,Marang,both,877.0,7.218106995884773
2022-01-01,Terengganu,Marang,female,406.0,6.8120805369127515
2022-01-01,Terengganu,Marang,male,471.0,7.609046849757674
2022-01-01,Terengganu,Setiu,both,521.0,8.471544715447154
2022-01-01,Terengganu,Setiu,female,222.0,7.3509933774834435
2022-01-01,Terengganu,Setiu,male,299.0,9.552715654952076
2023-01-01,Terengganu,Besut,both,1165.0,7.164821648216482
2023-01-01,Terengganu,Besut,female,496.0,6.215538847117795
2023-01-01,Terengganu,Besut,male,669.0,8.069963811821472
2023-01-01,Terengganu,Dungun,both,963.0,5.825771324863884
2023-01-01,Terengganu,Dungun,female,426.0,5.305105853051058
2023-01-01,Terengganu,Dungun,male,537.0,6.317647058823529
2023-01-01,Terengganu,Hulu Terengganu,both,584.0,7.924016282225237
2023-01-01,Terengganu,Hulu Terengganu,female,264.0,7.696793002915452
2023-01-01,Terengganu,Hulu Terengganu,male,320.0,8.121827411167512
2023-01-01,Terengganu,Kemaman,both,1147.0,5.05955006616674
2023-01-01,Terengganu,Kemaman,female,461.0,4.304388422035481
2023-01-01,Terengganu,Kemaman,male,686.0,5.735785953177258
2023-01-01,Terengganu,Kuala Nerus,both,821.0,5.345052083333334
2023-01-01,Terengganu,Kuala Nerus,female,364.0,4.7272727272727275
2023-01-01,Terengganu,Kuala Nerus,male,457.0,5.966057441253264
2023-01-01,Terengganu,Kuala Terengganu,both,1943.0,8.062240663900415
2023-01-01,Terengganu,Kuala Terengganu,female,867.0,7.261306532663316
2023-01-01,Terengganu,Kuala Terengganu,male,1076.0,8.848684210526317
2023-01-01,Terengganu,Marang,both,787.0,6.336553945249597
2023-01-01,Terengganu,Marang,female,344.0,5.657894736842105
2023-01-01,Terengganu,Marang,male,443.0,6.998420221169036
2023-01-01,Terengganu,Setiu,both,447.0,7.106518282988872
2023-01-01,Terengganu,Setiu,female,194.0,6.298701298701299
2023-01-01,Terengganu,Setiu,male,253.0,7.881619937694704
2024-01-01,Terengganu,Besut,both,1044.0,6.3
2024-01-01,Terengganu,Besut,female,485.0,6.0
2024-01-01,Terengganu,Besut,male,559.0,6.6
2024-01-01,Terengganu,Dungun,both,1062.0,6.3
2024-01-01,Terengganu,Dungun,female,452.0,5.5
2024-01-01,Terengganu,Dungun,male,610.0,7.1
2024-01-01,Terengganu,Hulu Terengganu,both,558.0,7.5
2024-01-01,Terengganu,Hulu Terengganu,female,260.0,7.5
2024-01-01,Terengganu,Hulu Terengganu,male,298.0,7.5
2024-01-01,Terengganu,Kemaman,both,1098.0,4.7
2024-01-01,Terengganu,Kemaman,female,460.0,4.2
2024-01-01,Terengganu,Kemaman,male,638.0,5.2
2024-01-01,Terengganu,Kuala Nerus,both,890.0,5.7
2024-01-01,Terengganu,Kuala Nerus,female,404.0,5.2
2024-01-01,Terengganu,Kuala Nerus,male,486.0,6.2
2024-01-01,Terengganu,Kuala Terengganu,both,1789.0,7.3
2024-01-01,Terengganu,Kuala Terengganu,female,801.0,6.6
2024-01-01,Terengganu,Kuala Terengganu,male,988.0,8.0
2024-01-01,Terengganu,Marang,both,800.0,6.3
2024-01-01,Terengganu,Marang,female,357.0,5.8
2024-01-01,Terengganu,Marang,male,443.0,6.8
2024-01-01,Terengganu,Setiu,both,427.0,6.6
2024-01-01,Terengganu,Setiu,female,201.0,6.4
2024-01-01,Terengganu,Setiu,male,226.0,6.9
2020-01-01,W.P. Kuala Lumpur,W.P. Kuala Lumpur,both,8318.0,4.19655920488371
2020-01-01,W.P. Kuala Lumpur,W.P. Kuala Lumpur,female,3518.0,3.810658578856152
2020-01-01,W.P. Kuala Lumpur,W.P. Kuala Lumpur,male,4800.0,4.533005949570309
2021-01-01,W.P. Kuala Lumpur,W.P. Kuala Lumpur,both,13334.0,6.789205702647658
2021-01-01,W.P. Kuala Lumpur,W.P. Kuala Lumpur,female,5645.0,6.143883326077493
2021-01-01,W.P. Kuala Lumpur,W.P. Kuala Lumpur,male,7689.0,7.356486796785304
2022-01-01,W.P. Kuala Lumpur,W.P. Kuala Lumpur,both,9962.0,5.079543136854987
2022-01-01,W.P. Kuala Lumpur,W.P. Kuala Lumpur,female,4256.0,4.624578941649462
2022-01-01,W.P. Kuala Lumpur,W.P. Kuala Lumpur,male,5706.0,5.482321291314374
2023-01-01,W.P. Kuala Lumpur,W.P. Kuala Lumpur,both,9646.0,4.809293513486563
2023-01-01,W.P. Kuala Lumpur,W.P. Kuala Lumpur,female,4115.0,4.4076692373607536
2023-01-01,W.P. Kuala Lumpur,W.P. Kuala Lumpur,male,5531.0,5.159033672232068
2024-01-01,W.P. Kuala Lumpur,W.P. Kuala Lumpur,both,9704.0,4.7
2024-01-01,W.P. Kuala Lumpur,W.P. Kuala Lumpur,female,4154.0,4.4
2024-01-01,W.P. Kuala Lumpur,W.P. Kuala Lumpur,male,5550.0,5.0
2020-01-01,W.P. Labuan,W.P. Labuan,both,314.0,3.3017875920084125
2020-01-01,W.P. Labuan,W.P. Labuan,female,135.0,2.922077922077922
2020-01-01,W.P. Labuan,W.P. Labuan,male,179.0,3.660531697341513
2021-01-01,W.P. Labuan,W.P. Labuan,both,517.0,5.385416666666667
2021-01-01,W.P. Labuan,W.P. Labuan,female,217.0,4.656652360515022
2021-01-01,W.P. Labuan,W.P. Labuan,male,300.0,6.0728744939271255
2022-01-01,W.P. Labuan,W.P. Labuan,both,392.0,4.045407636738906
2022-01-01,W.P. Labuan,W.P. Labuan,female,174.0,3.702127659574468
2022-01-01,W.P. Labuan,W.P. Labuan,male,218.0,4.377510040160643
2023-01-01,W.P. Labuan,W.P. Labuan,both,333.0,3.363636363636364
2023-01-01,W.P. Labuan,W.P. Labuan,female,139.0,2.883817427385892
2023-01-01,W.P. Labuan,W.P. Labuan,male,194.0,3.818897637795276
2024-01-01,W.P. Labuan,W.P. Labuan,both,391.0,3.9
2024-01-01,W.P. Labuan,W.P. Labuan,female,136.0,2.8
2024-01-01,W.P. Labuan,W.P. Labuan,male,255.0,4.9
2020-01-01,W.P. Putrajaya,W.P. Putrajaya,both,210.0,1.9230769230769231
2020-01-01,W.P. Putrajaya,W.P. Putrajaya,female,92.0,1.6546762589928057
2020-01-01,W.P. Putrajaya,W.P. Putrajaya,male,118.0,2.201492537313433
2021-01-01,W.P. Putrajaya,W.P. Putrajaya,both,266.0,2.3090277777777777
2021-01-01,W.P. Putrajaya,W.P. Putrajaya,female,112.0,1.9145299145299144
2021-01-01,W.P. Putrajaya,W.P. Putrajaya,male,154.0,2.7160493827160495
2022-01-01,W.P. Putrajaya,W.P. Putrajaya,both,253.0,2.1623931623931623
2022-01-01,W.P. Putrajaya,W.P. Putrajaya,female,114.0,1.9191919191919191
2022-01-01,W.P. Putrajaya,W.P. Putrajaya,male,139.0,2.413194444444444
2023-01-01,W.P. Putrajaya,W.P. Putrajaya,both,284.0,2.3905723905723906
2023-01-01,W.P. Putrajaya,W.P. Putrajaya,female,119.0,1.9767441860465116
2023-01-01,W.P. Putrajaya,W.P. Putrajaya,male,165.0,2.8156996587030716
2024-01-01,W.P. Putrajaya,W.P. Putrajaya,both,302.0,2.5
2024-01-01,W.P. Putrajaya,W.P. Putrajaya,female,133.0,2.2
2024-01-01,W.P. Putrajaya,W.P. Putrajaya,male,169.0,2.8
