state,date,sex,ethnicity,abs
Johor,2000-01-01,both,bumi_malay,6745.0
Johor,2000-01-01,female,bumi_malay,2760.0
Johor,2000-01-01,male,bumi_malay,3985.0
Johor,2000-01-01,both,bumi_other,44.0
Johor,2000-01-01,female,bumi_other,20.0
Johor,2000-01-01,male,bumi_other,24.0
Johor,2000-01-01,both,chinese,4125.0
Johor,2000-01-01,female,chinese,1764.0
Johor,2000-01-01,male,chinese,2361.0
Johor,2000-01-01,both,indian,808.0
Johor,2000-01-01,female,indian,279.0
Johor,2000-01-01,male,indian,529.0
Johor,2000-01-01,both,other_citizen,43.0
Johor,2000-01-01,female,other_citizen,16.0
Johor,2000-01-01,male,other_citizen,27.0
Johor,2000-01-01,both,other_noncitizen,379.0
Johor,2000-01-01,female,other_noncitizen,142.0
Johor,2000-01-01,male,other_noncitizen,237.0
Johor,2000-01-01,both,overall,12144.0
Johor,2000-01-01,female,overall,4981.0
Johor,2000-01-01,male,overall,7163.0
Johor,2001-01-01,both,bumi_malay,7295.0
Johor,2001-01-01,female,bumi_malay,3032.0
Johor,2001-01-01,male,bumi_malay,4263.0
Johor,2001-01-01,both,bumi_other,60.0
Johor,2001-01-01,female,bumi_other,14.0
Johor,2001-01-01,male,bumi_other,46.0
Johor,2001-01-01,both,chinese,4116.0
Johor,2001-01-01,female,chinese,1785.0
Johor,2001-01-01,male,chinese,2331.0
Johor,2001-01-01,both,indian,827.0
Johor,2001-01-01,female,indian,323.0
Johor,2001-01-01,male,indian,504.0
Johor,2001-01-01,both,other_citizen,80.0
Johor,2001-01-01,female,other_citizen,36.0
Johor,2001-01-01,male,other_citizen,44.0
Johor,2001-01-01,both,other_noncitizen,352.0
Johor,2001-01-01,female,other_noncitizen,160.0
Johor,2001-01-01,male,other_noncitizen,192.0
Johor,2001-01-01,both,overall,12730.0
Johor,2001-01-01,female,overall,5350.0
Johor,2001-01-01,male,overall,7380.0
Johor,2002-01-01,both,bumi_malay,7606.0
Johor,2002-01-01,female,bumi_malay,3274.0
Johor,2002-01-01,male,bumi_malay,4332.0
Johor,2002-01-01,both,bumi_other,63.0
Johor,2002-01-01,female,bumi_other,25.0
Johor,2002-01-01,male,bumi_other,38.0
Johor,2002-01-01,both,chinese,4459.0
Johor,2002-01-01,female,chinese,1910.0
Johor,2002-01-01,male,chinese,2549.0
Johor,2002-01-01,both,indian,881.0
Johor,2002-01-01,female,indian,286.0
Johor,2002-01-01,male,indian,595.0
Johor,2002-01-01,both,other_citizen,73.0
Johor,2002-01-01,female,other_citizen,28.0
Johor,2002-01-01,male,other_citizen,45.0
Johor,2002-01-01,both,other_noncitizen,377.0
Johor,2002-01-01,female,other_noncitizen,173.0
Johor,2002-01-01,male,other_noncitizen,204.0
Johor,2002-01-01,both,overall,13459.0
Johor,2002-01-01,female,overall,5696.0
Johor,2002-01-01,male,overall,7763.0
Johor,2003-01-01,both,bumi_malay,7640.0
Johor,2003-01-01,female,bumi_malay,3204.0
Johor,2003-01-01,male,bumi_malay,4436.0
Johor,2003-01-01,both,bumi_other,84.0
Johor,2003-01-01,female,bumi_other,29.0
Johor,2003-01-01,male,bumi_other,55.0
Johor,2003-01-01,both,chinese,4514.0
Johor,2003-01-01,female,chinese,1940.0
Johor,2003-01-01,male,chinese,2574.0
Johor,2003-01-01,both,indian,947.0
Johor,2003-01-01,female,indian,354.0
Johor,2003-01-01,male,indian,593.0
Johor,2003-01-01,both,other_citizen,84.0
Johor,2003-01-01,female,other_citizen,25.0
Johor,2003-01-01,male,other_citizen,59.0
Johor,2003-01-01,both,other_noncitizen,402.0
Johor,2003-01-01,female,other_noncitizen,186.0
Johor,2003-01-01,male,other_noncitizen,216.0
Johor,2003-01-01,both,overall,13671.0
Johor,2003-01-01,female,overall,5738.0
Johor,2003-01-01,male,overall,7933.0
Johor,2004-01-01,both,bumi_malay,7716.0
Johor,2004-01-01,female,bumi_malay,3253.0
Johor,2004-01-01,male,bumi_malay,4463.0
Johor,2004-01-01,both,bumi_other,84.0
Johor,2004-01-01,female,bumi_other,28.0
Johor,2004-01-01,male,bumi_other,56.0
Johor,2004-01-01,both,chinese,4595.0
Johor,2004-01-01,female,chinese,1982.0
Johor,2004-01-01,male,chinese,2613.0
Johor,2004-01-01,both,indian,965.0
Johor,2004-01-01,female,indian,350.0
Johor,2004-01-01,male,indian,615.0
Johor,2004-01-01,both,other_citizen,85.0
Johor,2004-01-01,female,other_citizen,31.0
Johor,2004-01-01,male,other_citizen,54.0
Johor,2004-01-01,both,other_noncitizen,397.0
Johor,2004-01-01,female,other_noncitizen,177.0
Johor,2004-01-01,male,other_noncitizen,220.0
Johor,2004-01-01,both,overall,13842.0
Johor,2004-01-01,female,overall,5821.0
Johor,2004-01-01,male,overall,8021.0
Johor,2005-01-01,both,bumi_malay,7969.0
Johor,2005-01-01,female,bumi_malay,3387.0
Johor,2005-01-01,male,bumi_malay,4582.0
Johor,2005-01-01,both,bumi_other,86.0
Johor,2005-01-01,female,bumi_other,37.0
Johor,2005-01-01,male,bumi_other,49.0
Johor,2005-01-01,both,chinese,4631.0
Johor,2005-01-01,female,chinese,2009.0
Johor,2005-01-01,male,chinese,2622.0
Johor,2005-01-01,both,indian,1000.0
Johor,2005-01-01,female,indian,344.0
Johor,2005-01-01,male,indian,656.0
Johor,2005-01-01,both,other_citizen,91.0
Johor,2005-01-01,female,other_citizen,29.0
Johor,2005-01-01,male,other_citizen,62.0
Johor,2005-01-01,both,other_noncitizen,375.0
Johor,2005-01-01,female,other_noncitizen,152.0
Johor,2005-01-01,male,other_noncitizen,223.0
Johor,2005-01-01,both,overall,14152.0
Johor,2005-01-01,female,overall,5958.0
Johor,2005-01-01,male,overall,8194.0
Johor,2006-01-01,both,bumi_malay,8177.0
Johor,2006-01-01,female,bumi_malay,3463.0
Johor,2006-01-01,male,bumi_malay,4714.0
Johor,2006-01-01,both,bumi_other,92.0
Johor,2006-01-01,female,bumi_other,23.0
Johor,2006-01-01,male,bumi_other,69.0
Johor,2006-01-01,both,chinese,4698.0
Johor,2006-01-01,female,chinese,1945.0
Johor,2006-01-01,male,chinese,2753.0
Johor,2006-01-01,both,indian,1093.0
Johor,2006-01-01,female,indian,385.0
Johor,2006-01-01,male,indian,708.0
Johor,2006-01-01,both,other_citizen,78.0
Johor,2006-01-01,female,other_citizen,24.0
Johor,2006-01-01,male,other_citizen,54.0
Johor,2006-01-01,both,other_noncitizen,408.0
Johor,2006-01-01,female,other_noncitizen,156.0
Johor,2006-01-01,male,other_noncitizen,252.0
Johor,2006-01-01,both,overall,14546.0
Johor,2006-01-01,female,overall,5996.0
Johor,2006-01-01,male,overall,8550.0
Johor,2007-01-01,both,bumi_malay,8539.0
Johor,2007-01-01,female,bumi_malay,3529.0
Johor,2007-01-01,male,bumi_malay,5010.0
Johor,2007-01-01,both,bumi_other,129.0
Johor,2007-01-01,female,bumi_other,56.0
Johor,2007-01-01,male,bumi_other,73.0
Johor,2007-01-01,both,chinese,4892.0
Johor,2007-01-01,female,chinese,2036.0
Johor,2007-01-01,male,chinese,2856.0
Johor,2007-01-01,both,indian,1101.0
Johor,2007-01-01,female,indian,377.0
Johor,2007-01-01,male,indian,724.0
Johor,2007-01-01,both,other_citizen,90.0
Johor,2007-01-01,female,other_citizen,35.0
Johor,2007-01-01,male,other_citizen,55.0
Johor,2007-01-01,both,other_noncitizen,414.0
Johor,2007-01-01,female,other_noncitizen,147.0
Johor,2007-01-01,male,other_noncitizen,267.0
Johor,2007-01-01,both,overall,15165.0
Johor,2007-01-01,female,overall,6180.0
Johor,2007-01-01,male,overall,8985.0
Johor,2008-01-01,both,bumi_malay,8967.0
Johor,2008-01-01,female,bumi_malay,3818.0
Johor,2008-01-01,male,bumi_malay,5149.0
Johor,2008-01-01,both,bumi_other,139.0
Johor,2008-01-01,female,bumi_other,51.0
Johor,2008-01-01,male,bumi_other,88.0
Johor,2008-01-01,both,chinese,5204.0
Johor,2008-01-01,female,chinese,2119.0
Johor,2008-01-01,male,chinese,3085.0
Johor,2008-01-01,both,indian,1143.0
Johor,2008-01-01,female,indian,403.0
Johor,2008-01-01,male,indian,740.0
Johor,2008-01-01,both,other_citizen,84.0
Johor,2008-01-01,female,other_citizen,27.0
Johor,2008-01-01,male,other_citizen,57.0
Johor,2008-01-01,both,other_noncitizen,389.0
Johor,2008-01-01,female,other_noncitizen,163.0
Johor,2008-01-01,male,other_noncitizen,226.0
Johor,2008-01-01,both,overall,15926.0
Johor,2008-01-01,female,overall,6581.0
Johor,2008-01-01,male,overall,9345.0
Johor,2009-01-01,both,bumi_malay,8961.0
Johor,2009-01-01,female,bumi_malay,3768.0
Johor,2009-01-01,male,bumi_malay,5193.0
Johor,2009-01-01,both,bumi_other,115.0
Johor,2009-01-01,female,bumi_other,43.0
Johor,2009-01-01,male,bumi_other,72.0
Johor,2009-01-01,both,chinese,5190.0
Johor,2009-01-01,female,chinese,2151.0
Johor,2009-01-01,male,chinese,3039.0
Johor,2009-01-01,both,indian,1166.0
Johor,2009-01-01,female,indian,409.0
Johor,2009-01-01,male,indian,757.0
Johor,2009-01-01,both,other_citizen,101.0
Johor,2009-01-01,female,other_citizen,36.0
Johor,2009-01-01,male,other_citizen,65.0
Johor,2009-01-01,both,other_noncitizen,438.0
Johor,2009-01-01,female,other_noncitizen,180.0
Johor,2009-01-01,male,other_noncitizen,258.0
Johor,2009-01-01,both,overall,15971.0
Johor,2009-01-01,female,overall,6587.0
Johor,2009-01-01,male,overall,9384.0
Johor,2010-01-01,both,bumi_malay,8997.0
Johor,2010-01-01,female,bumi_malay,3712.0
Johor,2010-01-01,male,bumi_malay,5285.0
Johor,2010-01-01,both,bumi_other,127.0
Johor,2010-01-01,female,bumi_other,41.0
Johor,2010-01-01,male,bumi_other,86.0
Johor,2010-01-01,both,chinese,5169.0
Johor,2010-01-01,female,chinese,2139.0
Johor,2010-01-01,male,chinese,3030.0
Johor,2010-01-01,both,indian,1218.0
Johor,2010-01-01,female,indian,449.0
Johor,2010-01-01,male,indian,769.0
Johor,2010-01-01,both,other_citizen,93.0
Johor,2010-01-01,female,other_citizen,28.0
Johor,2010-01-01,male,other_citizen,65.0
Johor,2010-01-01,both,other_noncitizen,456.0
Johor,2010-01-01,female,other_noncitizen,170.0
Johor,2010-01-01,male,other_noncitizen,286.0
Johor,2010-01-01,both,overall,16060.0
Johor,2010-01-01,female,overall,6539.0
Johor,2010-01-01,male,overall,9521.0
Johor,2011-01-01,both,bumi_malay,9149.0
Johor,2011-01-01,female,bumi_malay,3876.0
Johor,2011-01-01,male,bumi_malay,5273.0
Johor,2011-01-01,both,bumi_other,114.0
Johor,2011-01-01,female,bumi_other,44.0
Johor,2011-01-01,male,bumi_other,70.0
Johor,2011-01-01,both,chinese,5407.0
Johor,2011-01-01,female,chinese,2275.0
Johor,2011-01-01,male,chinese,3132.0
Johor,2011-01-01,both,indian,1273.0
Johor,2011-01-01,female,indian,463.0
Johor,2011-01-01,male,indian,810.0
Johor,2011-01-01,both,other_citizen,102.0
Johor,2011-01-01,female,other_citizen,39.0
Johor,2011-01-01,male,other_citizen,63.0
Johor,2011-01-01,both,other_noncitizen,434.0
Johor,2011-01-01,female,other_noncitizen,178.0
Johor,2011-01-01,male,other_noncitizen,256.0
Johor,2011-01-01,both,overall,16479.0
Johor,2011-01-01,female,overall,6875.0
Johor,2011-01-01,male,overall,9604.0
Johor,2012-01-01,both,bumi_malay,9622.0
Johor,2012-01-01,female,bumi_malay,4148.0
Johor,2012-01-01,male,bumi_malay,5474.0
Johor,2012-01-01,both,bumi_other,142.0
Johor,2012-01-01,female,bumi_other,62.0
Johor,2012-01-01,male,bumi_other,80.0
Johor,2012-01-01,both,chinese,5599.0
Johor,2012-01-01,female,chinese,2341.0
Johor,2012-01-01,male,chinese,3258.0
Johor,2012-01-01,both,indian,1264.0
Johor,2012-01-01,female,indian,442.0
Johor,2012-01-01,male,indian,822.0
Johor,2012-01-01,both,other_citizen,124.0
Johor,2012-01-01,female,other_citizen,42.0
Johor,2012-01-01,male,other_citizen,82.0
Johor,2012-01-01,both,other_noncitizen,450.0
Johor,2012-01-01,female,other_noncitizen,177.0
Johor,2012-01-01,male,other_noncitizen,273.0
Johor,2012-01-01,both,overall,17201.0
Johor,2012-01-01,female,overall,7212.0
Johor,2012-01-01,male,overall,9989.0
Johor,2013-01-01,both,bumi_malay,9858.0
Johor,2013-01-01,female,bumi_malay,4231.0
Johor,2013-01-01,male,bumi_malay,5627.0
Johor,2013-01-01,both,bumi_other,143.0
Johor,2013-01-01,female,bumi_other,54.0
Johor,2013-01-01,male,bumi_other,89.0
Johor,2013-01-01,both,chinese,5779.0
Johor,2013-01-01,female,chinese,2326.0
Johor,2013-01-01,male,chinese,3453.0
Johor,2013-01-01,both,indian,1372.0
Johor,2013-01-01,female,indian,508.0
Johor,2013-01-01,male,indian,864.0
Johor,2013-01-01,both,other_citizen,126.0
Johor,2013-01-01,female,other_citizen,47.0
Johor,2013-01-01,male,other_citizen,79.0
Johor,2013-01-01,both,other_noncitizen,418.0
Johor,2013-01-01,female,other_noncitizen,169.0
Johor,2013-01-01,male,other_noncitizen,249.0
Johor,2013-01-01,both,overall,17696.0
Johor,2013-01-01,female,overall,7335.0
Johor,2013-01-01,male,overall,10361.0
Johor,2014-01-01,both,bumi_malay,9875.0
Johor,2014-01-01,female,bumi_malay,4204.0
Johor,2014-01-01,male,bumi_malay,5671.0
Johor,2014-01-01,both,bumi_other,145.0
Johor,2014-01-01,female,bumi_other,55.0
Johor,2014-01-01,male,bumi_other,90.0
Johor,2014-01-01,both,chinese,5945.0
Johor,2014-01-01,female,chinese,2448.0
Johor,2014-01-01,male,chinese,3497.0
Johor,2014-01-01,both,indian,1390.0
Johor,2014-01-01,female,indian,485.0
Johor,2014-01-01,male,indian,905.0
Johor,2014-01-01,both,other_citizen,122.0
Johor,2014-01-01,female,other_citizen,36.0
Johor,2014-01-01,male,other_citizen,86.0
Johor,2014-01-01,both,other_noncitizen,427.0
Johor,2014-01-01,female,other_noncitizen,159.0
Johor,2014-01-01,male,other_noncitizen,268.0
Johor,2014-01-01,both,overall,17904.0
Johor,2014-01-01,female,overall,7387.0
Johor,2014-01-01,male,overall,10517.0
Johor,2015-01-01,both,bumi_malay,10474.0
Johor,2015-01-01,female,bumi_malay,4466.0
Johor,2015-01-01,male,bumi_malay,6008.0
Johor,2015-01-01,both,bumi_other,165.0
Johor,2015-01-01,female,bumi_other,76.0
Johor,2015-01-01,male,bumi_other,89.0
Johor,2015-01-01,both,chinese,6178.0
Johor,2015-01-01,female,chinese,2509.0
Johor,2015-01-01,male,chinese,3669.0
Johor,2015-01-01,both,indian,1478.0
Johor,2015-01-01,female,indian,551.0
Johor,2015-01-01,male,indian,927.0
Johor,2015-01-01,both,other_citizen,125.0
Johor,2015-01-01,female,other_citizen,39.0
Johor,2015-01-01,male,other_citizen,86.0
Johor,2015-01-01,both,other_noncitizen,433.0
Johor,2015-01-01,female,other_noncitizen,167.0
Johor,2015-01-01,male,other_noncitizen,266.0
Johor,2015-01-01,both,overall,18853.0
Johor,2015-01-01,female,overall,7808.0
Johor,2015-01-01,male,overall,11045.0
Johor,2016-01-01,both,bumi_malay,11156.0
Johor,2016-01-01,female,bumi_malay,4767.0
Johor,2016-01-01,male,bumi_malay,6389.0
Johor,2016-01-01,both,bumi_other,176.0
Johor,2016-01-01,female,bumi_other,70.0
Johor,2016-01-01,male,bumi_other,106.0
Johor,2016-01-01,both,chinese,6404.0
Johor,2016-01-01,female,chinese,2599.0
Johor,2016-01-01,male,chinese,3805.0
Johor,2016-01-01,both,indian,1550.0
Johor,2016-01-01,female,indian,580.0
Johor,2016-01-01,male,indian,970.0
Johor,2016-01-01,both,other_citizen,151.0
Johor,2016-01-01,female,other_citizen,52.0
Johor,2016-01-01,male,other_citizen,99.0
Johor,2016-01-01,both,other_noncitizen,487.0
Johor,2016-01-01,female,other_noncitizen,182.0
Johor,2016-01-01,male,other_noncitizen,305.0
Johor,2016-01-01,both,overall,19924.0
Johor,2016-01-01,female,overall,8250.0
Johor,2016-01-01,male,overall,11674.0
Johor,2017-01-01,both,bumi_malay,11547.0
Johor,2017-01-01,female,bumi_malay,4911.0
Johor,2017-01-01,male,bumi_malay,6636.0
Johor,2017-01-01,both,bumi_other,193.0
Johor,2017-01-01,female,bumi_other,69.0
Johor,2017-01-01,male,bumi_other,124.0
Johor,2017-01-01,both,chinese,6641.0
Johor,2017-01-01,female,chinese,2717.0
Johor,2017-01-01,male,chinese,3924.0
Johor,2017-01-01,both,indian,1658.0
Johor,2017-01-01,female,indian,658.0
Johor,2017-01-01,male,indian,1000.0
Johor,2017-01-01,both,other_citizen,143.0
Johor,2017-01-01,female,other_citizen,46.0
Johor,2017-01-01,male,other_citizen,97.0
Johor,2017-01-01,both,other_noncitizen,480.0
Johor,2017-01-01,female,other_noncitizen,185.0
Johor,2017-01-01,male,other_noncitizen,295.0
Johor,2017-01-01,both,overall,20662.0
Johor,2017-01-01,female,overall,8586.0
Johor,2017-01-01,male,overall,12076.0
Johor,2018-01-01,both,bumi_malay,11812.0
Johor,2018-01-01,female,bumi_malay,5027.0
Johor,2018-01-01,male,bumi_malay,6785.0
Johor,2018-01-01,both,bumi_other,173.0
Johor,2018-01-01,female,bumi_other,64.0
Johor,2018-01-01,male,bumi_other,109.0
Johor,2018-01-01,both,chinese,6773.0
Johor,2018-01-01,female,chinese,2750.0
Johor,2018-01-01,male,chinese,4023.0
Johor,2018-01-01,both,indian,1708.0
Johor,2018-01-01,female,indian,652.0
Johor,2018-01-01,male,indian,1056.0
Johor,2018-01-01,both,other_citizen,153.0
Johor,2018-01-01,female,other_citizen,46.0
Johor,2018-01-01,male,other_citizen,107.0
Johor,2018-01-01,both,other_noncitizen,498.0
Johor,2018-01-01,female,other_noncitizen,194.0
Johor,2018-01-01,male,other_noncitizen,304.0
Johor,2018-01-01,both,overall,21117.0
Johor,2018-01-01,female,overall,8733.0
Johor,2018-01-01,male,overall,12384.0
Johor,2019-01-01,both,bumi_malay,12162.0
Johor,2019-01-01,female,bumi_malay,5234.0
Johor,2019-01-01,male,bumi_malay,6928.0
Johor,2019-01-01,both,bumi_other,189.0
Johor,2019-01-01,female,bumi_other,77.0
Johor,2019-01-01,male,bumi_other,112.0
Johor,2019-01-01,both,chinese,6967.0
Johor,2019-01-01,female,chinese,2817.0
Johor,2019-01-01,male,chinese,4150.0
Johor,2019-01-01,both,indian,1835.0
Johor,2019-01-01,female,indian,685.0
Johor,2019-01-01,male,indian,1150.0
Johor,2019-01-01,both,other_citizen,159.0
Johor,2019-01-01,female,other_citizen,51.0
Johor,2019-01-01,male,other_citizen,108.0
Johor,2019-01-01,both,other_noncitizen,487.0
Johor,2019-01-01,female,other_noncitizen,175.0
Johor,2019-01-01,male,other_noncitizen,312.0
Johor,2019-01-01,both,overall,21799.0
Johor,2019-01-01,female,overall,9039.0
Johor,2019-01-01,male,overall,12760.0
Johor,2020-01-01,both,bumi_malay,11476.0
Johor,2020-01-01,female,bumi_malay,4831.0
Johor,2020-01-01,male,bumi_malay,6645.0
Johor,2020-01-01,both,bumi_other,230.0
Johor,2020-01-01,female,bumi_other,91.0
Johor,2020-01-01,male,bumi_other,139.0
Johor,2020-01-01,both,chinese,6802.0
Johor,2020-01-01,female,chinese,2744.0
Johor,2020-01-01,male,chinese,4058.0
Johor,2020-01-01,both,indian,1574.0
Johor,2020-01-01,female,indian,584.0
Johor,2020-01-01,male,indian,990.0
Johor,2020-01-01,both,other_citizen,146.0
Johor,2020-01-01,female,other_citizen,52.0
Johor,2020-01-01,male,other_citizen,94.0
Johor,2020-01-01,both,other_noncitizen,418.0
Johor,2020-01-01,female,other_noncitizen,150.0
Johor,2020-01-01,male,other_noncitizen,268.0
Johor,2020-01-01,both,overall,20646.0
Johor,2020-01-01,female,overall,8452.0
Johor,2020-01-01,male,overall,12194.0
Johor,2021-01-01,both,bumi_malay,15290.0
Johor,2021-01-01,female,bumi_malay,6736.0
Johor,2021-01-01,male,bumi_malay,8554.0
Johor,2021-01-01,both,bumi_other,330.0
Johor,2021-01-01,female,bumi_other,141.0
Johor,2021-01-01,male,bumi_other,189.0
Johor,2021-01-01,both,chinese,8095.0
Johor,2021-01-01,female,chinese,3215.0
Johor,2021-01-01,male,chinese,4880.0
Johor,2021-01-01,both,indian,2059.0
Johor,2021-01-01,female,indian,879.0
Johor,2021-01-01,male,indian,1180.0
Johor,2021-01-01,both,other_citizen,212.0
Johor,2021-01-01,female,other_citizen,71.0
Johor,2021-01-01,male,other_citizen,141.0
Johor,2021-01-01,both,other_noncitizen,965.0
Johor,2021-01-01,female,other_noncitizen,360.0
Johor,2021-01-01,male,other_noncitizen,605.0
Johor,2021-01-01,both,overall,26951.0
Johor,2021-01-01,female,overall,11402.0
Johor,2021-01-01,male,overall,15549.0
Johor,2022-01-01,both,bumi_malay,14317.0
Johor,2022-01-01,female,bumi_malay,6296.0
Johor,2022-01-01,male,bumi_malay,8021.0
Johor,2022-01-01,both,bumi_other,257.0
Johor,2022-01-01,female,bumi_other,106.0
Johor,2022-01-01,male,bumi_other,151.0
Johor,2022-01-01,both,chinese,8090.0
Johor,2022-01-01,female,chinese,3290.0
Johor,2022-01-01,male,chinese,4800.0
Johor,2022-01-01,both,indian,1912.0
Johor,2022-01-01,female,indian,752.0
Johor,2022-01-01,male,indian,1160.0
Johor,2022-01-01,both,other_citizen,185.0
Johor,2022-01-01,female,other_citizen,72.0
Johor,2022-01-01,male,other_citizen,113.0
Johor,2022-01-01,both,other_noncitizen,544.0
Johor,2022-01-01,female,other_noncitizen,171.0
Johor,2022-01-01,male,other_noncitizen,373.0
Johor,2022-01-01,both,overall,25305.0
Johor,2022-01-01,female,overall,10687.0
Johor,2022-01-01,male,overall,14618.0
Johor,2023-01-01,both,bumi_malay,13563.0
Johor,2023-01-01,female,bumi_malay,5909.0
Johor,2023-01-01,male,bumi_malay,7654.0
Johor,2023-01-01,both,bumi_other,224.0
Johor,2023-01-01,female,bumi_other,84.0
Johor,2023-01-01,male,bumi_other,140.0
Johor,2023-01-01,both,chinese,8182.0
Johor,2023-01-01,female,chinese,3424.0
Johor,2023-01-01,male,chinese,4758.0
Johor,2023-01-01,both,indian,1989.0
Johor,2023-01-01,female,indian,794.0
Johor,2023-01-01,male,indian,1195.0
Johor,2023-01-01,both,other_citizen,
Johor,2023-01-01,female,other_citizen,
Johor,2023-01-01,male,other_citizen,
Johor,2023-01-01,both,other_noncitizen,
Johor,2023-01-01,female,other_noncitizen,
Johor,2023-01-01,male,other_noncitizen,
Johor,2023-01-01,both,overall,24705.0
Johor,2023-01-01,female,overall,10505.0
Johor,2023-01-01,male,overall,14200.0
Johor,2024-01-01,both,bumi_malay,13868.0
Johor,2024-01-01,female,bumi_malay,6094.0
Johor,2024-01-01,male,bumi_malay,7774.0
Johor,2024-01-01,both,bumi_other,251.0
Johor,2024-01-01,female,bumi_other,99.0
Johor,2024-01-01,male,bumi_other,152.0
Johor,2024-01-01,both,chinese,8190.0
Johor,2024-01-01,female,chinese,3274.0
Johor,2024-01-01,male,chinese,4916.0
Johor,2024-01-01,both,indian,1977.0
Johor,2024-01-01,female,indian,817.0
Johor,2024-01-01,male,indian,1160.0
Johor,2024-01-01,both,other_citizen,
Johor,2024-01-01,female,other_citizen,
Johor,2024-01-01,male,other_citizen,
Johor,2024-01-01,both,other_noncitizen,
Johor,2024-01-01,female,other_noncitizen,
Johor,2024-01-01,male,other_noncitizen,
Johor,2024-01-01,both,overall,25031.0
Johor,2024-01-01,female,overall,10539.0
Johor,2024-01-01,male,overall,14492.0
Kedah,2000-01-01,both,bumi_malay,6672.0
Kedah,2000-01-01,female,bumi_malay,2971.0
Kedah,2000-01-01,male,bumi_malay,3701.0
Kedah,2000-01-01,both,bumi_other,8.0
Kedah,2000-01-01,female,bumi_other,5.0
Kedah,2000-01-01,male,bumi_other,3.0
Kedah,2000-01-01,both,chinese,1402.0
Kedah,2000-01-01,female,chinese,557.0
Kedah,2000-01-01,male,chinese,845.0
Kedah,2000-01-01,both,indian,646.0
Kedah,2000-01-01,female,indian,220.0
Kedah,2000-01-01,male,indian,426.0
Kedah,2000-01-01,both,other_citizen,128.0
Kedah,2000-01-01,female,other_citizen,58.0
Kedah,2000-01-01,male,other_citizen,70.0
Kedah,2000-01-01,both,other_noncitizen,126.0
Kedah,2000-01-01,female,other_noncitizen,61.0
Kedah,2000-01-01,male,other_noncitizen,65.0
Kedah,2000-01-01,both,overall,8982.0
Kedah,2000-01-01,female,overall,3872.0
Kedah,2000-01-01,male,overall,5110.0
Kedah,2001-01-01,both,bumi_malay,6881.0
Kedah,2001-01-01,female,bumi_malay,3033.0
Kedah,2001-01-01,male,bumi_malay,3848.0
Kedah,2001-01-01,both,bumi_other,7.0
Kedah,2001-01-01,female,bumi_other,3.0
Kedah,2001-01-01,male,bumi_other,4.0
Kedah,2001-01-01,both,chinese,1416.0
Kedah,2001-01-01,female,chinese,572.0
Kedah,2001-01-01,male,chinese,844.0
Kedah,2001-01-01,both,indian,628.0
Kedah,2001-01-01,female,indian,235.0
Kedah,2001-01-01,male,indian,393.0
Kedah,2001-01-01,both,other_citizen,149.0
Kedah,2001-01-01,female,other_citizen,73.0
Kedah,2001-01-01,male,other_citizen,76.0
Kedah,2001-01-01,both,other_noncitizen,116.0
Kedah,2001-01-01,female,other_noncitizen,63.0
Kedah,2001-01-01,male,other_noncitizen,53.0
Kedah,2001-01-01,both,overall,9197.0
Kedah,2001-01-01,female,overall,3979.0
Kedah,2001-01-01,male,overall,5218.0
Kedah,2002-01-01,both,bumi_malay,7346.0
Kedah,2002-01-01,female,bumi_malay,3225.0
Kedah,2002-01-01,male,bumi_malay,4121.0
Kedah,2002-01-01,both,bumi_other,7.0
Kedah,2002-01-01,female,bumi_other,2.0
Kedah,2002-01-01,male,bumi_other,5.0
Kedah,2002-01-01,both,chinese,1538.0
Kedah,2002-01-01,female,chinese,647.0
Kedah,2002-01-01,male,chinese,891.0
Kedah,2002-01-01,both,indian,756.0
Kedah,2002-01-01,female,indian,284.0
Kedah,2002-01-01,male,indian,472.0
Kedah,2002-01-01,both,other_citizen,151.0
Kedah,2002-01-01,female,other_citizen,65.0
Kedah,2002-01-01,male,other_citizen,86.0
Kedah,2002-01-01,both,other_noncitizen,127.0
Kedah,2002-01-01,female,other_noncitizen,74.0
Kedah,2002-01-01,male,other_noncitizen,53.0
Kedah,2002-01-01,both,overall,9925.0
Kedah,2002-01-01,female,overall,4297.0
Kedah,2002-01-01,male,overall,5628.0
Kedah,2003-01-01,both,bumi_malay,7783.0
Kedah,2003-01-01,female,bumi_malay,3503.0
Kedah,2003-01-01,male,bumi_malay,4280.0
Kedah,2003-01-01,both,bumi_other,7.0
Kedah,2003-01-01,female,bumi_other,3.0
Kedah,2003-01-01,male,bumi_other,4.0
Kedah,2003-01-01,both,chinese,1540.0
Kedah,2003-01-01,female,chinese,625.0
Kedah,2003-01-01,male,chinese,915.0
Kedah,2003-01-01,both,indian,682.0
Kedah,2003-01-01,female,indian,241.0
Kedah,2003-01-01,male,indian,441.0
Kedah,2003-01-01,both,other_citizen,165.0
Kedah,2003-01-01,female,other_citizen,66.0
Kedah,2003-01-01,male,other_citizen,99.0
Kedah,2003-01-01,both,other_noncitizen,134.0
Kedah,2003-01-01,female,other_noncitizen,73.0
Kedah,2003-01-01,male,other_noncitizen,61.0
Kedah,2003-01-01,both,overall,10311.0
Kedah,2003-01-01,female,overall,4511.0
Kedah,2003-01-01,male,overall,5800.0
Kedah,2004-01-01,both,bumi_malay,7534.0
Kedah,2004-01-01,female,bumi_malay,3340.0
Kedah,2004-01-01,male,bumi_malay,4194.0
Kedah,2004-01-01,both,bumi_other,9.0
Kedah,2004-01-01,female,bumi_other,4.0
Kedah,2004-01-01,male,bumi_other,5.0
Kedah,2004-01-01,both,chinese,1548.0
Kedah,2004-01-01,female,chinese,626.0
Kedah,2004-01-01,male,chinese,922.0
Kedah,2004-01-01,both,indian,717.0
Kedah,2004-01-01,female,indian,253.0
Kedah,2004-01-01,male,indian,464.0
Kedah,2004-01-01,both,other_citizen,164.0
Kedah,2004-01-01,female,other_citizen,68.0
Kedah,2004-01-01,male,other_citizen,96.0
Kedah,2004-01-01,both,other_noncitizen,123.0
Kedah,2004-01-01,female,other_noncitizen,58.0
Kedah,2004-01-01,male,other_noncitizen,65.0
Kedah,2004-01-01,both,overall,10095.0
Kedah,2004-01-01,female,overall,4349.0
Kedah,2004-01-01,male,overall,5746.0
Kedah,2005-01-01,both,bumi_malay,7729.0
Kedah,2005-01-01,female,bumi_malay,3480.0
Kedah,2005-01-01,male,bumi_malay,4249.0
Kedah,2005-01-01,both,bumi_other,17.0
Kedah,2005-01-01,female,bumi_other,12.0
Kedah,2005-01-01,male,bumi_other,5.0
Kedah,2005-01-01,both,chinese,1572.0
Kedah,2005-01-01,female,chinese,653.0
Kedah,2005-01-01,male,chinese,919.0
Kedah,2005-01-01,both,indian,697.0
Kedah,2005-01-01,female,indian,252.0
Kedah,2005-01-01,male,indian,445.0
Kedah,2005-01-01,both,other_citizen,127.0
Kedah,2005-01-01,female,other_citizen,47.0
Kedah,2005-01-01,male,other_citizen,80.0
Kedah,2005-01-01,both,other_noncitizen,138.0
Kedah,2005-01-01,female,other_noncitizen,66.0
Kedah,2005-01-01,male,other_noncitizen,72.0
Kedah,2005-01-01,both,overall,10280.0
Kedah,2005-01-01,female,overall,4510.0
Kedah,2005-01-01,male,overall,5770.0
Kedah,2006-01-01,both,bumi_malay,8091.0
Kedah,2006-01-01,female,bumi_malay,3587.0
Kedah,2006-01-01,male,bumi_malay,4504.0
Kedah,2006-01-01,both,bumi_other,10.0
Kedah,2006-01-01,female,bumi_other,3.0
Kedah,2006-01-01,male,bumi_other,7.0
Kedah,2006-01-01,both,chinese,1570.0
Kedah,2006-01-01,female,chinese,617.0
Kedah,2006-01-01,male,chinese,953.0
Kedah,2006-01-01,both,indian,736.0
Kedah,2006-01-01,female,indian,278.0
Kedah,2006-01-01,male,indian,458.0
Kedah,2006-01-01,both,other_citizen,159.0
Kedah,2006-01-01,female,other_citizen,60.0
Kedah,2006-01-01,male,other_citizen,99.0
Kedah,2006-01-01,both,other_noncitizen,132.0
Kedah,2006-01-01,female,other_noncitizen,76.0
Kedah,2006-01-01,male,other_noncitizen,56.0
Kedah,2006-01-01,both,overall,10698.0
Kedah,2006-01-01,female,overall,4621.0
Kedah,2006-01-01,male,overall,6077.0
Kedah,2007-01-01,both,bumi_malay,8257.0
Kedah,2007-01-01,female,bumi_malay,3660.0
Kedah,2007-01-01,male,bumi_malay,4597.0
Kedah,2007-01-01,both,bumi_other,16.0
Kedah,2007-01-01,female,bumi_other,10.0
Kedah,2007-01-01,male,bumi_other,6.0
Kedah,2007-01-01,both,chinese,1517.0
Kedah,2007-01-01,female,chinese,617.0
Kedah,2007-01-01,male,chinese,900.0
Kedah,2007-01-01,both,indian,754.0
Kedah,2007-01-01,female,indian,283.0
Kedah,2007-01-01,male,indian,471.0
Kedah,2007-01-01,both,other_citizen,174.0
Kedah,2007-01-01,female,other_citizen,61.0
Kedah,2007-01-01,male,other_citizen,113.0
Kedah,2007-01-01,both,other_noncitizen,129.0
Kedah,2007-01-01,female,other_noncitizen,56.0
Kedah,2007-01-01,male,other_noncitizen,73.0
Kedah,2007-01-01,both,overall,10847.0
Kedah,2007-01-01,female,overall,4687.0
Kedah,2007-01-01,male,overall,6160.0
Kedah,2008-01-01,both,bumi_malay,8307.0
Kedah,2008-01-01,female,bumi_malay,3664.0
Kedah,2008-01-01,male,bumi_malay,4643.0
Kedah,2008-01-01,both,bumi_other,17.0
Kedah,2008-01-01,female,bumi_other,4.0
Kedah,2008-01-01,male,bumi_other,13.0
Kedah,2008-01-01,both,chinese,1652.0
Kedah,2008-01-01,female,chinese,645.0
Kedah,2008-01-01,male,chinese,1007.0
Kedah,2008-01-01,both,indian,776.0
Kedah,2008-01-01,female,indian,291.0
Kedah,2008-01-01,male,indian,485.0
Kedah,2008-01-01,both,other_citizen,163.0
Kedah,2008-01-01,female,other_citizen,67.0
Kedah,2008-01-01,male,other_citizen,96.0
Kedah,2008-01-01,both,other_noncitizen,156.0
Kedah,2008-01-01,female,other_noncitizen,79.0
Kedah,2008-01-01,male,other_noncitizen,77.0
Kedah,2008-01-01,both,overall,11071.0
Kedah,2008-01-01,female,overall,4750.0
Kedah,2008-01-01,male,overall,6321.0
Kedah,2009-01-01,both,bumi_malay,8912.0
Kedah,2009-01-01,female,bumi_malay,3921.0
Kedah,2009-01-01,male,bumi_malay,4991.0
Kedah,2009-01-01,both,bumi_other,9.0
Kedah,2009-01-01,female,bumi_other,2.0
Kedah,2009-01-01,male,bumi_other,7.0
Kedah,2009-01-01,both,chinese,1661.0
Kedah,2009-01-01,female,chinese,660.0
Kedah,2009-01-01,male,chinese,1001.0
Kedah,2009-01-01,both,indian,714.0
Kedah,2009-01-01,female,indian,270.0
Kedah,2009-01-01,male,indian,444.0
Kedah,2009-01-01,both,other_citizen,174.0
Kedah,2009-01-01,female,other_citizen,72.0
Kedah,2009-01-01,male,other_citizen,102.0
Kedah,2009-01-01,both,other_noncitizen,148.0
Kedah,2009-01-01,female,other_noncitizen,61.0
Kedah,2009-01-01,male,other_noncitizen,87.0
Kedah,2009-01-01,both,overall,11618.0
Kedah,2009-01-01,female,overall,4986.0
Kedah,2009-01-01,male,overall,6632.0
Kedah,2010-01-01,both,bumi_malay,8850.0
Kedah,2010-01-01,female,bumi_malay,3933.0
Kedah,2010-01-01,male,bumi_malay,4917.0
Kedah,2010-01-01,both,bumi_other,11.0
Kedah,2010-01-01,female,bumi_other,4.0
Kedah,2010-01-01,male,bumi_other,7.0
Kedah,2010-01-01,both,chinese,1684.0
Kedah,2010-01-01,female,chinese,675.0
Kedah,2010-01-01,male,chinese,1009.0
Kedah,2010-01-01,both,indian,829.0
Kedah,2010-01-01,female,indian,334.0
Kedah,2010-01-01,male,indian,495.0
Kedah,2010-01-01,both,other_citizen,172.0
Kedah,2010-01-01,female,other_citizen,66.0
Kedah,2010-01-01,male,other_citizen,106.0
Kedah,2010-01-01,both,other_noncitizen,128.0
Kedah,2010-01-01,female,other_noncitizen,61.0
Kedah,2010-01-01,male,other_noncitizen,67.0
Kedah,2010-01-01,both,overall,11674.0
Kedah,2010-01-01,female,overall,5073.0
Kedah,2010-01-01,male,overall,6601.0
Kedah,2011-01-01,both,bumi_malay,9039.0
Kedah,2011-01-01,female,bumi_malay,3888.0
Kedah,2011-01-01,male,bumi_malay,5151.0
Kedah,2011-01-01,both,bumi_other,6.0
Kedah,2011-01-01,female,bumi_other,3.0
Kedah,2011-01-01,male,bumi_other,3.0
Kedah,2011-01-01,both,chinese,1681.0
Kedah,2011-01-01,female,chinese,678.0
Kedah,2011-01-01,male,chinese,1003.0
Kedah,2011-01-01,both,indian,841.0
Kedah,2011-01-01,female,indian,312.0
Kedah,2011-01-01,male,indian,529.0
Kedah,2011-01-01,both,other_citizen,175.0
Kedah,2011-01-01,female,other_citizen,76.0
Kedah,2011-01-01,male,other_citizen,99.0
Kedah,2011-01-01,both,other_noncitizen,127.0
Kedah,2011-01-01,female,other_noncitizen,68.0
Kedah,2011-01-01,male,other_noncitizen,59.0
Kedah,2011-01-01,both,overall,11869.0
Kedah,2011-01-01,female,overall,5025.0
Kedah,2011-01-01,male,overall,6844.0
Kedah,2012-01-01,both,bumi_malay,9377.0
Kedah,2012-01-01,female,bumi_malay,4047.0
Kedah,2012-01-01,male,bumi_malay,5330.0
Kedah,2012-01-01,both,bumi_other,8.0
Kedah,2012-01-01,female,bumi_other,3.0
Kedah,2012-01-01,male,bumi_other,5.0
Kedah,2012-01-01,both,chinese,1628.0
Kedah,2012-01-01,female,chinese,659.0
Kedah,2012-01-01,male,chinese,969.0
Kedah,2012-01-01,both,indian,936.0
Kedah,2012-01-01,female,indian,348.0
Kedah,2012-01-01,male,indian,588.0
Kedah,2012-01-01,both,other_citizen,190.0
Kedah,2012-01-01,female,other_citizen,85.0
Kedah,2012-01-01,male,other_citizen,105.0
Kedah,2012-01-01,both,other_noncitizen,129.0
Kedah,2012-01-01,female,other_noncitizen,67.0
Kedah,2012-01-01,male,other_noncitizen,62.0
Kedah,2012-01-01,both,overall,12268.0
Kedah,2012-01-01,female,overall,5209.0
Kedah,2012-01-01,male,overall,7059.0
Kedah,2013-01-01,both,bumi_malay,9573.0
Kedah,2013-01-01,female,bumi_malay,4231.0
Kedah,2013-01-01,male,bumi_malay,5342.0
Kedah,2013-01-01,both,bumi_other,8.0
Kedah,2013-01-01,female,bumi_other,2.0
Kedah,2013-01-01,male,bumi_other,6.0
Kedah,2013-01-01,both,chinese,1757.0
Kedah,2013-01-01,female,chinese,717.0
Kedah,2013-01-01,male,chinese,1040.0
Kedah,2013-01-01,both,indian,876.0
Kedah,2013-01-01,female,indian,322.0
Kedah,2013-01-01,male,indian,554.0
Kedah,2013-01-01,both,other_citizen,168.0
Kedah,2013-01-01,female,other_citizen,69.0
Kedah,2013-01-01,male,other_citizen,99.0
Kedah,2013-01-01,both,other_noncitizen,134.0
Kedah,2013-01-01,female,other_noncitizen,79.0
Kedah,2013-01-01,male,other_noncitizen,55.0
Kedah,2013-01-01,both,overall,12516.0
Kedah,2013-01-01,female,overall,5420.0
Kedah,2013-01-01,male,overall,7096.0
Kedah,2014-01-01,both,bumi_malay,9977.0
Kedah,2014-01-01,female,bumi_malay,4355.0
Kedah,2014-01-01,male,bumi_malay,5622.0
Kedah,2014-01-01,both,bumi_other,4.0
Kedah,2014-01-01,female,bumi_other,2.0
Kedah,2014-01-01,male,bumi_other,2.0
Kedah,2014-01-01,both,chinese,1816.0
Kedah,2014-01-01,female,chinese,757.0
Kedah,2014-01-01,male,chinese,1059.0
Kedah,2014-01-01,both,indian,939.0
Kedah,2014-01-01,female,indian,381.0
Kedah,2014-01-01,male,indian,558.0
Kedah,2014-01-01,both,other_citizen,162.0
Kedah,2014-01-01,female,other_citizen,66.0
Kedah,2014-01-01,male,other_citizen,96.0
Kedah,2014-01-01,both,other_noncitizen,119.0
Kedah,2014-01-01,female,other_noncitizen,52.0
Kedah,2014-01-01,male,other_noncitizen,67.0
Kedah,2014-01-01,both,overall,13017.0
Kedah,2014-01-01,female,overall,5613.0
Kedah,2014-01-01,male,overall,7404.0
Kedah,2015-01-01,both,bumi_malay,10521.0
Kedah,2015-01-01,female,bumi_malay,4617.0
Kedah,2015-01-01,male,bumi_malay,5904.0
Kedah,2015-01-01,both,bumi_other,11.0
Kedah,2015-01-01,female,bumi_other,4.0
Kedah,2015-01-01,male,bumi_other,7.0
Kedah,2015-01-01,both,chinese,1907.0
Kedah,2015-01-01,female,chinese,794.0
Kedah,2015-01-01,male,chinese,1113.0
Kedah,2015-01-01,both,indian,962.0
Kedah,2015-01-01,female,indian,385.0
Kedah,2015-01-01,male,indian,577.0
Kedah,2015-01-01,both,other_citizen,165.0
Kedah,2015-01-01,female,other_citizen,82.0
Kedah,2015-01-01,male,other_citizen,83.0
Kedah,2015-01-01,both,other_noncitizen,108.0
Kedah,2015-01-01,female,other_noncitizen,59.0
Kedah,2015-01-01,male,other_noncitizen,49.0
Kedah,2015-01-01,both,overall,13674.0
Kedah,2015-01-01,female,overall,5941.0
Kedah,2015-01-01,male,overall,7733.0
Kedah,2016-01-01,both,bumi_malay,10631.0
Kedah,2016-01-01,female,bumi_malay,4744.0
Kedah,2016-01-01,male,bumi_malay,5887.0
Kedah,2016-01-01,both,bumi_other,15.0
Kedah,2016-01-01,female,bumi_other,8.0
Kedah,2016-01-01,male,bumi_other,7.0
Kedah,2016-01-01,both,chinese,1860.0
Kedah,2016-01-01,female,chinese,767.0
Kedah,2016-01-01,male,chinese,1093.0
Kedah,2016-01-01,both,indian,946.0
Kedah,2016-01-01,female,indian,386.0
Kedah,2016-01-01,male,indian,560.0
Kedah,2016-01-01,both,other_citizen,208.0
Kedah,2016-01-01,female,other_citizen,84.0
Kedah,2016-01-01,male,other_citizen,124.0
Kedah,2016-01-01,both,other_noncitizen,111.0
Kedah,2016-01-01,female,other_noncitizen,48.0
Kedah,2016-01-01,male,other_noncitizen,63.0
Kedah,2016-01-01,both,overall,13771.0
Kedah,2016-01-01,female,overall,6037.0
Kedah,2016-01-01,male,overall,7734.0
Kedah,2017-01-01,both,bumi_malay,11161.0
Kedah,2017-01-01,female,bumi_malay,4973.0
Kedah,2017-01-01,male,bumi_malay,6188.0
Kedah,2017-01-01,both,bumi_other,9.0
Kedah,2017-01-01,female,bumi_other,3.0
Kedah,2017-01-01,male,bumi_other,6.0
Kedah,2017-01-01,both,chinese,1869.0
Kedah,2017-01-01,female,chinese,755.0
Kedah,2017-01-01,male,chinese,1114.0
Kedah,2017-01-01,both,indian,964.0
Kedah,2017-01-01,female,indian,407.0
Kedah,2017-01-01,male,indian,557.0
Kedah,2017-01-01,both,other_citizen,202.0
Kedah,2017-01-01,female,other_citizen,85.0
Kedah,2017-01-01,male,other_citizen,117.0
Kedah,2017-01-01,both,other_noncitizen,127.0
Kedah,2017-01-01,female,other_noncitizen,60.0
Kedah,2017-01-01,male,other_noncitizen,67.0
Kedah,2017-01-01,both,overall,14332.0
Kedah,2017-01-01,female,overall,6283.0
Kedah,2017-01-01,male,overall,8049.0
Kedah,2018-01-01,both,bumi_malay,11292.0
Kedah,2018-01-01,female,bumi_malay,5007.0
Kedah,2018-01-01,male,bumi_malay,6285.0
Kedah,2018-01-01,both,bumi_other,16.0
Kedah,2018-01-01,female,bumi_other,7.0
Kedah,2018-01-01,male,bumi_other,9.0
Kedah,2018-01-01,both,chinese,1944.0
Kedah,2018-01-01,female,chinese,772.0
Kedah,2018-01-01,male,chinese,1172.0
Kedah,2018-01-01,both,indian,999.0
Kedah,2018-01-01,female,indian,411.0
Kedah,2018-01-01,male,indian,588.0
Kedah,2018-01-01,both,other_citizen,186.0
Kedah,2018-01-01,female,other_citizen,90.0
Kedah,2018-01-01,male,other_citizen,96.0
Kedah,2018-01-01,both,other_noncitizen,115.0
Kedah,2018-01-01,female,other_noncitizen,49.0
Kedah,2018-01-01,male,other_noncitizen,66.0
Kedah,2018-01-01,both,overall,14552.0
Kedah,2018-01-01,female,overall,6336.0
Kedah,2018-01-01,male,overall,8216.0
Kedah,2019-01-01,both,bumi_malay,10974.0
Kedah,2019-01-01,female,bumi_malay,4870.0
Kedah,2019-01-01,male,bumi_malay,6104.0
Kedah,2019-01-01,both,bumi_other,12.0
Kedah,2019-01-01,female,bumi_other,8.0
Kedah,2019-01-01,male,bumi_other,4.0
Kedah,2019-01-01,both,chinese,1935.0
Kedah,2019-01-01,female,chinese,805.0
Kedah,2019-01-01,male,chinese,1130.0
Kedah,2019-01-01,both,indian,1070.0
Kedah,2019-01-01,female,indian,433.0
Kedah,2019-01-01,male,indian,637.0
Kedah,2019-01-01,both,other_citizen,196.0
Kedah,2019-01-01,female,other_citizen,88.0
Kedah,2019-01-01,male,other_citizen,108.0
Kedah,2019-01-01,both,other_noncitizen,115.0
Kedah,2019-01-01,female,other_noncitizen,67.0
Kedah,2019-01-01,male,other_noncitizen,48.0
Kedah,2019-01-01,both,overall,14302.0
Kedah,2019-01-01,female,overall,6271.0
Kedah,2019-01-01,male,overall,8031.0
Kedah,2020-01-01,both,bumi_malay,10540.0
Kedah,2020-01-01,female,bumi_malay,4655.0
Kedah,2020-01-01,male,bumi_malay,5885.0
Kedah,2020-01-01,both,bumi_other,11.0
Kedah,2020-01-01,female,bumi_other,4.0
Kedah,2020-01-01,male,bumi_other,7.0
Kedah,2020-01-01,both,chinese,1884.0
Kedah,2020-01-01,female,chinese,785.0
Kedah,2020-01-01,male,chinese,1099.0
Kedah,2020-01-01,both,indian,969.0
Kedah,2020-01-01,female,indian,405.0
Kedah,2020-01-01,male,indian,564.0
Kedah,2020-01-01,both,other_citizen,165.0
Kedah,2020-01-01,female,other_citizen,76.0
Kedah,2020-01-01,male,other_citizen,89.0
Kedah,2020-01-01,both,other_noncitizen,102.0
Kedah,2020-01-01,female,other_noncitizen,52.0
Kedah,2020-01-01,male,other_noncitizen,50.0
Kedah,2020-01-01,both,overall,13671.0
Kedah,2020-01-01,female,overall,5977.0
Kedah,2020-01-01,male,overall,7694.0
Kedah,2021-01-01,both,bumi_malay,14314.0
Kedah,2021-01-01,female,bumi_malay,6662.0
Kedah,2021-01-01,male,bumi_malay,7652.0
Kedah,2021-01-01,both,bumi_other,16.0
Kedah,2021-01-01,female,bumi_other,8.0
Kedah,2021-01-01,male,bumi_other,8.0
Kedah,2021-01-01,both,chinese,2260.0
Kedah,2021-01-01,female,chinese,920.0
Kedah,2021-01-01,male,chinese,1340.0
Kedah,2021-01-01,both,indian,1448.0
Kedah,2021-01-01,female,indian,618.0
Kedah,2021-01-01,male,indian,830.0
Kedah,2021-01-01,both,other_citizen,252.0
Kedah,2021-01-01,female,other_citizen,103.0
Kedah,2021-01-01,male,other_citizen,149.0
Kedah,2021-01-01,both,other_noncitizen,167.0
Kedah,2021-01-01,female,other_noncitizen,78.0
Kedah,2021-01-01,male,other_noncitizen,89.0
Kedah,2021-01-01,both,overall,18457.0
Kedah,2021-01-01,female,overall,8389.0
Kedah,2021-01-01,male,overall,10068.0
Kedah,2022-01-01,both,bumi_malay,13747.0
Kedah,2022-01-01,female,bumi_malay,6216.0
Kedah,2022-01-01,male,bumi_malay,7531.0
Kedah,2022-01-01,both,bumi_other,17.0
Kedah,2022-01-01,female,bumi_other,8.0
Kedah,2022-01-01,male,bumi_other,9.0
Kedah,2022-01-01,both,chinese,2309.0
Kedah,2022-01-01,female,chinese,974.0
Kedah,2022-01-01,male,chinese,1335.0
Kedah,2022-01-01,both,indian,1167.0
Kedah,2022-01-01,female,indian,474.0
Kedah,2022-01-01,male,indian,693.0
Kedah,2022-01-01,both,other_citizen,271.0
Kedah,2022-01-01,female,other_citizen,109.0
Kedah,2022-01-01,male,other_citizen,162.0
Kedah,2022-01-01,both,other_noncitizen,117.0
Kedah,2022-01-01,female,other_noncitizen,55.0
Kedah,2022-01-01,male,other_noncitizen,62.0
Kedah,2022-01-01,both,overall,17628.0
Kedah,2022-01-01,female,overall,7836.0
Kedah,2022-01-01,male,overall,9792.0
Kedah,2023-01-01,both,bumi_malay,12859.0
Kedah,2023-01-01,female,bumi_malay,5749.0
Kedah,2023-01-01,male,bumi_malay,7110.0
Kedah,2023-01-01,both,bumi_other,15.0
Kedah,2023-01-01,female,bumi_other,8.0
Kedah,2023-01-01,male,bumi_other,7.0
Kedah,2023-01-01,both,chinese,2260.0
Kedah,2023-01-01,female,chinese,954.0
Kedah,2023-01-01,male,chinese,1306.0
Kedah,2023-01-01,both,indian,1209.0
Kedah,2023-01-01,female,indian,497.0
Kedah,2023-01-01,male,indian,712.0
Kedah,2023-01-01,both,other_citizen,
Kedah,2023-01-01,female,other_citizen,
Kedah,2023-01-01,male,other_citizen,
Kedah,2023-01-01,both,other_noncitizen,
Kedah,2023-01-01,female,other_noncitizen,
Kedah,2023-01-01,male,other_noncitizen,
Kedah,2023-01-01,both,overall,16643.0
Kedah,2023-01-01,female,overall,7342.0
Kedah,2023-01-01,male,overall,9301.0
Kedah,2024-01-01,both,bumi_malay,12991.0
Kedah,2024-01-01,female,bumi_malay,5951.0
Kedah,2024-01-01,male,bumi_malay,7040.0
Kedah,2024-01-01,both,bumi_other,22.0
Kedah,2024-01-01,female,bumi_other,8.0
Kedah,2024-01-01,male,bumi_other,14.0
Kedah,2024-01-01,both,chinese,2287.0
Kedah,2024-01-01,female,chinese,911.0
Kedah,2024-01-01,male,chinese,1376.0
Kedah,2024-01-01,both,indian,1188.0
Kedah,2024-01-01,female,indian,522.0
Kedah,2024-01-01,male,indian,666.0
Kedah,2024-01-01,both,other_citizen,
Kedah,2024-01-01,female,other_citizen,
Kedah,2024-01-01,male,other_citizen,
Kedah,2024-01-01,both,other_noncitizen,
Kedah,2024-01-01,female,other_noncitizen,
Kedah,2024-01-01,male,other_noncitizen,
Kedah,2024-01-01,both,overall,16815.0
Kedah,2024-01-01,female,overall,7525.0
Kedah,2024-01-01,male,overall,9290.0
Kelantan,2000-01-01,both,bumi_malay,7046.0
Kelantan,2000-01-01,female,bumi_malay,3059.0
Kelantan,2000-01-01,male,bumi_malay,3987.0
Kelantan,2000-01-01,both,bumi_other,103.0
Kelantan,2000-01-01,female,bumi_other,43.0
Kelantan,2000-01-01,male,bumi_other,60.0
Kelantan,2000-01-01,both,chinese,328.0
Kelantan,2000-01-01,female,chinese,127.0
Kelantan,2000-01-01,male,chinese,201.0
Kelantan,2000-01-01,both,indian,32.0
Kelantan,2000-01-01,female,indian,10.0
Kelantan,2000-01-01,male,indian,22.0
Kelantan,2000-01-01,both,other_citizen,70.0
Kelantan,2000-01-01,female,other_citizen,32.0
Kelantan,2000-01-01,male,other_citizen,38.0
Kelantan,2000-01-01,both,other_noncitizen,41.0
Kelantan,2000-01-01,female,other_noncitizen,16.0
Kelantan,2000-01-01,male,other_noncitizen,25.0
Kelantan,2000-01-01,both,overall,7620.0
Kelantan,2000-01-01,female,overall,3287.0
Kelantan,2000-01-01,male,overall,4333.0
Kelantan,2001-01-01,both,bumi_malay,7216.0
Kelantan,2001-01-01,female,bumi_malay,3203.0
Kelantan,2001-01-01,male,bumi_malay,4013.0
Kelantan,2001-01-01,both,bumi_other,84.0
Kelantan,2001-01-01,female,bumi_other,32.0
Kelantan,2001-01-01,male,bumi_other,52.0
Kelantan,2001-01-01,both,chinese,343.0
Kelantan,2001-01-01,female,chinese,130.0
Kelantan,2001-01-01,male,chinese,213.0
Kelantan,2001-01-01,both,indian,29.0
Kelantan,2001-01-01,female,indian,7.0
Kelantan,2001-01-01,male,indian,22.0
Kelantan,2001-01-01,both,other_citizen,88.0
Kelantan,2001-01-01,female,other_citizen,41.0
Kelantan,2001-01-01,male,other_citizen,47.0
Kelantan,2001-01-01,both,other_noncitizen,37.0
Kelantan,2001-01-01,female,other_noncitizen,17.0
Kelantan,2001-01-01,male,other_noncitizen,20.0
Kelantan,2001-01-01,both,overall,7797.0
Kelantan,2001-01-01,female,overall,3430.0
Kelantan,2001-01-01,male,overall,4367.0
Kelantan,2002-01-01,both,bumi_malay,7701.0
Kelantan,2002-01-01,female,bumi_malay,3296.0
Kelantan,2002-01-01,male,bumi_malay,4405.0
Kelantan,2002-01-01,both,bumi_other,103.0
Kelantan,2002-01-01,female,bumi_other,43.0
Kelantan,2002-01-01,male,bumi_other,60.0
Kelantan,2002-01-01,both,chinese,362.0
Kelantan,2002-01-01,female,chinese,138.0
Kelantan,2002-01-01,male,chinese,224.0
Kelantan,2002-01-01,both,indian,27.0
Kelantan,2002-01-01,female,indian,8.0
Kelantan,2002-01-01,male,indian,19.0
Kelantan,2002-01-01,both,other_citizen,100.0
Kelantan,2002-01-01,female,other_citizen,44.0
Kelantan,2002-01-01,male,other_citizen,56.0
Kelantan,2002-01-01,both,other_noncitizen,37.0
Kelantan,2002-01-01,female,other_noncitizen,17.0
Kelantan,2002-01-01,male,other_noncitizen,20.0
Kelantan,2002-01-01,both,overall,8330.0
Kelantan,2002-01-01,female,overall,3546.0
Kelantan,2002-01-01,male,overall,4784.0
Kelantan,2003-01-01,both,bumi_malay,8008.0
Kelantan,2003-01-01,female,bumi_malay,3410.0
Kelantan,2003-01-01,male,bumi_malay,4598.0
Kelantan,2003-01-01,both,bumi_other,78.0
Kelantan,2003-01-01,female,bumi_other,41.0
Kelantan,2003-01-01,male,bumi_other,37.0
Kelantan,2003-01-01,both,chinese,337.0
Kelantan,2003-01-01,female,chinese,121.0
Kelantan,2003-01-01,male,chinese,216.0
Kelantan,2003-01-01,both,indian,24.0
Kelantan,2003-01-01,female,indian,6.0
Kelantan,2003-01-01,male,indian,18.0
Kelantan,2003-01-01,both,other_citizen,113.0
Kelantan,2003-01-01,female,other_citizen,51.0
Kelantan,2003-01-01,male,other_citizen,62.0
Kelantan,2003-01-01,both,other_noncitizen,54.0
Kelantan,2003-01-01,female,other_noncitizen,29.0
Kelantan,2003-01-01,male,other_noncitizen,25.0
Kelantan,2003-01-01,both,overall,8614.0
Kelantan,2003-01-01,female,overall,3658.0
Kelantan,2003-01-01,male,overall,4956.0
Kelantan,2004-01-01,both,bumi_malay,7934.0
Kelantan,2004-01-01,female,bumi_malay,3382.0
Kelantan,2004-01-01,male,bumi_malay,4552.0
Kelantan,2004-01-01,both,bumi_other,122.0
Kelantan,2004-01-01,female,bumi_other,58.0
Kelantan,2004-01-01,male,bumi_other,64.0
Kelantan,2004-01-01,both,chinese,357.0
Kelantan,2004-01-01,female,chinese,140.0
Kelantan,2004-01-01,male,chinese,217.0
Kelantan,2004-01-01,both,indian,24.0
Kelantan,2004-01-01,female,indian,8.0
Kelantan,2004-01-01,male,indian,16.0
Kelantan,2004-01-01,both,other_citizen,73.0
Kelantan,2004-01-01,female,other_citizen,23.0
Kelantan,2004-01-01,male,other_citizen,50.0
Kelantan,2004-01-01,both,other_noncitizen,37.0
Kelantan,2004-01-01,female,other_noncitizen,16.0
Kelantan,2004-01-01,male,other_noncitizen,21.0
Kelantan,2004-01-01,both,overall,8547.0
Kelantan,2004-01-01,female,overall,3627.0
Kelantan,2004-01-01,male,overall,4920.0
Kelantan,2005-01-01,both,bumi_malay,8185.0
Kelantan,2005-01-01,female,bumi_malay,3508.0
Kelantan,2005-01-01,male,bumi_malay,4677.0
Kelantan,2005-01-01,both,bumi_other,142.0
Kelantan,2005-01-01,female,bumi_other,60.0
Kelantan,2005-01-01,male,bumi_other,82.0
Kelantan,2005-01-01,both,chinese,336.0
Kelantan,2005-01-01,female,chinese,148.0
Kelantan,2005-01-01,male,chinese,188.0
Kelantan,2005-01-01,both,indian,24.0
Kelantan,2005-01-01,female,indian,6.0
Kelantan,2005-01-01,male,indian,18.0
Kelantan,2005-01-01,both,other_citizen,91.0
Kelantan,2005-01-01,female,other_citizen,37.0
Kelantan,2005-01-01,male,other_citizen,54.0
Kelantan,2005-01-01,both,other_noncitizen,56.0
Kelantan,2005-01-01,female,other_noncitizen,24.0
Kelantan,2005-01-01,male,other_noncitizen,32.0
Kelantan,2005-01-01,both,overall,8834.0
Kelantan,2005-01-01,female,overall,3783.0
Kelantan,2005-01-01,male,overall,5051.0
Kelantan,2006-01-01,both,bumi_malay,8298.0
Kelantan,2006-01-01,female,bumi_malay,3641.0
Kelantan,2006-01-01,male,bumi_malay,4657.0
Kelantan,2006-01-01,both,bumi_other,121.0
Kelantan,2006-01-01,female,bumi_other,48.0
Kelantan,2006-01-01,male,bumi_other,73.0
Kelantan,2006-01-01,both,chinese,335.0
Kelantan,2006-01-01,female,chinese,145.0
Kelantan,2006-01-01,male,chinese,190.0
Kelantan,2006-01-01,both,indian,31.0
Kelantan,2006-01-01,female,indian,14.0
Kelantan,2006-01-01,male,indian,17.0
Kelantan,2006-01-01,both,other_citizen,104.0
Kelantan,2006-01-01,female,other_citizen,42.0
Kelantan,2006-01-01,male,other_citizen,62.0
Kelantan,2006-01-01,both,other_noncitizen,51.0
Kelantan,2006-01-01,female,other_noncitizen,27.0
Kelantan,2006-01-01,male,other_noncitizen,24.0
Kelantan,2006-01-01,both,overall,8940.0
Kelantan,2006-01-01,female,overall,3917.0
Kelantan,2006-01-01,male,overall,5023.0
Kelantan,2007-01-01,both,bumi_malay,8550.0
Kelantan,2007-01-01,female,bumi_malay,3705.0
Kelantan,2007-01-01,male,bumi_malay,4845.0
Kelantan,2007-01-01,both,bumi_other,97.0
Kelantan,2007-01-01,female,bumi_other,33.0
Kelantan,2007-01-01,male,bumi_other,64.0
Kelantan,2007-01-01,both,chinese,351.0
Kelantan,2007-01-01,female,chinese,143.0
Kelantan,2007-01-01,male,chinese,208.0
Kelantan,2007-01-01,both,indian,22.0
Kelantan,2007-01-01,female,indian,11.0
Kelantan,2007-01-01,male,indian,11.0
Kelantan,2007-01-01,both,other_citizen,118.0
Kelantan,2007-01-01,female,other_citizen,61.0
Kelantan,2007-01-01,male,other_citizen,57.0
Kelantan,2007-01-01,both,other_noncitizen,48.0
Kelantan,2007-01-01,female,other_noncitizen,22.0
Kelantan,2007-01-01,male,other_noncitizen,26.0
Kelantan,2007-01-01,both,overall,9186.0
Kelantan,2007-01-01,female,overall,3975.0
Kelantan,2007-01-01,male,overall,5211.0
Kelantan,2008-01-01,both,bumi_malay,9050.0
Kelantan,2008-01-01,female,bumi_malay,3826.0
Kelantan,2008-01-01,male,bumi_malay,5224.0
Kelantan,2008-01-01,both,bumi_other,117.0
Kelantan,2008-01-01,female,bumi_other,58.0
Kelantan,2008-01-01,male,bumi_other,59.0
Kelantan,2008-01-01,both,chinese,337.0
Kelantan,2008-01-01,female,chinese,138.0
Kelantan,2008-01-01,male,chinese,199.0
Kelantan,2008-01-01,both,indian,32.0
Kelantan,2008-01-01,female,indian,14.0
Kelantan,2008-01-01,male,indian,18.0
Kelantan,2008-01-01,both,other_citizen,99.0
Kelantan,2008-01-01,female,other_citizen,39.0
Kelantan,2008-01-01,male,other_citizen,60.0
Kelantan,2008-01-01,both,other_noncitizen,59.0
Kelantan,2008-01-01,female,other_noncitizen,27.0
Kelantan,2008-01-01,male,other_noncitizen,32.0
Kelantan,2008-01-01,both,overall,9694.0
Kelantan,2008-01-01,female,overall,4102.0
Kelantan,2008-01-01,male,overall,5592.0
Kelantan,2009-01-01,both,bumi_malay,9435.0
Kelantan,2009-01-01,female,bumi_malay,4090.0
Kelantan,2009-01-01,male,bumi_malay,5345.0
Kelantan,2009-01-01,both,bumi_other,97.0
Kelantan,2009-01-01,female,bumi_other,43.0
Kelantan,2009-01-01,male,bumi_other,54.0
Kelantan,2009-01-01,both,chinese,397.0
Kelantan,2009-01-01,female,chinese,169.0
Kelantan,2009-01-01,male,chinese,228.0
Kelantan,2009-01-01,both,indian,31.0
Kelantan,2009-01-01,female,indian,10.0
Kelantan,2009-01-01,male,indian,21.0
Kelantan,2009-01-01,both,other_citizen,93.0
Kelantan,2009-01-01,female,other_citizen,45.0
Kelantan,2009-01-01,male,other_citizen,48.0
Kelantan,2009-01-01,both,other_noncitizen,61.0
Kelantan,2009-01-01,female,other_noncitizen,36.0
Kelantan,2009-01-01,male,other_noncitizen,25.0
Kelantan,2009-01-01,both,overall,10114.0
Kelantan,2009-01-01,female,overall,4393.0
Kelantan,2009-01-01,male,overall,5721.0
Kelantan,2010-01-01,both,bumi_malay,9192.0
Kelantan,2010-01-01,female,bumi_malay,3964.0
Kelantan,2010-01-01,male,bumi_malay,5228.0
Kelantan,2010-01-01,both,bumi_other,81.0
Kelantan,2010-01-01,female,bumi_other,32.0
Kelantan,2010-01-01,male,bumi_other,49.0
Kelantan,2010-01-01,both,chinese,359.0
Kelantan,2010-01-01,female,chinese,137.0
Kelantan,2010-01-01,male,chinese,222.0
Kelantan,2010-01-01,both,indian,28.0
Kelantan,2010-01-01,female,indian,8.0
Kelantan,2010-01-01,male,indian,20.0
Kelantan,2010-01-01,both,other_citizen,88.0
Kelantan,2010-01-01,female,other_citizen,41.0
Kelantan,2010-01-01,male,other_citizen,47.0
Kelantan,2010-01-01,both,other_noncitizen,50.0
Kelantan,2010-01-01,female,other_noncitizen,26.0
Kelantan,2010-01-01,male,other_noncitizen,24.0
Kelantan,2010-01-01,both,overall,9798.0
Kelantan,2010-01-01,female,overall,4208.0
Kelantan,2010-01-01,male,overall,5590.0
Kelantan,2011-01-01,both,bumi_malay,9380.0
Kelantan,2011-01-01,female,bumi_malay,4141.0
Kelantan,2011-01-01,male,bumi_malay,5239.0
Kelantan,2011-01-01,both,bumi_other,91.0
Kelantan,2011-01-01,female,bumi_other,35.0
Kelantan,2011-01-01,male,bumi_other,56.0
Kelantan,2011-01-01,both,chinese,367.0
Kelantan,2011-01-01,female,chinese,137.0
Kelantan,2011-01-01,male,chinese,230.0
Kelantan,2011-01-01,both,indian,19.0
Kelantan,2011-01-01,female,indian,5.0
Kelantan,2011-01-01,male,indian,14.0
Kelantan,2011-01-01,both,other_citizen,113.0
Kelantan,2011-01-01,female,other_citizen,51.0
Kelantan,2011-01-01,male,other_citizen,62.0
Kelantan,2011-01-01,both,other_noncitizen,54.0
Kelantan,2011-01-01,female,other_noncitizen,31.0
Kelantan,2011-01-01,male,other_noncitizen,23.0
Kelantan,2011-01-01,both,overall,10024.0
Kelantan,2011-01-01,female,overall,4400.0
Kelantan,2011-01-01,male,overall,5624.0
Kelantan,2012-01-01,both,bumi_malay,9214.0
Kelantan,2012-01-01,female,bumi_malay,4024.0
Kelantan,2012-01-01,male,bumi_malay,5190.0
Kelantan,2012-01-01,both,bumi_other,88.0
Kelantan,2012-01-01,female,bumi_other,40.0
Kelantan,2012-01-01,male,bumi_other,48.0
Kelantan,2012-01-01,both,chinese,398.0
Kelantan,2012-01-01,female,chinese,160.0
Kelantan,2012-01-01,male,chinese,238.0
Kelantan,2012-01-01,both,indian,35.0
Kelantan,2012-01-01,female,indian,12.0
Kelantan,2012-01-01,male,indian,23.0
Kelantan,2012-01-01,both,other_citizen,92.0
Kelantan,2012-01-01,female,other_citizen,42.0
Kelantan,2012-01-01,male,other_citizen,50.0
Kelantan,2012-01-01,both,other_noncitizen,63.0
Kelantan,2012-01-01,female,other_noncitizen,23.0
Kelantan,2012-01-01,male,other_noncitizen,40.0
Kelantan,2012-01-01,both,overall,9890.0
Kelantan,2012-01-01,female,overall,4301.0
Kelantan,2012-01-01,male,overall,5589.0
Kelantan,2013-01-01,both,bumi_malay,9386.0
Kelantan,2013-01-01,female,bumi_malay,4139.0
Kelantan,2013-01-01,male,bumi_malay,5247.0
Kelantan,2013-01-01,both,bumi_other,93.0
Kelantan,2013-01-01,female,bumi_other,36.0
Kelantan,2013-01-01,male,bumi_other,57.0
Kelantan,2013-01-01,both,chinese,375.0
Kelantan,2013-01-01,female,chinese,149.0
Kelantan,2013-01-01,male,chinese,226.0
Kelantan,2013-01-01,both,indian,24.0
Kelantan,2013-01-01,female,indian,8.0
Kelantan,2013-01-01,male,indian,16.0
Kelantan,2013-01-01,both,other_citizen,101.0
Kelantan,2013-01-01,female,other_citizen,46.0
Kelantan,2013-01-01,male,other_citizen,55.0
Kelantan,2013-01-01,both,other_noncitizen,63.0
Kelantan,2013-01-01,female,other_noncitizen,29.0
Kelantan,2013-01-01,male,other_noncitizen,34.0
Kelantan,2013-01-01,both,overall,10042.0
Kelantan,2013-01-01,female,overall,4407.0
Kelantan,2013-01-01,male,overall,5635.0
Kelantan,2014-01-01,both,bumi_malay,9912.0
Kelantan,2014-01-01,female,bumi_malay,4319.0
Kelantan,2014-01-01,male,bumi_malay,5593.0
Kelantan,2014-01-01,both,bumi_other,92.0
Kelantan,2014-01-01,female,bumi_other,38.0
Kelantan,2014-01-01,male,bumi_other,54.0
Kelantan,2014-01-01,both,chinese,402.0
Kelantan,2014-01-01,female,chinese,184.0
Kelantan,2014-01-01,male,chinese,218.0
Kelantan,2014-01-01,both,indian,23.0
Kelantan,2014-01-01,female,indian,10.0
Kelantan,2014-01-01,male,indian,13.0
Kelantan,2014-01-01,both,other_citizen,108.0
Kelantan,2014-01-01,female,other_citizen,52.0
Kelantan,2014-01-01,male,other_citizen,56.0
Kelantan,2014-01-01,both,other_noncitizen,51.0
Kelantan,2014-01-01,female,other_noncitizen,27.0
Kelantan,2014-01-01,male,other_noncitizen,24.0
Kelantan,2014-01-01,both,overall,10588.0
Kelantan,2014-01-01,female,overall,4630.0
Kelantan,2014-01-01,male,overall,5958.0
Kelantan,2015-01-01,both,bumi_malay,10168.0
Kelantan,2015-01-01,female,bumi_malay,4447.0
Kelantan,2015-01-01,male,bumi_malay,5721.0
Kelantan,2015-01-01,both,bumi_other,71.0
Kelantan,2015-01-01,female,bumi_other,34.0
Kelantan,2015-01-01,male,bumi_other,37.0
Kelantan,2015-01-01,both,chinese,382.0
Kelantan,2015-01-01,female,chinese,143.0
Kelantan,2015-01-01,male,chinese,239.0
Kelantan,2015-01-01,both,indian,26.0
Kelantan,2015-01-01,female,indian,9.0
Kelantan,2015-01-01,male,indian,17.0
Kelantan,2015-01-01,both,other_citizen,102.0
Kelantan,2015-01-01,female,other_citizen,45.0
Kelantan,2015-01-01,male,other_citizen,57.0
Kelantan,2015-01-01,both,other_noncitizen,40.0
Kelantan,2015-01-01,female,other_noncitizen,24.0
Kelantan,2015-01-01,male,other_noncitizen,16.0
Kelantan,2015-01-01,both,overall,10789.0
Kelantan,2015-01-01,female,overall,4702.0
Kelantan,2015-01-01,male,overall,6087.0
Kelantan,2016-01-01,both,bumi_malay,10125.0
Kelantan,2016-01-01,female,bumi_malay,4412.0
Kelantan,2016-01-01,male,bumi_malay,5713.0
Kelantan,2016-01-01,both,bumi_other,95.0
Kelantan,2016-01-01,female,bumi_other,39.0
Kelantan,2016-01-01,male,bumi_other,56.0
Kelantan,2016-01-01,both,chinese,417.0
Kelantan,2016-01-01,female,chinese,164.0
Kelantan,2016-01-01,male,chinese,253.0
Kelantan,2016-01-01,both,indian,24.0
Kelantan,2016-01-01,female,indian,7.0
Kelantan,2016-01-01,male,indian,17.0
Kelantan,2016-01-01,both,other_citizen,97.0
Kelantan,2016-01-01,female,other_citizen,46.0
Kelantan,2016-01-01,male,other_citizen,51.0
Kelantan,2016-01-01,both,other_noncitizen,51.0
Kelantan,2016-01-01,female,other_noncitizen,30.0
Kelantan,2016-01-01,male,other_noncitizen,21.0
Kelantan,2016-01-01,both,overall,10809.0
Kelantan,2016-01-01,female,overall,4698.0
Kelantan,2016-01-01,male,overall,6111.0
Kelantan,2017-01-01,both,bumi_malay,10483.0
Kelantan,2017-01-01,female,bumi_malay,4612.0
Kelantan,2017-01-01,male,bumi_malay,5871.0
Kelantan,2017-01-01,both,bumi_other,102.0
Kelantan,2017-01-01,female,bumi_other,38.0
Kelantan,2017-01-01,male,bumi_other,64.0
Kelantan,2017-01-01,both,chinese,412.0
Kelantan,2017-01-01,female,chinese,180.0
Kelantan,2017-01-01,male,chinese,232.0
Kelantan,2017-01-01,both,indian,36.0
Kelantan,2017-01-01,female,indian,14.0
Kelantan,2017-01-01,male,indian,22.0
Kelantan,2017-01-01,both,other_citizen,108.0
Kelantan,2017-01-01,female,other_citizen,46.0
Kelantan,2017-01-01,male,other_citizen,62.0
Kelantan,2017-01-01,both,other_noncitizen,62.0
Kelantan,2017-01-01,female,other_noncitizen,29.0
Kelantan,2017-01-01,male,other_noncitizen,33.0
Kelantan,2017-01-01,both,overall,11203.0
Kelantan,2017-01-01,female,overall,4919.0
Kelantan,2017-01-01,male,overall,6284.0
Kelantan,2018-01-01,both,bumi_malay,10582.0
Kelantan,2018-01-01,female,bumi_malay,4698.0
Kelantan,2018-01-01,male,bumi_malay,5884.0
Kelantan,2018-01-01,both,bumi_other,118.0
Kelantan,2018-01-01,female,bumi_other,40.0
Kelantan,2018-01-01,male,bumi_other,78.0
Kelantan,2018-01-01,both,chinese,413.0
Kelantan,2018-01-01,female,chinese,156.0
Kelantan,2018-01-01,male,chinese,257.0
Kelantan,2018-01-01,both,indian,27.0
Kelantan,2018-01-01,female,indian,6.0
Kelantan,2018-01-01,male,indian,21.0
Kelantan,2018-01-01,both,other_citizen,113.0
Kelantan,2018-01-01,female,other_citizen,49.0
Kelantan,2018-01-01,male,other_citizen,64.0
Kelantan,2018-01-01,both,other_noncitizen,63.0
Kelantan,2018-01-01,female,other_noncitizen,35.0
Kelantan,2018-01-01,male,other_noncitizen,28.0
Kelantan,2018-01-01,both,overall,11316.0
Kelantan,2018-01-01,female,overall,4984.0
Kelantan,2018-01-01,male,overall,6332.0
Kelantan,2019-01-01,both,bumi_malay,10674.0
Kelantan,2019-01-01,female,bumi_malay,4655.0
Kelantan,2019-01-01,male,bumi_malay,6019.0
Kelantan,2019-01-01,both,bumi_other,112.0
Kelantan,2019-01-01,female,bumi_other,40.0
Kelantan,2019-01-01,male,bumi_other,72.0
Kelantan,2019-01-01,both,chinese,406.0
Kelantan,2019-01-01,female,chinese,165.0
Kelantan,2019-01-01,male,chinese,241.0
Kelantan,2019-01-01,both,indian,31.0
Kelantan,2019-01-01,female,indian,9.0
Kelantan,2019-01-01,male,indian,22.0
Kelantan,2019-01-01,both,other_citizen,127.0
Kelantan,2019-01-01,female,other_citizen,58.0
Kelantan,2019-01-01,male,other_citizen,69.0
Kelantan,2019-01-01,both,other_noncitizen,60.0
Kelantan,2019-01-01,female,other_noncitizen,37.0
Kelantan,2019-01-01,male,other_noncitizen,23.0
Kelantan,2019-01-01,both,overall,11410.0
Kelantan,2019-01-01,female,overall,4964.0
Kelantan,2019-01-01,male,overall,6446.0
Kelantan,2020-01-01,both,bumi_malay,10228.0
Kelantan,2020-01-01,female,bumi_malay,4415.0
Kelantan,2020-01-01,male,bumi_malay,5813.0
Kelantan,2020-01-01,both,bumi_other,84.0
Kelantan,2020-01-01,female,bumi_other,42.0
Kelantan,2020-01-01,male,bumi_other,42.0
Kelantan,2020-01-01,both,chinese,427.0
Kelantan,2020-01-01,female,chinese,146.0
Kelantan,2020-01-01,male,chinese,281.0
Kelantan,2020-01-01,both,indian,21.0
Kelantan,2020-01-01,female,indian,7.0
Kelantan,2020-01-01,male,indian,14.0
Kelantan,2020-01-01,both,other_citizen,119.0
Kelantan,2020-01-01,female,other_citizen,59.0
Kelantan,2020-01-01,male,other_citizen,60.0
Kelantan,2020-01-01,both,other_noncitizen,49.0
Kelantan,2020-01-01,female,other_noncitizen,23.0
Kelantan,2020-01-01,male,other_noncitizen,26.0
Kelantan,2020-01-01,both,overall,10928.0
Kelantan,2020-01-01,female,overall,4692.0
Kelantan,2020-01-01,male,overall,6236.0
Kelantan,2021-01-01,both,bumi_malay,13041.0
Kelantan,2021-01-01,female,bumi_malay,5948.0
Kelantan,2021-01-01,male,bumi_malay,7093.0
Kelantan,2021-01-01,both,bumi_other,119.0
Kelantan,2021-01-01,female,bumi_other,53.0
Kelantan,2021-01-01,male,bumi_other,66.0
Kelantan,2021-01-01,both,chinese,491.0
Kelantan,2021-01-01,female,chinese,186.0
Kelantan,2021-01-01,male,chinese,305.0
Kelantan,2021-01-01,both,indian,40.0
Kelantan,2021-01-01,female,indian,12.0
Kelantan,2021-01-01,male,indian,28.0
Kelantan,2021-01-01,both,other_citizen,130.0
Kelantan,2021-01-01,female,other_citizen,63.0
Kelantan,2021-01-01,male,other_citizen,67.0
Kelantan,2021-01-01,both,other_noncitizen,105.0
Kelantan,2021-01-01,female,other_noncitizen,59.0
Kelantan,2021-01-01,male,other_noncitizen,46.0
Kelantan,2021-01-01,both,overall,13926.0
Kelantan,2021-01-01,female,overall,6321.0
Kelantan,2021-01-01,male,overall,7605.0
Kelantan,2022-01-01,both,bumi_malay,12602.0
Kelantan,2022-01-01,female,bumi_malay,5690.0
Kelantan,2022-01-01,male,bumi_malay,6912.0
Kelantan,2022-01-01,both,bumi_other,120.0
Kelantan,2022-01-01,female,bumi_other,48.0
Kelantan,2022-01-01,male,bumi_other,72.0
Kelantan,2022-01-01,both,chinese,478.0
Kelantan,2022-01-01,female,chinese,183.0
Kelantan,2022-01-01,male,chinese,295.0
Kelantan,2022-01-01,both,indian,36.0
Kelantan,2022-01-01,female,indian,14.0
Kelantan,2022-01-01,male,indian,22.0
Kelantan,2022-01-01,both,other_citizen,129.0
Kelantan,2022-01-01,female,other_citizen,58.0
Kelantan,2022-01-01,male,other_citizen,71.0
Kelantan,2022-01-01,both,other_noncitizen,80.0
Kelantan,2022-01-01,female,other_noncitizen,41.0
Kelantan,2022-01-01,male,other_noncitizen,39.0
Kelantan,2022-01-01,both,overall,13445.0
Kelantan,2022-01-01,female,overall,6034.0
Kelantan,2022-01-01,male,overall,7411.0
Kelantan,2023-01-01,both,bumi_malay,11039.0
Kelantan,2023-01-01,female,bumi_malay,4992.0
Kelantan,2023-01-01,male,bumi_malay,6047.0
Kelantan,2023-01-01,both,bumi_other,109.0
Kelantan,2023-01-01,female,bumi_other,54.0
Kelantan,2023-01-01,male,bumi_other,55.0
Kelantan,2023-01-01,both,chinese,458.0
Kelantan,2023-01-01,female,chinese,181.0
Kelantan,2023-01-01,male,chinese,277.0
Kelantan,2023-01-01,both,indian,26.0
Kelantan,2023-01-01,female,indian,10.0
Kelantan,2023-01-01,male,indian,16.0
Kelantan,2023-01-01,both,other_citizen,
Kelantan,2023-01-01,female,other_citizen,
Kelantan,2023-01-01,male,other_citizen,
Kelantan,2023-01-01,both,other_noncitizen,
Kelantan,2023-01-01,female,other_noncitizen,
Kelantan,2023-01-01,male,other_noncitizen,
Kelantan,2023-01-01,both,overall,11839.0
Kelantan,2023-01-01,female,overall,5325.0
Kelantan,2023-01-01,male,overall,6514.0
Kelantan,2024-01-01,both,bumi_malay,10876.0
Kelantan,2024-01-01,female,bumi_malay,4878.0
Kelantan,2024-01-01,male,bumi_malay,5998.0
Kelantan,2024-01-01,both,bumi_other,95.0
Kelantan,2024-01-01,female,bumi_other,44.0
Kelantan,2024-01-01,male,bumi_other,51.0
Kelantan,2024-01-01,both,chinese,480.0
Kelantan,2024-01-01,female,chinese,191.0
Kelantan,2024-01-01,male,chinese,289.0
Kelantan,2024-01-01,both,indian,28.0
Kelantan,2024-01-01,female,indian,9.0
Kelantan,2024-01-01,male,indian,19.0
Kelantan,2024-01-01,both,other_citizen,
Kelantan,2024-01-01,female,other_citizen,
Kelantan,2024-01-01,male,other_citizen,
Kelantan,2024-01-01,both,other_noncitizen,
Kelantan,2024-01-01,female,other_noncitizen,
Kelantan,2024-01-01,male,other_noncitizen,
Kelantan,2024-01-01,both,overall,11662.0
Kelantan,2024-01-01,female,overall,5206.0
Kelantan,2024-01-01,male,overall,6456.0
Melaka,2000-01-01,both,bumi_malay,2222.0
Melaka,2000-01-01,female,bumi_malay,1054.0
Melaka,2000-01-01,male,bumi_malay,1168.0
Melaka,2000-01-01,both,bumi_other,8.0
Melaka,2000-01-01,female,bumi_other,5.0
Melaka,2000-01-01,male,bumi_other,3.0
Melaka,2000-01-01,both,chinese,1134.0
Melaka,2000-01-01,female,chinese,513.0
Melaka,2000-01-01,male,chinese,621.0
Melaka,2000-01-01,both,indian,264.0
Melaka,2000-01-01,female,indian,102.0
Melaka,2000-01-01,male,indian,162.0
Melaka,2000-01-01,both,other_citizen,26.0
Melaka,2000-01-01,female,other_citizen,12.0
Melaka,2000-01-01,male,other_citizen,14.0
Melaka,2000-01-01,both,other_noncitizen,71.0
Melaka,2000-01-01,female,other_noncitizen,41.0
Melaka,2000-01-01,male,other_noncitizen,30.0
Melaka,2000-01-01,both,overall,3725.0
Melaka,2000-01-01,female,overall,1727.0
Melaka,2000-01-01,male,overall,1998.0
Melaka,2001-01-01,both,bumi_malay,2250.0
Melaka,2001-01-01,female,bumi_malay,1043.0
Melaka,2001-01-01,male,bumi_malay,1207.0
Melaka,2001-01-01,both,bumi_other,11.0
Melaka,2001-01-01,female,bumi_other,4.0
Melaka,2001-01-01,male,bumi_other,7.0
Melaka,2001-01-01,both,chinese,1170.0
Melaka,2001-01-01,female,chinese,491.0
Melaka,2001-01-01,male,chinese,679.0
Melaka,2001-01-01,both,indian,260.0
Melaka,2001-01-01,female,indian,99.0
Melaka,2001-01-01,male,indian,161.0
Melaka,2001-01-01,both,other_citizen,38.0
Melaka,2001-01-01,female,other_citizen,17.0
Melaka,2001-01-01,male,other_citizen,21.0
Melaka,2001-01-01,both,other_noncitizen,70.0
Melaka,2001-01-01,female,other_noncitizen,31.0
Melaka,2001-01-01,male,other_noncitizen,39.0
Melaka,2001-01-01,both,overall,3799.0
Melaka,2001-01-01,female,overall,1685.0
Melaka,2001-01-01,male,overall,2114.0
Melaka,2002-01-01,both,bumi_malay,2428.0
Melaka,2002-01-01,female,bumi_malay,1136.0
Melaka,2002-01-01,male,bumi_malay,1292.0
Melaka,2002-01-01,both,bumi_other,9.0
Melaka,2002-01-01,female,bumi_other,1.0
Melaka,2002-01-01,male,bumi_other,8.0
Melaka,2002-01-01,both,chinese,1164.0
Melaka,2002-01-01,female,chinese,544.0
Melaka,2002-01-01,male,chinese,620.0
Melaka,2002-01-01,both,indian,263.0
Melaka,2002-01-01,female,indian,107.0
Melaka,2002-01-01,male,indian,156.0
Melaka,2002-01-01,both,other_citizen,34.0
Melaka,2002-01-01,female,other_citizen,19.0
Melaka,2002-01-01,male,other_citizen,15.0
Melaka,2002-01-01,both,other_noncitizen,68.0
Melaka,2002-01-01,female,other_noncitizen,28.0
Melaka,2002-01-01,male,other_noncitizen,40.0
Melaka,2002-01-01,both,overall,3966.0
Melaka,2002-01-01,female,overall,1835.0
Melaka,2002-01-01,male,overall,2131.0
Melaka,2003-01-01,both,bumi_malay,2376.0
Melaka,2003-01-01,female,bumi_malay,1111.0
Melaka,2003-01-01,male,bumi_malay,1265.0
Melaka,2003-01-01,both,bumi_other,20.0
Melaka,2003-01-01,female,bumi_other,6.0
Melaka,2003-01-01,male,bumi_other,14.0
Melaka,2003-01-01,both,chinese,1195.0
Melaka,2003-01-01,female,chinese,519.0
Melaka,2003-01-01,male,chinese,676.0
Melaka,2003-01-01,both,indian,282.0
Melaka,2003-01-01,female,indian,100.0
Melaka,2003-01-01,male,indian,182.0
Melaka,2003-01-01,both,other_citizen,35.0
Melaka,2003-01-01,female,other_citizen,16.0
Melaka,2003-01-01,male,other_citizen,19.0
Melaka,2003-01-01,both,other_noncitizen,56.0
Melaka,2003-01-01,female,other_noncitizen,25.0
Melaka,2003-01-01,male,other_noncitizen,31.0
Melaka,2003-01-01,both,overall,3964.0
Melaka,2003-01-01,female,overall,1777.0
Melaka,2003-01-01,male,overall,2187.0
Melaka,2004-01-01,both,bumi_malay,2418.0
Melaka,2004-01-01,female,bumi_malay,1134.0
Melaka,2004-01-01,male,bumi_malay,1284.0
Melaka,2004-01-01,both,bumi_other,20.0
Melaka,2004-01-01,female,bumi_other,7.0
Melaka,2004-01-01,male,bumi_other,13.0
Melaka,2004-01-01,both,chinese,1252.0
Melaka,2004-01-01,female,chinese,558.0
Melaka,2004-01-01,male,chinese,694.0
Melaka,2004-01-01,both,indian,278.0
Melaka,2004-01-01,female,indian,105.0
Melaka,2004-01-01,male,indian,173.0
Melaka,2004-01-01,both,other_citizen,30.0
Melaka,2004-01-01,female,other_citizen,9.0
Melaka,2004-01-01,male,other_citizen,21.0
Melaka,2004-01-01,both,other_noncitizen,72.0
Melaka,2004-01-01,female,other_noncitizen,29.0
Melaka,2004-01-01,male,other_noncitizen,43.0
Melaka,2004-01-01,both,overall,4070.0
Melaka,2004-01-01,female,overall,1842.0
Melaka,2004-01-01,male,overall,2228.0
Melaka,2005-01-01,both,bumi_malay,2505.0
Melaka,2005-01-01,female,bumi_malay,1137.0
Melaka,2005-01-01,male,bumi_malay,1368.0
Melaka,2005-01-01,both,bumi_other,14.0
Melaka,2005-01-01,female,bumi_other,6.0
Melaka,2005-01-01,male,bumi_other,8.0
Melaka,2005-01-01,both,chinese,1257.0
Melaka,2005-01-01,female,chinese,564.0
Melaka,2005-01-01,male,chinese,693.0
Melaka,2005-01-01,both,indian,269.0
Melaka,2005-01-01,female,indian,108.0
Melaka,2005-01-01,male,indian,161.0
Melaka,2005-01-01,both,other_citizen,27.0
Melaka,2005-01-01,female,other_citizen,7.0
Melaka,2005-01-01,male,other_citizen,20.0
Melaka,2005-01-01,both,other_noncitizen,68.0
Melaka,2005-01-01,female,other_noncitizen,25.0
Melaka,2005-01-01,male,other_noncitizen,43.0
Melaka,2005-01-01,both,overall,4140.0
Melaka,2005-01-01,female,overall,1847.0
Melaka,2005-01-01,male,overall,2293.0
Melaka,2006-01-01,both,bumi_malay,2458.0
Melaka,2006-01-01,female,bumi_malay,1136.0
Melaka,2006-01-01,male,bumi_malay,1322.0
Melaka,2006-01-01,both,bumi_other,22.0
Melaka,2006-01-01,female,bumi_other,5.0
Melaka,2006-01-01,male,bumi_other,17.0
Melaka,2006-01-01,both,chinese,1277.0
Melaka,2006-01-01,female,chinese,561.0
Melaka,2006-01-01,male,chinese,716.0
Melaka,2006-01-01,both,indian,271.0
Melaka,2006-01-01,female,indian,102.0
Melaka,2006-01-01,male,indian,169.0
Melaka,2006-01-01,both,other_citizen,35.0
Melaka,2006-01-01,female,other_citizen,11.0
Melaka,2006-01-01,male,other_citizen,24.0
Melaka,2006-01-01,both,other_noncitizen,83.0
Melaka,2006-01-01,female,other_noncitizen,40.0
Melaka,2006-01-01,male,other_noncitizen,43.0
Melaka,2006-01-01,both,overall,4146.0
Melaka,2006-01-01,female,overall,1855.0
Melaka,2006-01-01,male,overall,2291.0
Melaka,2007-01-01,both,bumi_malay,2502.0
Melaka,2007-01-01,female,bumi_malay,1128.0
Melaka,2007-01-01,male,bumi_malay,1374.0
Melaka,2007-01-01,both,bumi_other,18.0
Melaka,2007-01-01,female,bumi_other,8.0
Melaka,2007-01-01,male,bumi_other,10.0
Melaka,2007-01-01,both,chinese,1275.0
Melaka,2007-01-01,female,chinese,516.0
Melaka,2007-01-01,male,chinese,759.0
Melaka,2007-01-01,both,indian,269.0
Melaka,2007-01-01,female,indian,107.0
Melaka,2007-01-01,male,indian,162.0
Melaka,2007-01-01,both,other_citizen,20.0
Melaka,2007-01-01,female,other_citizen,8.0
Melaka,2007-01-01,male,other_citizen,12.0
Melaka,2007-01-01,both,other_noncitizen,61.0
Melaka,2007-01-01,female,other_noncitizen,28.0
Melaka,2007-01-01,male,other_noncitizen,33.0
Melaka,2007-01-01,both,overall,4145.0
Melaka,2007-01-01,female,overall,1795.0
Melaka,2007-01-01,male,overall,2350.0
Melaka,2008-01-01,both,bumi_malay,2681.0
Melaka,2008-01-01,female,bumi_malay,1203.0
Melaka,2008-01-01,male,bumi_malay,1478.0
Melaka,2008-01-01,both,bumi_other,17.0
Melaka,2008-01-01,female,bumi_other,3.0
Melaka,2008-01-01,male,bumi_other,14.0
Melaka,2008-01-01,both,chinese,1259.0
Melaka,2008-01-01,female,chinese,532.0
Melaka,2008-01-01,male,chinese,727.0
Melaka,2008-01-01,both,indian,306.0
Melaka,2008-01-01,female,indian,103.0
Melaka,2008-01-01,male,indian,203.0
Melaka,2008-01-01,both,other_citizen,45.0
Melaka,2008-01-01,female,other_citizen,13.0
Melaka,2008-01-01,male,other_citizen,32.0
Melaka,2008-01-01,both,other_noncitizen,73.0
Melaka,2008-01-01,female,other_noncitizen,37.0
Melaka,2008-01-01,male,other_noncitizen,36.0
Melaka,2008-01-01,both,overall,4381.0
Melaka,2008-01-01,female,overall,1891.0
Melaka,2008-01-01,male,overall,2490.0
Melaka,2009-01-01,both,bumi_malay,2699.0
Melaka,2009-01-01,female,bumi_malay,1190.0
Melaka,2009-01-01,male,bumi_malay,1509.0
Melaka,2009-01-01,both,bumi_other,14.0
Melaka,2009-01-01,female,bumi_other,8.0
Melaka,2009-01-01,male,bumi_other,6.0
Melaka,2009-01-01,both,chinese,1336.0
Melaka,2009-01-01,female,chinese,556.0
Melaka,2009-01-01,male,chinese,780.0
Melaka,2009-01-01,both,indian,312.0
Melaka,2009-01-01,female,indian,118.0
Melaka,2009-01-01,male,indian,194.0
Melaka,2009-01-01,both,other_citizen,32.0
Melaka,2009-01-01,female,other_citizen,14.0
Melaka,2009-01-01,male,other_citizen,18.0
Melaka,2009-01-01,both,other_noncitizen,79.0
Melaka,2009-01-01,female,other_noncitizen,37.0
Melaka,2009-01-01,male,other_noncitizen,42.0
Melaka,2009-01-01,both,overall,4472.0
Melaka,2009-01-01,female,overall,1923.0
Melaka,2009-01-01,male,overall,2549.0
Melaka,2010-01-01,both,bumi_malay,2667.0
Melaka,2010-01-01,female,bumi_malay,1178.0
Melaka,2010-01-01,male,bumi_malay,1489.0
Melaka,2010-01-01,both,bumi_other,25.0
Melaka,2010-01-01,female,bumi_other,11.0
Melaka,2010-01-01,male,bumi_other,14.0
Melaka,2010-01-01,both,chinese,1370.0
Melaka,2010-01-01,female,chinese,610.0
Melaka,2010-01-01,male,chinese,760.0
Melaka,2010-01-01,both,indian,299.0
Melaka,2010-01-01,female,indian,100.0
Melaka,2010-01-01,male,indian,199.0
Melaka,2010-01-01,both,other_citizen,35.0
Melaka,2010-01-01,female,other_citizen,12.0
Melaka,2010-01-01,male,other_citizen,23.0
Melaka,2010-01-01,both,other_noncitizen,85.0
Melaka,2010-01-01,female,other_noncitizen,40.0
Melaka,2010-01-01,male,other_noncitizen,45.0
Melaka,2010-01-01,both,overall,4481.0
Melaka,2010-01-01,female,overall,1951.0
Melaka,2010-01-01,male,overall,2530.0
Melaka,2011-01-01,both,bumi_malay,2713.0
Melaka,2011-01-01,female,bumi_malay,1188.0
Melaka,2011-01-01,male,bumi_malay,1525.0
Melaka,2011-01-01,both,bumi_other,27.0
Melaka,2011-01-01,female,bumi_other,8.0
Melaka,2011-01-01,male,bumi_other,19.0
Melaka,2011-01-01,both,chinese,1419.0
Melaka,2011-01-01,female,chinese,603.0
Melaka,2011-01-01,male,chinese,816.0
Melaka,2011-01-01,both,indian,336.0
Melaka,2011-01-01,female,indian,131.0
Melaka,2011-01-01,male,indian,205.0
Melaka,2011-01-01,both,other_citizen,46.0
Melaka,2011-01-01,female,other_citizen,12.0
Melaka,2011-01-01,male,other_citizen,34.0
Melaka,2011-01-01,both,other_noncitizen,65.0
Melaka,2011-01-01,female,other_noncitizen,22.0
Melaka,2011-01-01,male,other_noncitizen,43.0
Melaka,2011-01-01,both,overall,4606.0
Melaka,2011-01-01,female,overall,1964.0
Melaka,2011-01-01,male,overall,2642.0
Melaka,2012-01-01,both,bumi_malay,2778.0
Melaka,2012-01-01,female,bumi_malay,1266.0
Melaka,2012-01-01,male,bumi_malay,1512.0
Melaka,2012-01-01,both,bumi_other,20.0
Melaka,2012-01-01,female,bumi_other,4.0
Melaka,2012-01-01,male,bumi_other,16.0
Melaka,2012-01-01,both,chinese,1311.0
Melaka,2012-01-01,female,chinese,547.0
Melaka,2012-01-01,male,chinese,764.0
Melaka,2012-01-01,both,indian,342.0
Melaka,2012-01-01,female,indian,123.0
Melaka,2012-01-01,male,indian,219.0
Melaka,2012-01-01,both,other_citizen,41.0
Melaka,2012-01-01,female,other_citizen,15.0
Melaka,2012-01-01,male,other_citizen,26.0
Melaka,2012-01-01,both,other_noncitizen,83.0
Melaka,2012-01-01,female,other_noncitizen,32.0
Melaka,2012-01-01,male,other_noncitizen,51.0
Melaka,2012-01-01,both,overall,4575.0
Melaka,2012-01-01,female,overall,1987.0
Melaka,2012-01-01,male,overall,2588.0
Melaka,2013-01-01,both,bumi_malay,2868.0
Melaka,2013-01-01,female,bumi_malay,1314.0
Melaka,2013-01-01,male,bumi_malay,1554.0
Melaka,2013-01-01,both,bumi_other,34.0
Melaka,2013-01-01,female,bumi_other,13.0
Melaka,2013-01-01,male,bumi_other,21.0
Melaka,2013-01-01,both,chinese,1380.0
Melaka,2013-01-01,female,chinese,563.0
Melaka,2013-01-01,male,chinese,817.0
Melaka,2013-01-01,both,indian,353.0
Melaka,2013-01-01,female,indian,138.0
Melaka,2013-01-01,male,indian,215.0
Melaka,2013-01-01,both,other_citizen,34.0
Melaka,2013-01-01,female,other_citizen,11.0
Melaka,2013-01-01,male,other_citizen,23.0
Melaka,2013-01-01,both,other_noncitizen,78.0
Melaka,2013-01-01,female,other_noncitizen,39.0
Melaka,2013-01-01,male,other_noncitizen,39.0
Melaka,2013-01-01,both,overall,4747.0
Melaka,2013-01-01,female,overall,2078.0
Melaka,2013-01-01,male,overall,2669.0
Melaka,2014-01-01,both,bumi_malay,2874.0
Melaka,2014-01-01,female,bumi_malay,1253.0
Melaka,2014-01-01,male,bumi_malay,1621.0
Melaka,2014-01-01,both,bumi_other,20.0
Melaka,2014-01-01,female,bumi_other,8.0
Melaka,2014-01-01,male,bumi_other,12.0
Melaka,2014-01-01,both,chinese,1393.0
Melaka,2014-01-01,female,chinese,600.0
Melaka,2014-01-01,male,chinese,793.0
Melaka,2014-01-01,both,indian,338.0
Melaka,2014-01-01,female,indian,111.0
Melaka,2014-01-01,male,indian,227.0
Melaka,2014-01-01,both,other_citizen,31.0
Melaka,2014-01-01,female,other_citizen,14.0
Melaka,2014-01-01,male,other_citizen,17.0
Melaka,2014-01-01,both,other_noncitizen,72.0
Melaka,2014-01-01,female,other_noncitizen,23.0
Melaka,2014-01-01,male,other_noncitizen,49.0
Melaka,2014-01-01,both,overall,4728.0
Melaka,2014-01-01,female,overall,2009.0
Melaka,2014-01-01,male,overall,2719.0
Melaka,2015-01-01,both,bumi_malay,2993.0
Melaka,2015-01-01,female,bumi_malay,1352.0
Melaka,2015-01-01,male,bumi_malay,1641.0
Melaka,2015-01-01,both,bumi_other,31.0
Melaka,2015-01-01,female,bumi_other,16.0
Melaka,2015-01-01,male,bumi_other,15.0
Melaka,2015-01-01,both,chinese,1484.0
Melaka,2015-01-01,female,chinese,623.0
Melaka,2015-01-01,male,chinese,861.0
Melaka,2015-01-01,both,indian,339.0
Melaka,2015-01-01,female,indian,135.0
Melaka,2015-01-01,male,indian,204.0
Melaka,2015-01-01,both,other_citizen,40.0
Melaka,2015-01-01,female,other_citizen,21.0
Melaka,2015-01-01,male,other_citizen,19.0
Melaka,2015-01-01,both,other_noncitizen,72.0
Melaka,2015-01-01,female,other_noncitizen,34.0
Melaka,2015-01-01,male,other_noncitizen,38.0
Melaka,2015-01-01,both,overall,4959.0
Melaka,2015-01-01,female,overall,2181.0
Melaka,2015-01-01,male,overall,2778.0
Melaka,2016-01-01,both,bumi_malay,3125.0
Melaka,2016-01-01,female,bumi_malay,1410.0
Melaka,2016-01-01,male,bumi_malay,1715.0
Melaka,2016-01-01,both,bumi_other,24.0
Melaka,2016-01-01,female,bumi_other,6.0
Melaka,2016-01-01,male,bumi_other,18.0
Melaka,2016-01-01,both,chinese,1540.0
Melaka,2016-01-01,female,chinese,672.0
Melaka,2016-01-01,male,chinese,868.0
Melaka,2016-01-01,both,indian,377.0
Melaka,2016-01-01,female,indian,135.0
Melaka,2016-01-01,male,indian,242.0
Melaka,2016-01-01,both,other_citizen,36.0
Melaka,2016-01-01,female,other_citizen,12.0
Melaka,2016-01-01,male,other_citizen,24.0
Melaka,2016-01-01,both,other_noncitizen,84.0
Melaka,2016-01-01,female,other_noncitizen,36.0
Melaka,2016-01-01,male,other_noncitizen,48.0
Melaka,2016-01-01,both,overall,5186.0
Melaka,2016-01-01,female,overall,2271.0
Melaka,2016-01-01,male,overall,2915.0
Melaka,2017-01-01,both,bumi_malay,3303.0
Melaka,2017-01-01,female,bumi_malay,1526.0
Melaka,2017-01-01,male,bumi_malay,1777.0
Melaka,2017-01-01,both,bumi_other,31.0
Melaka,2017-01-01,female,bumi_other,10.0
Melaka,2017-01-01,male,bumi_other,21.0
Melaka,2017-01-01,both,chinese,1637.0
Melaka,2017-01-01,female,chinese,680.0
Melaka,2017-01-01,male,chinese,957.0
Melaka,2017-01-01,both,indian,406.0
Melaka,2017-01-01,female,indian,152.0
Melaka,2017-01-01,male,indian,254.0
Melaka,2017-01-01,both,other_citizen,54.0
Melaka,2017-01-01,female,other_citizen,23.0
Melaka,2017-01-01,male,other_citizen,31.0
Melaka,2017-01-01,both,other_noncitizen,92.0
Melaka,2017-01-01,female,other_noncitizen,40.0
Melaka,2017-01-01,male,other_noncitizen,52.0
Melaka,2017-01-01,both,overall,5523.0
Melaka,2017-01-01,female,overall,2431.0
Melaka,2017-01-01,male,overall,3092.0
Melaka,2018-01-01,both,bumi_malay,3312.0
Melaka,2018-01-01,female,bumi_malay,1449.0
Melaka,2018-01-01,male,bumi_malay,1863.0
Melaka,2018-01-01,both,bumi_other,20.0
Melaka,2018-01-01,female,bumi_other,8.0
Melaka,2018-01-01,male,bumi_other,12.0
Melaka,2018-01-01,both,chinese,1550.0
Melaka,2018-01-01,female,chinese,664.0
Melaka,2018-01-01,male,chinese,886.0
Melaka,2018-01-01,both,indian,401.0
Melaka,2018-01-01,female,indian,162.0
Melaka,2018-01-01,male,indian,239.0
Melaka,2018-01-01,both,other_citizen,47.0
Melaka,2018-01-01,female,other_citizen,15.0
Melaka,2018-01-01,male,other_citizen,32.0
Melaka,2018-01-01,both,other_noncitizen,77.0
Melaka,2018-01-01,female,other_noncitizen,30.0
Melaka,2018-01-01,male,other_noncitizen,47.0
Melaka,2018-01-01,both,overall,5407.0
Melaka,2018-01-01,female,overall,2328.0
Melaka,2018-01-01,male,overall,3079.0
Melaka,2019-01-01,both,bumi_malay,3379.0
Melaka,2019-01-01,female,bumi_malay,1522.0
Melaka,2019-01-01,male,bumi_malay,1857.0
Melaka,2019-01-01,both,bumi_other,28.0
Melaka,2019-01-01,female,bumi_other,9.0
Melaka,2019-01-01,male,bumi_other,19.0
Melaka,2019-01-01,both,chinese,1638.0
Melaka,2019-01-01,female,chinese,694.0
Melaka,2019-01-01,male,chinese,944.0
Melaka,2019-01-01,both,indian,384.0
Melaka,2019-01-01,female,indian,174.0
Melaka,2019-01-01,male,indian,210.0
Melaka,2019-01-01,both,other_citizen,46.0
Melaka,2019-01-01,female,other_citizen,22.0
Melaka,2019-01-01,male,other_citizen,24.0
Melaka,2019-01-01,both,other_noncitizen,72.0
Melaka,2019-01-01,female,other_noncitizen,38.0
Melaka,2019-01-01,male,other_noncitizen,34.0
Melaka,2019-01-01,both,overall,5547.0
Melaka,2019-01-01,female,overall,2459.0
Melaka,2019-01-01,male,overall,3088.0
Melaka,2020-01-01,both,bumi_malay,3244.0
Melaka,2020-01-01,female,bumi_malay,1465.0
Melaka,2020-01-01,male,bumi_malay,1779.0
Melaka,2020-01-01,both,bumi_other,26.0
Melaka,2020-01-01,female,bumi_other,8.0
Melaka,2020-01-01,male,bumi_other,18.0
Melaka,2020-01-01,both,chinese,1668.0
Melaka,2020-01-01,female,chinese,700.0
Melaka,2020-01-01,male,chinese,968.0
Melaka,2020-01-01,both,indian,402.0
Melaka,2020-01-01,female,indian,166.0
Melaka,2020-01-01,male,indian,236.0
Melaka,2020-01-01,both,other_citizen,41.0
Melaka,2020-01-01,female,other_citizen,16.0
Melaka,2020-01-01,male,other_citizen,25.0
Melaka,2020-01-01,both,other_noncitizen,63.0
Melaka,2020-01-01,female,other_noncitizen,17.0
Melaka,2020-01-01,male,other_noncitizen,46.0
Melaka,2020-01-01,both,overall,5444.0
Melaka,2020-01-01,female,overall,2372.0
Melaka,2020-01-01,male,overall,3072.0
Melaka,2021-01-01,both,bumi_malay,4387.0
Melaka,2021-01-01,female,bumi_malay,2003.0
Melaka,2021-01-01,male,bumi_malay,2384.0
Melaka,2021-01-01,both,bumi_other,37.0
Melaka,2021-01-01,female,bumi_other,17.0
Melaka,2021-01-01,male,bumi_other,20.0
Melaka,2021-01-01,both,chinese,1962.0
Melaka,2021-01-01,female,chinese,850.0
Melaka,2021-01-01,male,chinese,1112.0
Melaka,2021-01-01,both,indian,502.0
Melaka,2021-01-01,female,indian,227.0
Melaka,2021-01-01,male,indian,275.0
Melaka,2021-01-01,both,other_citizen,62.0
Melaka,2021-01-01,female,other_citizen,24.0
Melaka,2021-01-01,male,other_citizen,38.0
Melaka,2021-01-01,both,other_noncitizen,133.0
Melaka,2021-01-01,female,other_noncitizen,41.0
Melaka,2021-01-01,male,other_noncitizen,92.0
Melaka,2021-01-01,both,overall,7083.0
Melaka,2021-01-01,female,overall,3162.0
Melaka,2021-01-01,male,overall,3921.0
Melaka,2022-01-01,both,bumi_malay,4060.0
Melaka,2022-01-01,female,bumi_malay,1859.0
Melaka,2022-01-01,male,bumi_malay,2201.0
Melaka,2022-01-01,both,bumi_other,25.0
Melaka,2022-01-01,female,bumi_other,9.0
Melaka,2022-01-01,male,bumi_other,16.0
Melaka,2022-01-01,both,chinese,1913.0
Melaka,2022-01-01,female,chinese,841.0
Melaka,2022-01-01,male,chinese,1072.0
Melaka,2022-01-01,both,indian,503.0
Melaka,2022-01-01,female,indian,204.0
Melaka,2022-01-01,male,indian,299.0
Melaka,2022-01-01,both,other_citizen,62.0
Melaka,2022-01-01,female,other_citizen,25.0
Melaka,2022-01-01,male,other_citizen,37.0
Melaka,2022-01-01,both,other_noncitizen,67.0
Melaka,2022-01-01,female,other_noncitizen,23.0
Melaka,2022-01-01,male,other_noncitizen,44.0
Melaka,2022-01-01,both,overall,6630.0
Melaka,2022-01-01,female,overall,2961.0
Melaka,2022-01-01,male,overall,3669.0
Melaka,2023-01-01,both,bumi_malay,3758.0
Melaka,2023-01-01,female,bumi_malay,1690.0
Melaka,2023-01-01,male,bumi_malay,2068.0
Melaka,2023-01-01,both,bumi_other,31.0
Melaka,2023-01-01,female,bumi_other,7.0
Melaka,2023-01-01,male,bumi_other,24.0
Melaka,2023-01-01,both,chinese,1809.0
Melaka,2023-01-01,female,chinese,788.0
Melaka,2023-01-01,male,chinese,1021.0
Melaka,2023-01-01,both,indian,448.0
Melaka,2023-01-01,female,indian,191.0
Melaka,2023-01-01,male,indian,257.0
Melaka,2023-01-01,both,other_citizen,
Melaka,2023-01-01,female,other_citizen,
Melaka,2023-01-01,male,other_citizen,
Melaka,2023-01-01,both,other_noncitizen,
Melaka,2023-01-01,female,other_noncitizen,
Melaka,2023-01-01,male,other_noncitizen,
Melaka,2023-01-01,both,overall,6190.0
Melaka,2023-01-01,female,overall,2734.0
Melaka,2023-01-01,male,overall,3456.0
Melaka,2024-01-01,both,bumi_malay,3843.0
Melaka,2024-01-01,female,bumi_malay,1688.0
Melaka,2024-01-01,male,bumi_malay,2155.0
Melaka,2024-01-01,both,bumi_other,24.0
Melaka,2024-01-01,female,bumi_other,10.0
Melaka,2024-01-01,male,bumi_other,14.0
Melaka,2024-01-01,both,chinese,1827.0
Melaka,2024-01-01,female,chinese,759.0
Melaka,2024-01-01,male,chinese,1068.0
Melaka,2024-01-01,both,indian,451.0
Melaka,2024-01-01,female,indian,185.0
Melaka,2024-01-01,male,indian,266.0
Melaka,2024-01-01,both,other_citizen,
Melaka,2024-01-01,female,other_citizen,
Melaka,2024-01-01,male,other_citizen,
Melaka,2024-01-01,both,other_noncitizen,
Melaka,2024-01-01,female,other_noncitizen,
Melaka,2024-01-01,male,other_noncitizen,
Melaka,2024-01-01,both,overall,6286.0
Melaka,2024-01-01,female,overall,2689.0
Melaka,2024-01-01,male,overall,3597.0
Negeri Sembilan,2000-01-01,both,bumi_malay,2246.0
Negeri Sembilan,2000-01-01,female,bumi_malay,946.0
Negeri Sembilan,2000-01-01,male,bumi_malay,1300.0
Negeri Sembilan,2000-01-01,both,bumi_other,43.0
Negeri Sembilan,2000-01-01,female,bumi_other,14.0
Negeri Sembilan,2000-01-01,male,bumi_other,29.0
Negeri Sembilan,2000-01-01,both,chinese,1347.0
Negeri Sembilan,2000-01-01,female,chinese,598.0
Negeri Sembilan,2000-01-01,male,chinese,749.0
Negeri Sembilan,2000-01-01,both,indian,785.0
Negeri Sembilan,2000-01-01,female,indian,249.0
Negeri Sembilan,2000-01-01,male,indian,536.0
Negeri Sembilan,2000-01-01,both,other_citizen,24.0
Negeri Sembilan,2000-01-01,female,other_citizen,6.0
Negeri Sembilan,2000-01-01,male,other_citizen,18.0
Negeri Sembilan,2000-01-01,both,other_noncitizen,95.0
Negeri Sembilan,2000-01-01,female,other_noncitizen,45.0
Negeri Sembilan,2000-01-01,male,other_noncitizen,50.0
Negeri Sembilan,2000-01-01,both,overall,4540.0
Negeri Sembilan,2000-01-01,female,overall,1858.0
Negeri Sembilan,2000-01-01,male,overall,2682.0
Negeri Sembilan,2001-01-01,both,bumi_malay,2477.0
Negeri Sembilan,2001-01-01,female,bumi_malay,1066.0
Negeri Sembilan,2001-01-01,male,bumi_malay,1411.0
Negeri Sembilan,2001-01-01,both,bumi_other,48.0
Negeri Sembilan,2001-01-01,female,bumi_other,15.0
Negeri Sembilan,2001-01-01,male,bumi_other,33.0
Negeri Sembilan,2001-01-01,both,chinese,1348.0
Negeri Sembilan,2001-01-01,female,chinese,596.0
Negeri Sembilan,2001-01-01,male,chinese,752.0
Negeri Sembilan,2001-01-01,both,indian,717.0
Negeri Sembilan,2001-01-01,female,indian,253.0
Negeri Sembilan,2001-01-01,male,indian,464.0
Negeri Sembilan,2001-01-01,both,other_citizen,21.0
Negeri Sembilan,2001-01-01,female,other_citizen,5.0
Negeri Sembilan,2001-01-01,male,other_citizen,16.0
Negeri Sembilan,2001-01-01,both,other_noncitizen,113.0
Negeri Sembilan,2001-01-01,female,other_noncitizen,51.0
Negeri Sembilan,2001-01-01,male,other_noncitizen,62.0
Negeri Sembilan,2001-01-01,both,overall,4724.0
Negeri Sembilan,2001-01-01,female,overall,1986.0
Negeri Sembilan,2001-01-01,male,overall,2738.0
Negeri Sembilan,2002-01-01,both,bumi_malay,2621.0
Negeri Sembilan,2002-01-01,female,bumi_malay,1149.0
Negeri Sembilan,2002-01-01,male,bumi_malay,1472.0
Negeri Sembilan,2002-01-01,both,bumi_other,44.0
Negeri Sembilan,2002-01-01,female,bumi_other,18.0
Negeri Sembilan,2002-01-01,male,bumi_other,26.0
Negeri Sembilan,2002-01-01,both,chinese,1474.0
Negeri Sembilan,2002-01-01,female,chinese,640.0
Negeri Sembilan,2002-01-01,male,chinese,834.0
Negeri Sembilan,2002-01-01,both,indian,774.0
Negeri Sembilan,2002-01-01,female,indian,300.0
Negeri Sembilan,2002-01-01,male,indian,474.0
Negeri Sembilan,2002-01-01,both,other_citizen,28.0
Negeri Sembilan,2002-01-01,female,other_citizen,8.0
Negeri Sembilan,2002-01-01,male,other_citizen,20.0
Negeri Sembilan,2002-01-01,both,other_noncitizen,110.0
Negeri Sembilan,2002-01-01,female,other_noncitizen,54.0
Negeri Sembilan,2002-01-01,male,other_noncitizen,56.0
Negeri Sembilan,2002-01-01,both,overall,5051.0
Negeri Sembilan,2002-01-01,female,overall,2169.0
Negeri Sembilan,2002-01-01,male,overall,2882.0
Negeri Sembilan,2003-01-01,both,bumi_malay,2618.0
Negeri Sembilan,2003-01-01,female,bumi_malay,1093.0
Negeri Sembilan,2003-01-01,male,bumi_malay,1525.0
Negeri Sembilan,2003-01-01,both,bumi_other,57.0
Negeri Sembilan,2003-01-01,female,bumi_other,17.0
Negeri Sembilan,2003-01-01,male,bumi_other,40.0
Negeri Sembilan,2003-01-01,both,chinese,1383.0
Negeri Sembilan,2003-01-01,female,chinese,609.0
Negeri Sembilan,2003-01-01,male,chinese,774.0
Negeri Sembilan,2003-01-01,both,indian,816.0
Negeri Sembilan,2003-01-01,female,indian,282.0
Negeri Sembilan,2003-01-01,male,indian,534.0
Negeri Sembilan,2003-01-01,both,other_citizen,26.0
Negeri Sembilan,2003-01-01,female,other_citizen,14.0
Negeri Sembilan,2003-01-01,male,other_citizen,12.0
Negeri Sembilan,2003-01-01,both,other_noncitizen,138.0
Negeri Sembilan,2003-01-01,female,other_noncitizen,60.0
Negeri Sembilan,2003-01-01,male,other_noncitizen,78.0
Negeri Sembilan,2003-01-01,both,overall,5038.0
Negeri Sembilan,2003-01-01,female,overall,2075.0
Negeri Sembilan,2003-01-01,male,overall,2963.0
Negeri Sembilan,2004-01-01,both,bumi_malay,2577.0
Negeri Sembilan,2004-01-01,female,bumi_malay,1103.0
Negeri Sembilan,2004-01-01,male,bumi_malay,1474.0
Negeri Sembilan,2004-01-01,both,bumi_other,63.0
Negeri Sembilan,2004-01-01,female,bumi_other,19.0
Negeri Sembilan,2004-01-01,male,bumi_other,44.0
Negeri Sembilan,2004-01-01,both,chinese,1406.0
Negeri Sembilan,2004-01-01,female,chinese,624.0
Negeri Sembilan,2004-01-01,male,chinese,782.0
Negeri Sembilan,2004-01-01,both,indian,876.0
Negeri Sembilan,2004-01-01,female,indian,312.0
Negeri Sembilan,2004-01-01,male,indian,564.0
Negeri Sembilan,2004-01-01,both,other_citizen,26.0
Negeri Sembilan,2004-01-01,female,other_citizen,5.0
Negeri Sembilan,2004-01-01,male,other_citizen,21.0
Negeri Sembilan,2004-01-01,both,other_noncitizen,119.0
Negeri Sembilan,2004-01-01,female,other_noncitizen,64.0
Negeri Sembilan,2004-01-01,male,other_noncitizen,55.0
Negeri Sembilan,2004-01-01,both,overall,5067.0
Negeri Sembilan,2004-01-01,female,overall,2127.0
Negeri Sembilan,2004-01-01,male,overall,2940.0
Negeri Sembilan,2005-01-01,both,bumi_malay,2709.0
Negeri Sembilan,2005-01-01,female,bumi_malay,1127.0
Negeri Sembilan,2005-01-01,male,bumi_malay,1582.0
Negeri Sembilan,2005-01-01,both,bumi_other,53.0
Negeri Sembilan,2005-01-01,female,bumi_other,17.0
Negeri Sembilan,2005-01-01,male,bumi_other,36.0
Negeri Sembilan,2005-01-01,both,chinese,1439.0
Negeri Sembilan,2005-01-01,female,chinese,606.0
Negeri Sembilan,2005-01-01,male,chinese,833.0
Negeri Sembilan,2005-01-01,both,indian,819.0
Negeri Sembilan,2005-01-01,female,indian,313.0
Negeri Sembilan,2005-01-01,male,indian,506.0
Negeri Sembilan,2005-01-01,both,other_citizen,28.0
Negeri Sembilan,2005-01-01,female,other_citizen,9.0
Negeri Sembilan,2005-01-01,male,other_citizen,19.0
Negeri Sembilan,2005-01-01,both,other_noncitizen,115.0
Negeri Sembilan,2005-01-01,female,other_noncitizen,50.0
Negeri Sembilan,2005-01-01,male,other_noncitizen,65.0
Negeri Sembilan,2005-01-01,both,overall,5163.0
Negeri Sembilan,2005-01-01,female,overall,2122.0
Negeri Sembilan,2005-01-01,male,overall,3041.0
Negeri Sembilan,2006-01-01,both,bumi_malay,2741.0
Negeri Sembilan,2006-01-01,female,bumi_malay,1139.0
Negeri Sembilan,2006-01-01,male,bumi_malay,1602.0
Negeri Sembilan,2006-01-01,both,bumi_other,62.0
Negeri Sembilan,2006-01-01,female,bumi_other,31.0
Negeri Sembilan,2006-01-01,male,bumi_other,31.0
Negeri Sembilan,2006-01-01,both,chinese,1425.0
Negeri Sembilan,2006-01-01,female,chinese,616.0
Negeri Sembilan,2006-01-01,male,chinese,809.0
Negeri Sembilan,2006-01-01,both,indian,830.0
Negeri Sembilan,2006-01-01,female,indian,311.0
Negeri Sembilan,2006-01-01,male,indian,519.0
Negeri Sembilan,2006-01-01,both,other_citizen,27.0
Negeri Sembilan,2006-01-01,female,other_citizen,10.0
Negeri Sembilan,2006-01-01,male,other_citizen,17.0
Negeri Sembilan,2006-01-01,both,other_noncitizen,119.0
Negeri Sembilan,2006-01-01,female,other_noncitizen,55.0
Negeri Sembilan,2006-01-01,male,other_noncitizen,64.0
Negeri Sembilan,2006-01-01,both,overall,5204.0
Negeri Sembilan,2006-01-01,female,overall,2162.0
Negeri Sembilan,2006-01-01,male,overall,3042.0
Negeri Sembilan,2007-01-01,both,bumi_malay,2711.0
Negeri Sembilan,2007-01-01,female,bumi_malay,1144.0
Negeri Sembilan,2007-01-01,male,bumi_malay,1567.0
Negeri Sembilan,2007-01-01,both,bumi_other,63.0
Negeri Sembilan,2007-01-01,female,bumi_other,17.0
Negeri Sembilan,2007-01-01,male,bumi_other,46.0
Negeri Sembilan,2007-01-01,both,chinese,1443.0
Negeri Sembilan,2007-01-01,female,chinese,604.0
Negeri Sembilan,2007-01-01,male,chinese,839.0
Negeri Sembilan,2007-01-01,both,indian,834.0
Negeri Sembilan,2007-01-01,female,indian,306.0
Negeri Sembilan,2007-01-01,male,indian,528.0
Negeri Sembilan,2007-01-01,both,other_citizen,24.0
Negeri Sembilan,2007-01-01,female,other_citizen,9.0
Negeri Sembilan,2007-01-01,male,other_citizen,15.0
Negeri Sembilan,2007-01-01,both,other_noncitizen,106.0
Negeri Sembilan,2007-01-01,female,other_noncitizen,51.0
Negeri Sembilan,2007-01-01,male,other_noncitizen,55.0
Negeri Sembilan,2007-01-01,both,overall,5181.0
Negeri Sembilan,2007-01-01,female,overall,2131.0
Negeri Sembilan,2007-01-01,male,overall,3050.0
Negeri Sembilan,2008-01-01,both,bumi_malay,3150.0
Negeri Sembilan,2008-01-01,female,bumi_malay,1314.0
Negeri Sembilan,2008-01-01,male,bumi_malay,1836.0
Negeri Sembilan,2008-01-01,both,bumi_other,72.0
Negeri Sembilan,2008-01-01,female,bumi_other,24.0
Negeri Sembilan,2008-01-01,male,bumi_other,48.0
Negeri Sembilan,2008-01-01,both,chinese,1491.0
Negeri Sembilan,2008-01-01,female,chinese,666.0
Negeri Sembilan,2008-01-01,male,chinese,825.0
Negeri Sembilan,2008-01-01,both,indian,888.0
Negeri Sembilan,2008-01-01,female,indian,312.0
Negeri Sembilan,2008-01-01,male,indian,576.0
Negeri Sembilan,2008-01-01,both,other_citizen,23.0
Negeri Sembilan,2008-01-01,female,other_citizen,10.0
Negeri Sembilan,2008-01-01,male,other_citizen,13.0
Negeri Sembilan,2008-01-01,both,other_noncitizen,116.0
Negeri Sembilan,2008-01-01,female,other_noncitizen,59.0
Negeri Sembilan,2008-01-01,male,other_noncitizen,57.0
Negeri Sembilan,2008-01-01,both,overall,5740.0
Negeri Sembilan,2008-01-01,female,overall,2385.0
Negeri Sembilan,2008-01-01,male,overall,3355.0
Negeri Sembilan,2009-01-01,both,bumi_malay,3135.0
Negeri Sembilan,2009-01-01,female,bumi_malay,1313.0
Negeri Sembilan,2009-01-01,male,bumi_malay,1822.0
Negeri Sembilan,2009-01-01,both,bumi_other,84.0
Negeri Sembilan,2009-01-01,female,bumi_other,31.0
Negeri Sembilan,2009-01-01,male,bumi_other,53.0
Negeri Sembilan,2009-01-01,both,chinese,1566.0
Negeri Sembilan,2009-01-01,female,chinese,686.0
Negeri Sembilan,2009-01-01,male,chinese,880.0
Negeri Sembilan,2009-01-01,both,indian,907.0
Negeri Sembilan,2009-01-01,female,indian,315.0
Negeri Sembilan,2009-01-01,male,indian,592.0
Negeri Sembilan,2009-01-01,both,other_citizen,23.0
Negeri Sembilan,2009-01-01,female,other_citizen,9.0
Negeri Sembilan,2009-01-01,male,other_citizen,14.0
Negeri Sembilan,2009-01-01,both,other_noncitizen,117.0
Negeri Sembilan,2009-01-01,female,other_noncitizen,59.0
Negeri Sembilan,2009-01-01,male,other_noncitizen,58.0
Negeri Sembilan,2009-01-01,both,overall,5832.0
Negeri Sembilan,2009-01-01,female,overall,2413.0
Negeri Sembilan,2009-01-01,male,overall,3419.0
Negeri Sembilan,2010-01-01,both,bumi_malay,3118.0
Negeri Sembilan,2010-01-01,female,bumi_malay,1310.0
Negeri Sembilan,2010-01-01,male,bumi_malay,1808.0
Negeri Sembilan,2010-01-01,both,bumi_other,79.0
Negeri Sembilan,2010-01-01,female,bumi_other,42.0
Negeri Sembilan,2010-01-01,male,bumi_other,37.0
Negeri Sembilan,2010-01-01,both,chinese,1542.0
Negeri Sembilan,2010-01-01,female,chinese,654.0
Negeri Sembilan,2010-01-01,male,chinese,888.0
Negeri Sembilan,2010-01-01,both,indian,936.0
Negeri Sembilan,2010-01-01,female,indian,309.0
Negeri Sembilan,2010-01-01,male,indian,627.0
Negeri Sembilan,2010-01-01,both,other_citizen,32.0
Negeri Sembilan,2010-01-01,female,other_citizen,12.0
Negeri Sembilan,2010-01-01,male,other_citizen,20.0
Negeri Sembilan,2010-01-01,both,other_noncitizen,107.0
Negeri Sembilan,2010-01-01,female,other_noncitizen,50.0
Negeri Sembilan,2010-01-01,male,other_noncitizen,57.0
Negeri Sembilan,2010-01-01,both,overall,5814.0
Negeri Sembilan,2010-01-01,female,overall,2377.0
Negeri Sembilan,2010-01-01,male,overall,3437.0
Negeri Sembilan,2011-01-01,both,bumi_malay,3178.0
Negeri Sembilan,2011-01-01,female,bumi_malay,1364.0
Negeri Sembilan,2011-01-01,male,bumi_malay,1814.0
Negeri Sembilan,2011-01-01,both,bumi_other,71.0
Negeri Sembilan,2011-01-01,female,bumi_other,32.0
Negeri Sembilan,2011-01-01,male,bumi_other,39.0
Negeri Sembilan,2011-01-01,both,chinese,1544.0
Negeri Sembilan,2011-01-01,female,chinese,663.0
Negeri Sembilan,2011-01-01,male,chinese,881.0
Negeri Sembilan,2011-01-01,both,indian,940.0
Negeri Sembilan,2011-01-01,female,indian,325.0
Negeri Sembilan,2011-01-01,male,indian,615.0
Negeri Sembilan,2011-01-01,both,other_citizen,33.0
Negeri Sembilan,2011-01-01,female,other_citizen,15.0
Negeri Sembilan,2011-01-01,male,other_citizen,18.0
Negeri Sembilan,2011-01-01,both,other_noncitizen,119.0
Negeri Sembilan,2011-01-01,female,other_noncitizen,55.0
Negeri Sembilan,2011-01-01,male,other_noncitizen,64.0
Negeri Sembilan,2011-01-01,both,overall,5885.0
Negeri Sembilan,2011-01-01,female,overall,2454.0
Negeri Sembilan,2011-01-01,male,overall,3431.0
Negeri Sembilan,2012-01-01,both,bumi_malay,3172.0
Negeri Sembilan,2012-01-01,female,bumi_malay,1411.0
Negeri Sembilan,2012-01-01,male,bumi_malay,1761.0
Negeri Sembilan,2012-01-01,both,bumi_other,68.0
Negeri Sembilan,2012-01-01,female,bumi_other,24.0
Negeri Sembilan,2012-01-01,male,bumi_other,44.0
Negeri Sembilan,2012-01-01,both,chinese,1557.0
Negeri Sembilan,2012-01-01,female,chinese,670.0
Negeri Sembilan,2012-01-01,male,chinese,887.0
Negeri Sembilan,2012-01-01,both,indian,960.0
Negeri Sembilan,2012-01-01,female,indian,357.0
Negeri Sembilan,2012-01-01,male,indian,603.0
Negeri Sembilan,2012-01-01,both,other_citizen,26.0
Negeri Sembilan,2012-01-01,female,other_citizen,9.0
Negeri Sembilan,2012-01-01,male,other_citizen,17.0
Negeri Sembilan,2012-01-01,both,other_noncitizen,112.0
Negeri Sembilan,2012-01-01,female,other_noncitizen,48.0
Negeri Sembilan,2012-01-01,male,other_noncitizen,64.0
Negeri Sembilan,2012-01-01,both,overall,5895.0
Negeri Sembilan,2012-01-01,female,overall,2519.0
Negeri Sembilan,2012-01-01,male,overall,3376.0
Negeri Sembilan,2013-01-01,both,bumi_malay,3333.0
Negeri Sembilan,2013-01-01,female,bumi_malay,1439.0
Negeri Sembilan,2013-01-01,male,bumi_malay,1894.0
Negeri Sembilan,2013-01-01,both,bumi_other,77.0
Negeri Sembilan,2013-01-01,female,bumi_other,23.0
Negeri Sembilan,2013-01-01,male,bumi_other,54.0
Negeri Sembilan,2013-01-01,both,chinese,1587.0
Negeri Sembilan,2013-01-01,female,chinese,668.0
Negeri Sembilan,2013-01-01,male,chinese,919.0
Negeri Sembilan,2013-01-01,both,indian,1075.0
Negeri Sembilan,2013-01-01,female,indian,396.0
Negeri Sembilan,2013-01-01,male,indian,679.0
Negeri Sembilan,2013-01-01,both,other_citizen,31.0
Negeri Sembilan,2013-01-01,female,other_citizen,13.0
Negeri Sembilan,2013-01-01,male,other_citizen,18.0
Negeri Sembilan,2013-01-01,both,other_noncitizen,110.0
Negeri Sembilan,2013-01-01,female,other_noncitizen,45.0
Negeri Sembilan,2013-01-01,male,other_noncitizen,65.0
Negeri Sembilan,2013-01-01,both,overall,6213.0
Negeri Sembilan,2013-01-01,female,overall,2584.0
Negeri Sembilan,2013-01-01,male,overall,3629.0
Negeri Sembilan,2014-01-01,both,bumi_malay,3441.0
Negeri Sembilan,2014-01-01,female,bumi_malay,1501.0
Negeri Sembilan,2014-01-01,male,bumi_malay,1940.0
Negeri Sembilan,2014-01-01,both,bumi_other,75.0
Negeri Sembilan,2014-01-01,female,bumi_other,29.0
Negeri Sembilan,2014-01-01,male,bumi_other,46.0
Negeri Sembilan,2014-01-01,both,chinese,1696.0
Negeri Sembilan,2014-01-01,female,chinese,706.0
Negeri Sembilan,2014-01-01,male,chinese,990.0
Negeri Sembilan,2014-01-01,both,indian,1055.0
Negeri Sembilan,2014-01-01,female,indian,421.0
Negeri Sembilan,2014-01-01,male,indian,634.0
Negeri Sembilan,2014-01-01,both,other_citizen,27.0
Negeri Sembilan,2014-01-01,female,other_citizen,16.0
Negeri Sembilan,2014-01-01,male,other_citizen,11.0
Negeri Sembilan,2014-01-01,both,other_noncitizen,116.0
Negeri Sembilan,2014-01-01,female,other_noncitizen,56.0
Negeri Sembilan,2014-01-01,male,other_noncitizen,60.0
Negeri Sembilan,2014-01-01,both,overall,6410.0
Negeri Sembilan,2014-01-01,female,overall,2729.0
Negeri Sembilan,2014-01-01,male,overall,3681.0
Negeri Sembilan,2015-01-01,both,bumi_malay,3598.0
Negeri Sembilan,2015-01-01,female,bumi_malay,1557.0
Negeri Sembilan,2015-01-01,male,bumi_malay,2041.0
Negeri Sembilan,2015-01-01,both,bumi_other,72.0
Negeri Sembilan,2015-01-01,female,bumi_other,32.0
Negeri Sembilan,2015-01-01,male,bumi_other,40.0
Negeri Sembilan,2015-01-01,both,chinese,1727.0
Negeri Sembilan,2015-01-01,female,chinese,741.0
Negeri Sembilan,2015-01-01,male,chinese,986.0
Negeri Sembilan,2015-01-01,both,indian,1070.0
Negeri Sembilan,2015-01-01,female,indian,402.0
Negeri Sembilan,2015-01-01,male,indian,668.0
Negeri Sembilan,2015-01-01,both,other_citizen,27.0
Negeri Sembilan,2015-01-01,female,other_citizen,12.0
Negeri Sembilan,2015-01-01,male,other_citizen,15.0
Negeri Sembilan,2015-01-01,both,other_noncitizen,117.0
Negeri Sembilan,2015-01-01,female,other_noncitizen,44.0
Negeri Sembilan,2015-01-01,male,other_noncitizen,73.0
Negeri Sembilan,2015-01-01,both,overall,6611.0
Negeri Sembilan,2015-01-01,female,overall,2788.0
Negeri Sembilan,2015-01-01,male,overall,3823.0
Negeri Sembilan,2016-01-01,both,bumi_malay,3683.0
Negeri Sembilan,2016-01-01,female,bumi_malay,1625.0
Negeri Sembilan,2016-01-01,male,bumi_malay,2058.0
Negeri Sembilan,2016-01-01,both,bumi_other,74.0
Negeri Sembilan,2016-01-01,female,bumi_other,24.0
Negeri Sembilan,2016-01-01,male,bumi_other,50.0
Negeri Sembilan,2016-01-01,both,chinese,1755.0
Negeri Sembilan,2016-01-01,female,chinese,714.0
Negeri Sembilan,2016-01-01,male,chinese,1041.0
Negeri Sembilan,2016-01-01,both,indian,1153.0
Negeri Sembilan,2016-01-01,female,indian,414.0
Negeri Sembilan,2016-01-01,male,indian,739.0
Negeri Sembilan,2016-01-01,both,other_citizen,38.0
Negeri Sembilan,2016-01-01,female,other_citizen,13.0
Negeri Sembilan,2016-01-01,male,other_citizen,25.0
Negeri Sembilan,2016-01-01,both,other_noncitizen,107.0
Negeri Sembilan,2016-01-01,female,other_noncitizen,56.0
Negeri Sembilan,2016-01-01,male,other_noncitizen,51.0
Negeri Sembilan,2016-01-01,both,overall,6810.0
Negeri Sembilan,2016-01-01,female,overall,2846.0
Negeri Sembilan,2016-01-01,male,overall,3964.0
Negeri Sembilan,2017-01-01,both,bumi_malay,3871.0
Negeri Sembilan,2017-01-01,female,bumi_malay,1658.0
Negeri Sembilan,2017-01-01,male,bumi_malay,2213.0
Negeri Sembilan,2017-01-01,both,bumi_other,110.0
Negeri Sembilan,2017-01-01,female,bumi_other,39.0
Negeri Sembilan,2017-01-01,male,bumi_other,71.0
Negeri Sembilan,2017-01-01,both,chinese,1799.0
Negeri Sembilan,2017-01-01,female,chinese,748.0
Negeri Sembilan,2017-01-01,male,chinese,1051.0
Negeri Sembilan,2017-01-01,both,indian,1168.0
Negeri Sembilan,2017-01-01,female,indian,487.0
Negeri Sembilan,2017-01-01,male,indian,681.0
Negeri Sembilan,2017-01-01,both,other_citizen,39.0
Negeri Sembilan,2017-01-01,female,other_citizen,16.0
Negeri Sembilan,2017-01-01,male,other_citizen,23.0
Negeri Sembilan,2017-01-01,both,other_noncitizen,124.0
Negeri Sembilan,2017-01-01,female,other_noncitizen,63.0
Negeri Sembilan,2017-01-01,male,other_noncitizen,61.0
Negeri Sembilan,2017-01-01,both,overall,7111.0
Negeri Sembilan,2017-01-01,female,overall,3011.0
Negeri Sembilan,2017-01-01,male,overall,4100.0
Negeri Sembilan,2018-01-01,both,bumi_malay,4022.0
Negeri Sembilan,2018-01-01,female,bumi_malay,1692.0
Negeri Sembilan,2018-01-01,male,bumi_malay,2330.0
Negeri Sembilan,2018-01-01,both,bumi_other,82.0
Negeri Sembilan,2018-01-01,female,bumi_other,41.0
Negeri Sembilan,2018-01-01,male,bumi_other,41.0
Negeri Sembilan,2018-01-01,both,chinese,1828.0
Negeri Sembilan,2018-01-01,female,chinese,768.0
Negeri Sembilan,2018-01-01,male,chinese,1060.0
Negeri Sembilan,2018-01-01,both,indian,1215.0
Negeri Sembilan,2018-01-01,female,indian,441.0
Negeri Sembilan,2018-01-01,male,indian,774.0
Negeri Sembilan,2018-01-01,both,other_citizen,38.0
Negeri Sembilan,2018-01-01,female,other_citizen,13.0
Negeri Sembilan,2018-01-01,male,other_citizen,25.0
Negeri Sembilan,2018-01-01,both,other_noncitizen,113.0
Negeri Sembilan,2018-01-01,female,other_noncitizen,58.0
Negeri Sembilan,2018-01-01,male,other_noncitizen,55.0
Negeri Sembilan,2018-01-01,both,overall,7298.0
Negeri Sembilan,2018-01-01,female,overall,3013.0
Negeri Sembilan,2018-01-01,male,overall,4285.0
Negeri Sembilan,2019-01-01,both,bumi_malay,3947.0
Negeri Sembilan,2019-01-01,female,bumi_malay,1688.0
Negeri Sembilan,2019-01-01,male,bumi_malay,2259.0
Negeri Sembilan,2019-01-01,both,bumi_other,89.0
Negeri Sembilan,2019-01-01,female,bumi_other,44.0
Negeri Sembilan,2019-01-01,male,bumi_other,45.0
Negeri Sembilan,2019-01-01,both,chinese,1871.0
Negeri Sembilan,2019-01-01,female,chinese,807.0
Negeri Sembilan,2019-01-01,male,chinese,1064.0
Negeri Sembilan,2019-01-01,both,indian,1127.0
Negeri Sembilan,2019-01-01,female,indian,471.0
Negeri Sembilan,2019-01-01,male,indian,656.0
Negeri Sembilan,2019-01-01,both,other_citizen,42.0
Negeri Sembilan,2019-01-01,female,other_citizen,13.0
Negeri Sembilan,2019-01-01,male,other_citizen,29.0
Negeri Sembilan,2019-01-01,both,other_noncitizen,92.0
Negeri Sembilan,2019-01-01,female,other_noncitizen,39.0
Negeri Sembilan,2019-01-01,male,other_noncitizen,53.0
Negeri Sembilan,2019-01-01,both,overall,7168.0
Negeri Sembilan,2019-01-01,female,overall,3062.0
Negeri Sembilan,2019-01-01,male,overall,4106.0
Negeri Sembilan,2020-01-01,both,bumi_malay,3825.0
Negeri Sembilan,2020-01-01,female,bumi_malay,1623.0
Negeri Sembilan,2020-01-01,male,bumi_malay,2202.0
Negeri Sembilan,2020-01-01,both,bumi_other,93.0
Negeri Sembilan,2020-01-01,female,bumi_other,40.0
Negeri Sembilan,2020-01-01,male,bumi_other,53.0
Negeri Sembilan,2020-01-01,both,chinese,1841.0
Negeri Sembilan,2020-01-01,female,chinese,785.0
Negeri Sembilan,2020-01-01,male,chinese,1056.0
Negeri Sembilan,2020-01-01,both,indian,1129.0
Negeri Sembilan,2020-01-01,female,indian,466.0
Negeri Sembilan,2020-01-01,male,indian,663.0
Negeri Sembilan,2020-01-01,both,other_citizen,32.0
Negeri Sembilan,2020-01-01,female,other_citizen,12.0
Negeri Sembilan,2020-01-01,male,other_citizen,20.0
Negeri Sembilan,2020-01-01,both,other_noncitizen,91.0
Negeri Sembilan,2020-01-01,female,other_noncitizen,34.0
Negeri Sembilan,2020-01-01,male,other_noncitizen,57.0
Negeri Sembilan,2020-01-01,both,overall,7011.0
Negeri Sembilan,2020-01-01,female,overall,2960.0
Negeri Sembilan,2020-01-01,male,overall,4051.0
Negeri Sembilan,2021-01-01,both,bumi_malay,5076.0
Negeri Sembilan,2021-01-01,female,bumi_malay,2265.0
Negeri Sembilan,2021-01-01,male,bumi_malay,2811.0
Negeri Sembilan,2021-01-01,both,bumi_other,119.0
Negeri Sembilan,2021-01-01,female,bumi_other,54.0
Negeri Sembilan,2021-01-01,male,bumi_other,65.0
Negeri Sembilan,2021-01-01,both,chinese,2189.0
Negeri Sembilan,2021-01-01,female,chinese,897.0
Negeri Sembilan,2021-01-01,male,chinese,1292.0
Negeri Sembilan,2021-01-01,both,indian,1545.0
Negeri Sembilan,2021-01-01,female,indian,651.0
Negeri Sembilan,2021-01-01,male,indian,894.0
Negeri Sembilan,2021-01-01,both,other_citizen,54.0
Negeri Sembilan,2021-01-01,female,other_citizen,22.0
Negeri Sembilan,2021-01-01,male,other_citizen,32.0
Negeri Sembilan,2021-01-01,both,other_noncitizen,182.0
Negeri Sembilan,2021-01-01,female,other_noncitizen,70.0
Negeri Sembilan,2021-01-01,male,other_noncitizen,112.0
Negeri Sembilan,2021-01-01,both,overall,9165.0
Negeri Sembilan,2021-01-01,female,overall,3959.0
Negeri Sembilan,2021-01-01,male,overall,5206.0
Negeri Sembilan,2022-01-01,both,bumi_malay,4806.0
Negeri Sembilan,2022-01-01,female,bumi_malay,2107.0
Negeri Sembilan,2022-01-01,male,bumi_malay,2699.0
Negeri Sembilan,2022-01-01,both,bumi_other,118.0
Negeri Sembilan,2022-01-01,female,bumi_other,51.0
Negeri Sembilan,2022-01-01,male,bumi_other,67.0
Negeri Sembilan,2022-01-01,both,chinese,2183.0
Negeri Sembilan,2022-01-01,female,chinese,901.0
Negeri Sembilan,2022-01-01,male,chinese,1282.0
Negeri Sembilan,2022-01-01,both,indian,1371.0
Negeri Sembilan,2022-01-01,female,indian,551.0
Negeri Sembilan,2022-01-01,male,indian,820.0
Negeri Sembilan,2022-01-01,both,other_citizen,41.0
Negeri Sembilan,2022-01-01,female,other_citizen,11.0
Negeri Sembilan,2022-01-01,male,other_citizen,30.0
Negeri Sembilan,2022-01-01,both,other_noncitizen,117.0
Negeri Sembilan,2022-01-01,female,other_noncitizen,56.0
Negeri Sembilan,2022-01-01,male,other_noncitizen,61.0
Negeri Sembilan,2022-01-01,both,overall,8636.0
Negeri Sembilan,2022-01-01,female,overall,3677.0
Negeri Sembilan,2022-01-01,male,overall,4959.0
Negeri Sembilan,2023-01-01,both,bumi_malay,4555.0
Negeri Sembilan,2023-01-01,female,bumi_malay,1986.0
Negeri Sembilan,2023-01-01,male,bumi_malay,2569.0
Negeri Sembilan,2023-01-01,both,bumi_other,112.0
Negeri Sembilan,2023-01-01,female,bumi_other,46.0
Negeri Sembilan,2023-01-01,male,bumi_other,66.0
Negeri Sembilan,2023-01-01,both,chinese,2099.0
Negeri Sembilan,2023-01-01,female,chinese,850.0
Negeri Sembilan,2023-01-01,male,chinese,1249.0
Negeri Sembilan,2023-01-01,both,indian,1328.0
Negeri Sembilan,2023-01-01,female,indian,572.0
Negeri Sembilan,2023-01-01,male,indian,756.0
Negeri Sembilan,2023-01-01,both,other_citizen,
Negeri Sembilan,2023-01-01,female,other_citizen,
Negeri Sembilan,2023-01-01,male,other_citizen,
Negeri Sembilan,2023-01-01,both,other_noncitizen,
Negeri Sembilan,2023-01-01,female,other_noncitizen,
Negeri Sembilan,2023-01-01,male,other_noncitizen,
Negeri Sembilan,2023-01-01,both,overall,8232.0
Negeri Sembilan,2023-01-01,female,overall,3508.0
Negeri Sembilan,2023-01-01,male,overall,4724.0
Negeri Sembilan,2024-01-01,both,bumi_malay,4793.0
Negeri Sembilan,2024-01-01,female,bumi_malay,2099.0
Negeri Sembilan,2024-01-01,male,bumi_malay,2694.0
Negeri Sembilan,2024-01-01,both,bumi_other,118.0
Negeri Sembilan,2024-01-01,female,bumi_other,64.0
Negeri Sembilan,2024-01-01,male,bumi_other,54.0
Negeri Sembilan,2024-01-01,both,chinese,2200.0
Negeri Sembilan,2024-01-01,female,chinese,873.0
Negeri Sembilan,2024-01-01,male,chinese,1327.0
Negeri Sembilan,2024-01-01,both,indian,1424.0
Negeri Sembilan,2024-01-01,female,indian,598.0
Negeri Sembilan,2024-01-01,male,indian,826.0
Negeri Sembilan,2024-01-01,both,other_citizen,
Negeri Sembilan,2024-01-01,female,other_citizen,
Negeri Sembilan,2024-01-01,male,other_citizen,
Negeri Sembilan,2024-01-01,both,other_noncitizen,
Negeri Sembilan,2024-01-01,female,other_noncitizen,
Negeri Sembilan,2024-01-01,male,other_noncitizen,
Negeri Sembilan,2024-01-01,both,overall,8686.0
Negeri Sembilan,2024-01-01,female,overall,3701.0
Negeri Sembilan,2024-01-01,male,overall,4985.0
Pahang,2000-01-01,both,bumi_malay,3689.0
Pahang,2000-01-01,female,bumi_malay,1485.0
Pahang,2000-01-01,male,bumi_malay,2204.0
Pahang,2000-01-01,both,bumi_other,250.0
Pahang,2000-01-01,female,bumi_other,105.0
Pahang,2000-01-01,male,bumi_other,145.0
Pahang,2000-01-01,both,chinese,1154.0
Pahang,2000-01-01,female,chinese,506.0
Pahang,2000-01-01,male,chinese,648.0
Pahang,2000-01-01,both,indian,273.0
Pahang,2000-01-01,female,indian,83.0
Pahang,2000-01-01,male,indian,190.0
Pahang,2000-01-01,both,other_citizen,23.0
Pahang,2000-01-01,female,other_citizen,8.0
Pahang,2000-01-01,male,other_citizen,15.0
Pahang,2000-01-01,both,other_noncitizen,118.0
Pahang,2000-01-01,female,other_noncitizen,46.0
Pahang,2000-01-01,male,other_noncitizen,72.0
Pahang,2000-01-01,both,overall,5507.0
Pahang,2000-01-01,female,overall,2233.0
Pahang,2000-01-01,male,overall,3274.0
Pahang,2001-01-01,both,bumi_malay,3809.0
Pahang,2001-01-01,female,bumi_malay,1519.0
Pahang,2001-01-01,male,bumi_malay,2290.0
Pahang,2001-01-01,both,bumi_other,305.0
Pahang,2001-01-01,female,bumi_other,140.0
Pahang,2001-01-01,male,bumi_other,165.0
Pahang,2001-01-01,both,chinese,1197.0
Pahang,2001-01-01,female,chinese,512.0
Pahang,2001-01-01,male,chinese,685.0
Pahang,2001-01-01,both,indian,273.0
Pahang,2001-01-01,female,indian,91.0
Pahang,2001-01-01,male,indian,182.0
Pahang,2001-01-01,both,other_citizen,22.0
Pahang,2001-01-01,female,other_citizen,10.0
Pahang,2001-01-01,male,other_citizen,12.0
Pahang,2001-01-01,both,other_noncitizen,135.0
Pahang,2001-01-01,female,other_noncitizen,42.0
Pahang,2001-01-01,male,other_noncitizen,93.0
Pahang,2001-01-01,both,overall,5741.0
Pahang,2001-01-01,female,overall,2314.0
Pahang,2001-01-01,male,overall,3427.0
Pahang,2002-01-01,both,bumi_malay,4267.0
Pahang,2002-01-01,female,bumi_malay,1666.0
Pahang,2002-01-01,male,bumi_malay,2601.0
Pahang,2002-01-01,both,bumi_other,311.0
Pahang,2002-01-01,female,bumi_other,141.0
Pahang,2002-01-01,male,bumi_other,170.0
Pahang,2002-01-01,both,chinese,1245.0
Pahang,2002-01-01,female,chinese,524.0
Pahang,2002-01-01,male,chinese,721.0
Pahang,2002-01-01,both,indian,331.0
Pahang,2002-01-01,female,indian,111.0
Pahang,2002-01-01,male,indian,220.0
Pahang,2002-01-01,both,other_citizen,21.0
Pahang,2002-01-01,female,other_citizen,8.0
Pahang,2002-01-01,male,other_citizen,13.0
Pahang,2002-01-01,both,other_noncitizen,122.0
Pahang,2002-01-01,female,other_noncitizen,48.0
Pahang,2002-01-01,male,other_noncitizen,74.0
Pahang,2002-01-01,both,overall,6297.0
Pahang,2002-01-01,female,overall,2498.0
Pahang,2002-01-01,male,overall,3799.0
Pahang,2003-01-01,both,bumi_malay,4190.0
Pahang,2003-01-01,female,bumi_malay,1625.0
Pahang,2003-01-01,male,bumi_malay,2565.0
Pahang,2003-01-01,both,bumi_other,334.0
Pahang,2003-01-01,female,bumi_other,151.0
Pahang,2003-01-01,male,bumi_other,183.0
Pahang,2003-01-01,both,chinese,1317.0
Pahang,2003-01-01,female,chinese,556.0
Pahang,2003-01-01,male,chinese,761.0
Pahang,2003-01-01,both,indian,308.0
Pahang,2003-01-01,female,indian,109.0
Pahang,2003-01-01,male,indian,199.0
Pahang,2003-01-01,both,other_citizen,26.0
Pahang,2003-01-01,female,other_citizen,4.0
Pahang,2003-01-01,male,other_citizen,22.0
Pahang,2003-01-01,both,other_noncitizen,116.0
Pahang,2003-01-01,female,other_noncitizen,52.0
Pahang,2003-01-01,male,other_noncitizen,64.0
Pahang,2003-01-01,both,overall,6291.0
Pahang,2003-01-01,female,overall,2497.0
Pahang,2003-01-01,male,overall,3794.0
Pahang,2004-01-01,both,bumi_malay,4286.0
Pahang,2004-01-01,female,bumi_malay,1674.0
Pahang,2004-01-01,male,bumi_malay,2612.0
Pahang,2004-01-01,both,bumi_other,339.0
Pahang,2004-01-01,female,bumi_other,149.0
Pahang,2004-01-01,male,bumi_other,190.0
Pahang,2004-01-01,both,chinese,1166.0
Pahang,2004-01-01,female,chinese,459.0
Pahang,2004-01-01,male,chinese,707.0
Pahang,2004-01-01,both,indian,336.0
Pahang,2004-01-01,female,indian,110.0
Pahang,2004-01-01,male,indian,226.0
Pahang,2004-01-01,both,other_citizen,24.0
Pahang,2004-01-01,female,other_citizen,7.0
Pahang,2004-01-01,male,other_citizen,17.0
Pahang,2004-01-01,both,other_noncitizen,124.0
Pahang,2004-01-01,female,other_noncitizen,51.0
Pahang,2004-01-01,male,other_noncitizen,73.0
Pahang,2004-01-01,both,overall,6275.0
Pahang,2004-01-01,female,overall,2450.0
Pahang,2004-01-01,male,overall,3825.0
Pahang,2005-01-01,both,bumi_malay,4427.0
Pahang,2005-01-01,female,bumi_malay,1722.0
Pahang,2005-01-01,male,bumi_malay,2705.0
Pahang,2005-01-01,both,bumi_other,338.0
Pahang,2005-01-01,female,bumi_other,139.0
Pahang,2005-01-01,male,bumi_other,199.0
Pahang,2005-01-01,both,chinese,1279.0
Pahang,2005-01-01,female,chinese,546.0
Pahang,2005-01-01,male,chinese,733.0
Pahang,2005-01-01,both,indian,306.0
Pahang,2005-01-01,female,indian,96.0
Pahang,2005-01-01,male,indian,210.0
Pahang,2005-01-01,both,other_citizen,33.0
Pahang,2005-01-01,female,other_citizen,10.0
Pahang,2005-01-01,male,other_citizen,23.0
Pahang,2005-01-01,both,other_noncitizen,116.0
Pahang,2005-01-01,female,other_noncitizen,51.0
Pahang,2005-01-01,male,other_noncitizen,65.0
Pahang,2005-01-01,both,overall,6499.0
Pahang,2005-01-01,female,overall,2564.0
Pahang,2005-01-01,male,overall,3935.0
Pahang,2006-01-01,both,bumi_malay,4603.0
Pahang,2006-01-01,female,bumi_malay,1791.0
Pahang,2006-01-01,male,bumi_malay,2812.0
Pahang,2006-01-01,both,bumi_other,361.0
Pahang,2006-01-01,female,bumi_other,153.0
Pahang,2006-01-01,male,bumi_other,208.0
Pahang,2006-01-01,both,chinese,1259.0
Pahang,2006-01-01,female,chinese,521.0
Pahang,2006-01-01,male,chinese,738.0
Pahang,2006-01-01,both,indian,288.0
Pahang,2006-01-01,female,indian,115.0
Pahang,2006-01-01,male,indian,173.0
Pahang,2006-01-01,both,other_citizen,30.0
Pahang,2006-01-01,female,other_citizen,12.0
Pahang,2006-01-01,male,other_citizen,18.0
Pahang,2006-01-01,both,other_noncitizen,129.0
Pahang,2006-01-01,female,other_noncitizen,52.0
Pahang,2006-01-01,male,other_noncitizen,77.0
Pahang,2006-01-01,both,overall,6670.0
Pahang,2006-01-01,female,overall,2644.0
Pahang,2006-01-01,male,overall,4026.0
Pahang,2007-01-01,both,bumi_malay,4696.0
Pahang,2007-01-01,female,bumi_malay,1848.0
Pahang,2007-01-01,male,bumi_malay,2848.0
Pahang,2007-01-01,both,bumi_other,360.0
Pahang,2007-01-01,female,bumi_other,151.0
Pahang,2007-01-01,male,bumi_other,209.0
Pahang,2007-01-01,both,chinese,1203.0
Pahang,2007-01-01,female,chinese,521.0
Pahang,2007-01-01,male,chinese,682.0
Pahang,2007-01-01,both,indian,322.0
Pahang,2007-01-01,female,indian,109.0
Pahang,2007-01-01,male,indian,213.0
Pahang,2007-01-01,both,other_citizen,25.0
Pahang,2007-01-01,female,other_citizen,5.0
Pahang,2007-01-01,male,other_citizen,20.0
Pahang,2007-01-01,both,other_noncitizen,136.0
Pahang,2007-01-01,female,other_noncitizen,59.0
Pahang,2007-01-01,male,other_noncitizen,77.0
Pahang,2007-01-01,both,overall,6742.0
Pahang,2007-01-01,female,overall,2693.0
Pahang,2007-01-01,male,overall,4049.0
Pahang,2008-01-01,both,bumi_malay,4935.0
Pahang,2008-01-01,female,bumi_malay,1905.0
Pahang,2008-01-01,male,bumi_malay,3030.0
Pahang,2008-01-01,both,bumi_other,382.0
Pahang,2008-01-01,female,bumi_other,169.0
Pahang,2008-01-01,male,bumi_other,213.0
Pahang,2008-01-01,both,chinese,1302.0
Pahang,2008-01-01,female,chinese,530.0
Pahang,2008-01-01,male,chinese,772.0
Pahang,2008-01-01,both,indian,307.0
Pahang,2008-01-01,female,indian,92.0
Pahang,2008-01-01,male,indian,215.0
Pahang,2008-01-01,both,other_citizen,38.0
Pahang,2008-01-01,female,other_citizen,9.0
Pahang,2008-01-01,male,other_citizen,29.0
Pahang,2008-01-01,both,other_noncitizen,136.0
Pahang,2008-01-01,female,other_noncitizen,49.0
Pahang,2008-01-01,male,other_noncitizen,87.0
Pahang,2008-01-01,both,overall,7100.0
Pahang,2008-01-01,female,overall,2754.0
Pahang,2008-01-01,male,overall,4346.0
Pahang,2009-01-01,both,bumi_malay,5191.0
Pahang,2009-01-01,female,bumi_malay,2047.0
Pahang,2009-01-01,male,bumi_malay,3144.0
Pahang,2009-01-01,both,bumi_other,409.0
Pahang,2009-01-01,female,bumi_other,160.0
Pahang,2009-01-01,male,bumi_other,249.0
Pahang,2009-01-01,both,chinese,1315.0
Pahang,2009-01-01,female,chinese,526.0
Pahang,2009-01-01,male,chinese,789.0
Pahang,2009-01-01,both,indian,336.0
Pahang,2009-01-01,female,indian,123.0
Pahang,2009-01-01,male,indian,213.0
Pahang,2009-01-01,both,other_citizen,39.0
Pahang,2009-01-01,female,other_citizen,21.0
Pahang,2009-01-01,male,other_citizen,18.0
Pahang,2009-01-01,both,other_noncitizen,138.0
Pahang,2009-01-01,female,other_noncitizen,49.0
Pahang,2009-01-01,male,other_noncitizen,89.0
Pahang,2009-01-01,both,overall,7428.0
Pahang,2009-01-01,female,overall,2926.0
Pahang,2009-01-01,male,overall,4502.0
Pahang,2010-01-01,both,bumi_malay,5480.0
Pahang,2010-01-01,female,bumi_malay,2194.0
Pahang,2010-01-01,male,bumi_malay,3286.0
Pahang,2010-01-01,both,bumi_other,395.0
Pahang,2010-01-01,female,bumi_other,161.0
Pahang,2010-01-01,male,bumi_other,234.0
Pahang,2010-01-01,both,chinese,1304.0
Pahang,2010-01-01,female,chinese,512.0
Pahang,2010-01-01,male,chinese,792.0
Pahang,2010-01-01,both,indian,350.0
Pahang,2010-01-01,female,indian,111.0
Pahang,2010-01-01,male,indian,239.0
Pahang,2010-01-01,both,other_citizen,34.0
Pahang,2010-01-01,female,other_citizen,15.0
Pahang,2010-01-01,male,other_citizen,19.0
Pahang,2010-01-01,both,other_noncitizen,159.0
Pahang,2010-01-01,female,other_noncitizen,60.0
Pahang,2010-01-01,male,other_noncitizen,99.0
Pahang,2010-01-01,both,overall,7722.0
Pahang,2010-01-01,female,overall,3053.0
Pahang,2010-01-01,male,overall,4669.0
Pahang,2011-01-01,both,bumi_malay,5552.0
Pahang,2011-01-01,female,bumi_malay,2239.0
Pahang,2011-01-01,male,bumi_malay,3313.0
Pahang,2011-01-01,both,bumi_other,381.0
Pahang,2011-01-01,female,bumi_other,152.0
Pahang,2011-01-01,male,bumi_other,229.0
Pahang,2011-01-01,both,chinese,1351.0
Pahang,2011-01-01,female,chinese,517.0
Pahang,2011-01-01,male,chinese,834.0
Pahang,2011-01-01,both,indian,338.0
Pahang,2011-01-01,female,indian,97.0
Pahang,2011-01-01,male,indian,241.0
Pahang,2011-01-01,both,other_citizen,49.0
Pahang,2011-01-01,female,other_citizen,19.0
Pahang,2011-01-01,male,other_citizen,30.0
Pahang,2011-01-01,both,other_noncitizen,141.0
Pahang,2011-01-01,female,other_noncitizen,56.0
Pahang,2011-01-01,male,other_noncitizen,85.0
Pahang,2011-01-01,both,overall,7812.0
Pahang,2011-01-01,female,overall,3080.0
Pahang,2011-01-01,male,overall,4732.0
Pahang,2012-01-01,both,bumi_malay,5475.0
Pahang,2012-01-01,female,bumi_malay,2185.0
Pahang,2012-01-01,male,bumi_malay,3290.0
Pahang,2012-01-01,both,bumi_other,421.0
Pahang,2012-01-01,female,bumi_other,170.0
Pahang,2012-01-01,male,bumi_other,251.0
Pahang,2012-01-01,both,chinese,1356.0
Pahang,2012-01-01,female,chinese,544.0
Pahang,2012-01-01,male,chinese,812.0
Pahang,2012-01-01,both,indian,353.0
Pahang,2012-01-01,female,indian,107.0
Pahang,2012-01-01,male,indian,246.0
Pahang,2012-01-01,both,other_citizen,39.0
Pahang,2012-01-01,female,other_citizen,19.0
Pahang,2012-01-01,male,other_citizen,20.0
Pahang,2012-01-01,both,other_noncitizen,147.0
Pahang,2012-01-01,female,other_noncitizen,53.0
Pahang,2012-01-01,male,other_noncitizen,94.0
Pahang,2012-01-01,both,overall,7791.0
Pahang,2012-01-01,female,overall,3078.0
Pahang,2012-01-01,male,overall,4713.0
Pahang,2013-01-01,both,bumi_malay,5654.0
Pahang,2013-01-01,female,bumi_malay,2265.0
Pahang,2013-01-01,male,bumi_malay,3389.0
Pahang,2013-01-01,both,bumi_other,430.0
Pahang,2013-01-01,female,bumi_other,159.0
Pahang,2013-01-01,male,bumi_other,271.0
Pahang,2013-01-01,both,chinese,1491.0
Pahang,2013-01-01,female,chinese,565.0
Pahang,2013-01-01,male,chinese,926.0
Pahang,2013-01-01,both,indian,383.0
Pahang,2013-01-01,female,indian,134.0
Pahang,2013-01-01,male,indian,249.0
Pahang,2013-01-01,both,other_citizen,46.0
Pahang,2013-01-01,female,other_citizen,14.0
Pahang,2013-01-01,male,other_citizen,32.0
Pahang,2013-01-01,both,other_noncitizen,142.0
Pahang,2013-01-01,female,other_noncitizen,47.0
Pahang,2013-01-01,male,other_noncitizen,95.0
Pahang,2013-01-01,both,overall,8146.0
Pahang,2013-01-01,female,overall,3184.0
Pahang,2013-01-01,male,overall,4962.0
Pahang,2014-01-01,both,bumi_malay,5875.0
Pahang,2014-01-01,female,bumi_malay,2297.0
Pahang,2014-01-01,male,bumi_malay,3578.0
Pahang,2014-01-01,both,bumi_other,444.0
Pahang,2014-01-01,female,bumi_other,171.0
Pahang,2014-01-01,male,bumi_other,273.0
Pahang,2014-01-01,both,chinese,1424.0
Pahang,2014-01-01,female,chinese,557.0
Pahang,2014-01-01,male,chinese,867.0
Pahang,2014-01-01,both,indian,396.0
Pahang,2014-01-01,female,indian,128.0
Pahang,2014-01-01,male,indian,268.0
Pahang,2014-01-01,both,other_citizen,39.0
Pahang,2014-01-01,female,other_citizen,12.0
Pahang,2014-01-01,male,other_citizen,27.0
Pahang,2014-01-01,both,other_noncitizen,123.0
Pahang,2014-01-01,female,other_noncitizen,44.0
Pahang,2014-01-01,male,other_noncitizen,79.0
Pahang,2014-01-01,both,overall,8301.0
Pahang,2014-01-01,female,overall,3209.0
Pahang,2014-01-01,male,overall,5092.0
Pahang,2015-01-01,both,bumi_malay,6037.0
Pahang,2015-01-01,female,bumi_malay,2469.0
Pahang,2015-01-01,male,bumi_malay,3568.0
Pahang,2015-01-01,both,bumi_other,445.0
Pahang,2015-01-01,female,bumi_other,186.0
Pahang,2015-01-01,male,bumi_other,259.0
Pahang,2015-01-01,both,chinese,1430.0
Pahang,2015-01-01,female,chinese,564.0
Pahang,2015-01-01,male,chinese,866.0
Pahang,2015-01-01,both,indian,376.0
Pahang,2015-01-01,female,indian,144.0
Pahang,2015-01-01,male,indian,232.0
Pahang,2015-01-01,both,other_citizen,42.0
Pahang,2015-01-01,female,other_citizen,11.0
Pahang,2015-01-01,male,other_citizen,31.0
Pahang,2015-01-01,both,other_noncitizen,141.0
Pahang,2015-01-01,female,other_noncitizen,53.0
Pahang,2015-01-01,male,other_noncitizen,88.0
Pahang,2015-01-01,both,overall,8471.0
Pahang,2015-01-01,female,overall,3427.0
Pahang,2015-01-01,male,overall,5044.0
Pahang,2016-01-01,both,bumi_malay,6315.0
Pahang,2016-01-01,female,bumi_malay,2573.0
Pahang,2016-01-01,male,bumi_malay,3742.0
Pahang,2016-01-01,both,bumi_other,452.0
Pahang,2016-01-01,female,bumi_other,174.0
Pahang,2016-01-01,male,bumi_other,278.0
Pahang,2016-01-01,both,chinese,1545.0
Pahang,2016-01-01,female,chinese,589.0
Pahang,2016-01-01,male,chinese,956.0
Pahang,2016-01-01,both,indian,398.0
Pahang,2016-01-01,female,indian,134.0
Pahang,2016-01-01,male,indian,264.0
Pahang,2016-01-01,both,other_citizen,35.0
Pahang,2016-01-01,female,other_citizen,14.0
Pahang,2016-01-01,male,other_citizen,21.0
Pahang,2016-01-01,both,other_noncitizen,133.0
Pahang,2016-01-01,female,other_noncitizen,47.0
Pahang,2016-01-01,male,other_noncitizen,86.0
Pahang,2016-01-01,both,overall,8878.0
Pahang,2016-01-01,female,overall,3531.0
Pahang,2016-01-01,male,overall,5347.0
Pahang,2017-01-01,both,bumi_malay,6580.0
Pahang,2017-01-01,female,bumi_malay,2743.0
Pahang,2017-01-01,male,bumi_malay,3837.0
Pahang,2017-01-01,both,bumi_other,436.0
Pahang,2017-01-01,female,bumi_other,192.0
Pahang,2017-01-01,male,bumi_other,244.0
Pahang,2017-01-01,both,chinese,1638.0
Pahang,2017-01-01,female,chinese,608.0
Pahang,2017-01-01,male,chinese,1030.0
Pahang,2017-01-01,both,indian,426.0
Pahang,2017-01-01,female,indian,163.0
Pahang,2017-01-01,male,indian,263.0
Pahang,2017-01-01,both,other_citizen,49.0
Pahang,2017-01-01,female,other_citizen,15.0
Pahang,2017-01-01,male,other_citizen,34.0
Pahang,2017-01-01,both,other_noncitizen,132.0
Pahang,2017-01-01,female,other_noncitizen,42.0
Pahang,2017-01-01,male,other_noncitizen,90.0
Pahang,2017-01-01,both,overall,9261.0
Pahang,2017-01-01,female,overall,3763.0
Pahang,2017-01-01,male,overall,5498.0
Pahang,2018-01-01,both,bumi_malay,6585.0
Pahang,2018-01-01,female,bumi_malay,2712.0
Pahang,2018-01-01,male,bumi_malay,3873.0
Pahang,2018-01-01,both,bumi_other,467.0
Pahang,2018-01-01,female,bumi_other,184.0
Pahang,2018-01-01,male,bumi_other,283.0
Pahang,2018-01-01,both,chinese,1590.0
Pahang,2018-01-01,female,chinese,617.0
Pahang,2018-01-01,male,chinese,973.0
Pahang,2018-01-01,both,indian,407.0
Pahang,2018-01-01,female,indian,145.0
Pahang,2018-01-01,male,indian,262.0
Pahang,2018-01-01,both,other_citizen,42.0
Pahang,2018-01-01,female,other_citizen,17.0
Pahang,2018-01-01,male,other_citizen,25.0
Pahang,2018-01-01,both,other_noncitizen,155.0
Pahang,2018-01-01,female,other_noncitizen,46.0
Pahang,2018-01-01,male,other_noncitizen,109.0
Pahang,2018-01-01,both,overall,9246.0
Pahang,2018-01-01,female,overall,3721.0
Pahang,2018-01-01,male,overall,5525.0
Pahang,2019-01-01,both,bumi_malay,6503.0
Pahang,2019-01-01,female,bumi_malay,2763.0
Pahang,2019-01-01,male,bumi_malay,3740.0
Pahang,2019-01-01,both,bumi_other,446.0
Pahang,2019-01-01,female,bumi_other,191.0
Pahang,2019-01-01,male,bumi_other,255.0
Pahang,2019-01-01,both,chinese,1628.0
Pahang,2019-01-01,female,chinese,606.0
Pahang,2019-01-01,male,chinese,1022.0
Pahang,2019-01-01,both,indian,407.0
Pahang,2019-01-01,female,indian,155.0
Pahang,2019-01-01,male,indian,252.0
Pahang,2019-01-01,both,other_citizen,42.0
Pahang,2019-01-01,female,other_citizen,18.0
Pahang,2019-01-01,male,other_citizen,24.0
Pahang,2019-01-01,both,other_noncitizen,153.0
Pahang,2019-01-01,female,other_noncitizen,54.0
Pahang,2019-01-01,male,other_noncitizen,99.0
Pahang,2019-01-01,both,overall,9179.0
Pahang,2019-01-01,female,overall,3787.0
Pahang,2019-01-01,male,overall,5392.0
Pahang,2020-01-01,both,bumi_malay,6114.0
Pahang,2020-01-01,female,bumi_malay,2552.0
Pahang,2020-01-01,male,bumi_malay,3562.0
Pahang,2020-01-01,both,bumi_other,393.0
Pahang,2020-01-01,female,bumi_other,146.0
Pahang,2020-01-01,male,bumi_other,247.0
Pahang,2020-01-01,both,chinese,1638.0
Pahang,2020-01-01,female,chinese,616.0
Pahang,2020-01-01,male,chinese,1022.0
Pahang,2020-01-01,both,indian,360.0
Pahang,2020-01-01,female,indian,128.0
Pahang,2020-01-01,male,indian,232.0
Pahang,2020-01-01,both,other_citizen,37.0
Pahang,2020-01-01,female,other_citizen,20.0
Pahang,2020-01-01,male,other_citizen,17.0
Pahang,2020-01-01,both,other_noncitizen,144.0
Pahang,2020-01-01,female,other_noncitizen,49.0
Pahang,2020-01-01,male,other_noncitizen,95.0
Pahang,2020-01-01,both,overall,8686.0
Pahang,2020-01-01,female,overall,3511.0
Pahang,2020-01-01,male,overall,5175.0
Pahang,2021-01-01,both,bumi_malay,7293.0
Pahang,2021-01-01,female,bumi_malay,3042.0
Pahang,2021-01-01,male,bumi_malay,4251.0
Pahang,2021-01-01,both,bumi_other,483.0
Pahang,2021-01-01,female,bumi_other,205.0
Pahang,2021-01-01,male,bumi_other,278.0
Pahang,2021-01-01,both,chinese,1859.0
Pahang,2021-01-01,female,chinese,735.0
Pahang,2021-01-01,male,chinese,1124.0
Pahang,2021-01-01,both,indian,507.0
Pahang,2021-01-01,female,indian,196.0
Pahang,2021-01-01,male,indian,311.0
Pahang,2021-01-01,both,other_citizen,44.0
Pahang,2021-01-01,female,other_citizen,17.0
Pahang,2021-01-01,male,other_citizen,27.0
Pahang,2021-01-01,both,other_noncitizen,180.0
Pahang,2021-01-01,female,other_noncitizen,62.0
Pahang,2021-01-01,male,other_noncitizen,118.0
Pahang,2021-01-01,both,overall,10366.0
Pahang,2021-01-01,female,overall,4257.0
Pahang,2021-01-01,male,overall,6109.0
Pahang,2022-01-01,both,bumi_malay,7872.0
Pahang,2022-01-01,female,bumi_malay,3240.0
Pahang,2022-01-01,male,bumi_malay,4632.0
Pahang,2022-01-01,both,bumi_other,533.0
Pahang,2022-01-01,female,bumi_other,230.0
Pahang,2022-01-01,male,bumi_other,303.0
Pahang,2022-01-01,both,chinese,1939.0
Pahang,2022-01-01,female,chinese,772.0
Pahang,2022-01-01,male,chinese,1167.0
Pahang,2022-01-01,both,indian,465.0
Pahang,2022-01-01,female,indian,188.0
Pahang,2022-01-01,male,indian,277.0
Pahang,2022-01-01,both,other_citizen,53.0
Pahang,2022-01-01,female,other_citizen,28.0
Pahang,2022-01-01,male,other_citizen,25.0
Pahang,2022-01-01,both,other_noncitizen,160.0
Pahang,2022-01-01,female,other_noncitizen,48.0
Pahang,2022-01-01,male,other_noncitizen,112.0
Pahang,2022-01-01,both,overall,11022.0
Pahang,2022-01-01,female,overall,4506.0
Pahang,2022-01-01,male,overall,6516.0
Pahang,2023-01-01,both,bumi_malay,7467.0
Pahang,2023-01-01,female,bumi_malay,3201.0
Pahang,2023-01-01,male,bumi_malay,4266.0
Pahang,2023-01-01,both,bumi_other,514.0
Pahang,2023-01-01,female,bumi_other,226.0
Pahang,2023-01-01,male,bumi_other,288.0
Pahang,2023-01-01,both,chinese,1888.0
Pahang,2023-01-01,female,chinese,752.0
Pahang,2023-01-01,male,chinese,1136.0
Pahang,2023-01-01,both,indian,415.0
Pahang,2023-01-01,female,indian,173.0
Pahang,2023-01-01,male,indian,242.0
Pahang,2023-01-01,both,other_citizen,
Pahang,2023-01-01,female,other_citizen,
Pahang,2023-01-01,male,other_citizen,
Pahang,2023-01-01,both,other_noncitizen,
Pahang,2023-01-01,female,other_noncitizen,
Pahang,2023-01-01,male,other_noncitizen,
Pahang,2023-01-01,both,overall,10508.0
Pahang,2023-01-01,female,overall,4426.0
Pahang,2023-01-01,male,overall,6082.0
Pahang,2024-01-01,both,bumi_malay,7377.0
Pahang,2024-01-01,female,bumi_malay,3097.0
Pahang,2024-01-01,male,bumi_malay,4280.0
Pahang,2024-01-01,both,bumi_other,536.0
Pahang,2024-01-01,female,bumi_other,225.0
Pahang,2024-01-01,male,bumi_other,311.0
Pahang,2024-01-01,both,chinese,1941.0
Pahang,2024-01-01,female,chinese,751.0
Pahang,2024-01-01,male,chinese,1190.0
Pahang,2024-01-01,both,indian,451.0
Pahang,2024-01-01,female,indian,185.0
Pahang,2024-01-01,male,indian,266.0
Pahang,2024-01-01,both,other_citizen,
Pahang,2024-01-01,female,other_citizen,
Pahang,2024-01-01,male,other_citizen,
Pahang,2024-01-01,both,other_noncitizen,
Pahang,2024-01-01,female,other_noncitizen,
Pahang,2024-01-01,male,other_noncitizen,
Pahang,2024-01-01,both,overall,10516.0
Pahang,2024-01-01,female,overall,4337.0
Pahang,2024-01-01,male,overall,6179.0
Perak,2000-01-01,both,bumi_malay,6044.0
Perak,2000-01-01,female,bumi_malay,2565.0
Perak,2000-01-01,male,bumi_malay,3479.0
Perak,2000-01-01,both,bumi_other,291.0
Perak,2000-01-01,female,bumi_other,110.0
Perak,2000-01-01,male,bumi_other,181.0
Perak,2000-01-01,both,chinese,4842.0
Perak,2000-01-01,female,chinese,2094.0
Perak,2000-01-01,male,chinese,2748.0
Perak,2000-01-01,both,indian,1655.0
Perak,2000-01-01,female,indian,592.0
Perak,2000-01-01,male,indian,1063.0
Perak,2000-01-01,both,other_citizen,62.0
Perak,2000-01-01,female,other_citizen,24.0
Perak,2000-01-01,male,other_citizen,38.0
Perak,2000-01-01,both,other_noncitizen,300.0
Perak,2000-01-01,female,other_noncitizen,166.0
Perak,2000-01-01,male,other_noncitizen,134.0
Perak,2000-01-01,both,overall,13194.0
Perak,2000-01-01,female,overall,5551.0
Perak,2000-01-01,male,overall,7643.0
Perak,2001-01-01,both,bumi_malay,6385.0
Perak,2001-01-01,female,bumi_malay,2855.0
Perak,2001-01-01,male,bumi_malay,3530.0
Perak,2001-01-01,both,bumi_other,283.0
Perak,2001-01-01,female,bumi_other,108.0
Perak,2001-01-01,male,bumi_other,175.0
Perak,2001-01-01,both,chinese,4858.0
Perak,2001-01-01,female,chinese,2199.0
Perak,2001-01-01,male,chinese,2659.0
Perak,2001-01-01,both,indian,1685.0
Perak,2001-01-01,female,indian,620.0
Perak,2001-01-01,male,indian,1065.0
Perak,2001-01-01,both,other_citizen,43.0
Perak,2001-01-01,female,other_citizen,16.0
Perak,2001-01-01,male,other_citizen,27.0
Perak,2001-01-01,both,other_noncitizen,323.0
Perak,2001-01-01,female,other_noncitizen,156.0
Perak,2001-01-01,male,other_noncitizen,167.0
Perak,2001-01-01,both,overall,13577.0
Perak,2001-01-01,female,overall,5954.0
Perak,2001-01-01,male,overall,7623.0
Perak,2002-01-01,both,bumi_malay,6881.0
Perak,2002-01-01,female,bumi_malay,2965.0
Perak,2002-01-01,male,bumi_malay,3916.0
Perak,2002-01-01,both,bumi_other,304.0
Perak,2002-01-01,female,bumi_other,129.0
Perak,2002-01-01,male,bumi_other,175.0
Perak,2002-01-01,both,chinese,5031.0
Perak,2002-01-01,female,chinese,2158.0
Perak,2002-01-01,male,chinese,2873.0
Perak,2002-01-01,both,indian,1782.0
Perak,2002-01-01,female,indian,678.0
Perak,2002-01-01,male,indian,1104.0
Perak,2002-01-01,both,other_citizen,67.0
Perak,2002-01-01,female,other_citizen,39.0
Perak,2002-01-01,male,other_citizen,28.0
Perak,2002-01-01,both,other_noncitizen,280.0
Perak,2002-01-01,female,other_noncitizen,158.0
Perak,2002-01-01,male,other_noncitizen,122.0
Perak,2002-01-01,both,overall,14345.0
Perak,2002-01-01,female,overall,6127.0
Perak,2002-01-01,male,overall,8218.0
Perak,2003-01-01,both,bumi_malay,7098.0
Perak,2003-01-01,female,bumi_malay,3081.0
Perak,2003-01-01,male,bumi_malay,4017.0
Perak,2003-01-01,both,bumi_other,304.0
Perak,2003-01-01,female,bumi_other,113.0
Perak,2003-01-01,male,bumi_other,191.0
Perak,2003-01-01,both,chinese,5019.0
Perak,2003-01-01,female,chinese,2221.0
Perak,2003-01-01,male,chinese,2798.0
Perak,2003-01-01,both,indian,1797.0
Perak,2003-01-01,female,indian,686.0
Perak,2003-01-01,male,indian,1111.0
Perak,2003-01-01,both,other_citizen,50.0
Perak,2003-01-01,female,other_citizen,23.0
Perak,2003-01-01,male,other_citizen,27.0
Perak,2003-01-01,both,other_noncitizen,293.0
Perak,2003-01-01,female,other_noncitizen,174.0
Perak,2003-01-01,male,other_noncitizen,119.0
Perak,2003-01-01,both,overall,14561.0
Perak,2003-01-01,female,overall,6298.0
Perak,2003-01-01,male,overall,8263.0
Perak,2004-01-01,both,bumi_malay,6865.0
Perak,2004-01-01,female,bumi_malay,2949.0
Perak,2004-01-01,male,bumi_malay,3916.0
Perak,2004-01-01,both,bumi_other,311.0
Perak,2004-01-01,female,bumi_other,133.0
Perak,2004-01-01,male,bumi_other,178.0
Perak,2004-01-01,both,chinese,5115.0
Perak,2004-01-01,female,chinese,2276.0
Perak,2004-01-01,male,chinese,2839.0
Perak,2004-01-01,both,indian,1761.0
Perak,2004-01-01,female,indian,634.0
Perak,2004-01-01,male,indian,1127.0
Perak,2004-01-01,both,other_citizen,57.0
Perak,2004-01-01,female,other_citizen,22.0
Perak,2004-01-01,male,other_citizen,35.0
Perak,2004-01-01,both,other_noncitizen,292.0
Perak,2004-01-01,female,other_noncitizen,145.0
Perak,2004-01-01,male,other_noncitizen,147.0
Perak,2004-01-01,both,overall,14401.0
Perak,2004-01-01,female,overall,6159.0
Perak,2004-01-01,male,overall,8242.0
Perak,2005-01-01,both,bumi_malay,6863.0
Perak,2005-01-01,female,bumi_malay,3012.0
Perak,2005-01-01,male,bumi_malay,3851.0
Perak,2005-01-01,both,bumi_other,355.0
Perak,2005-01-01,female,bumi_other,149.0
Perak,2005-01-01,male,bumi_other,206.0
Perak,2005-01-01,both,chinese,5060.0
Perak,2005-01-01,female,chinese,2259.0
Perak,2005-01-01,male,chinese,2801.0
Perak,2005-01-01,both,indian,1739.0
Perak,2005-01-01,female,indian,646.0
Perak,2005-01-01,male,indian,1093.0
Perak,2005-01-01,both,other_citizen,50.0
Perak,2005-01-01,female,other_citizen,19.0
Perak,2005-01-01,male,other_citizen,31.0
Perak,2005-01-01,both,other_noncitizen,281.0
Perak,2005-01-01,female,other_noncitizen,149.0
Perak,2005-01-01,male,other_noncitizen,132.0
Perak,2005-01-01,both,overall,14348.0
Perak,2005-01-01,female,overall,6234.0
Perak,2005-01-01,male,overall,8114.0
Perak,2006-01-01,both,bumi_malay,7124.0
Perak,2006-01-01,female,bumi_malay,3158.0
Perak,2006-01-01,male,bumi_malay,3966.0
Perak,2006-01-01,both,bumi_other,280.0
Perak,2006-01-01,female,bumi_other,110.0
Perak,2006-01-01,male,bumi_other,170.0
Perak,2006-01-01,both,chinese,4939.0
Perak,2006-01-01,female,chinese,2195.0
Perak,2006-01-01,male,chinese,2744.0
Perak,2006-01-01,both,indian,1737.0
Perak,2006-01-01,female,indian,661.0
Perak,2006-01-01,male,indian,1076.0
Perak,2006-01-01,both,other_citizen,69.0
Perak,2006-01-01,female,other_citizen,28.0
Perak,2006-01-01,male,other_citizen,41.0
Perak,2006-01-01,both,other_noncitizen,280.0
Perak,2006-01-01,female,other_noncitizen,161.0
Perak,2006-01-01,male,other_noncitizen,119.0
Perak,2006-01-01,both,overall,14429.0
Perak,2006-01-01,female,overall,6313.0
Perak,2006-01-01,male,overall,8116.0
Perak,2007-01-01,both,bumi_malay,7318.0
Perak,2007-01-01,female,bumi_malay,3247.0
Perak,2007-01-01,male,bumi_malay,4071.0
Perak,2007-01-01,both,bumi_other,287.0
Perak,2007-01-01,female,bumi_other,111.0
Perak,2007-01-01,male,bumi_other,176.0
Perak,2007-01-01,both,chinese,5208.0
Perak,2007-01-01,female,chinese,2268.0
Perak,2007-01-01,male,chinese,2940.0
Perak,2007-01-01,both,indian,1754.0
Perak,2007-01-01,female,indian,680.0
Perak,2007-01-01,male,indian,1074.0
Perak,2007-01-01,both,other_citizen,53.0
Perak,2007-01-01,female,other_citizen,18.0
Perak,2007-01-01,male,other_citizen,35.0
Perak,2007-01-01,both,other_noncitizen,293.0
Perak,2007-01-01,female,other_noncitizen,153.0
Perak,2007-01-01,male,other_noncitizen,140.0
Perak,2007-01-01,both,overall,14913.0
Perak,2007-01-01,female,overall,6477.0
Perak,2007-01-01,male,overall,8436.0
Perak,2008-01-01,both,bumi_malay,7596.0
Perak,2008-01-01,female,bumi_malay,3350.0
Perak,2008-01-01,male,bumi_malay,4246.0
Perak,2008-01-01,both,bumi_other,279.0
Perak,2008-01-01,female,bumi_other,115.0
Perak,2008-01-01,male,bumi_other,164.0
Perak,2008-01-01,both,chinese,5262.0
Perak,2008-01-01,female,chinese,2240.0
Perak,2008-01-01,male,chinese,3022.0
Perak,2008-01-01,both,indian,1907.0
Perak,2008-01-01,female,indian,736.0
Perak,2008-01-01,male,indian,1171.0
Perak,2008-01-01,both,other_citizen,55.0
Perak,2008-01-01,female,other_citizen,24.0
Perak,2008-01-01,male,other_citizen,31.0
Perak,2008-01-01,both,other_noncitizen,296.0
Perak,2008-01-01,female,other_noncitizen,154.0
Perak,2008-01-01,male,other_noncitizen,142.0
Perak,2008-01-01,both,overall,15395.0
Perak,2008-01-01,female,overall,6619.0
Perak,2008-01-01,male,overall,8776.0
Perak,2009-01-01,both,bumi_malay,7737.0
Perak,2009-01-01,female,bumi_malay,3419.0
Perak,2009-01-01,male,bumi_malay,4318.0
Perak,2009-01-01,both,bumi_other,381.0
Perak,2009-01-01,female,bumi_other,171.0
Perak,2009-01-01,male,bumi_other,210.0
Perak,2009-01-01,both,chinese,5346.0
Perak,2009-01-01,female,chinese,2266.0
Perak,2009-01-01,male,chinese,3080.0
Perak,2009-01-01,both,indian,1929.0
Perak,2009-01-01,female,indian,759.0
Perak,2009-01-01,male,indian,1170.0
Perak,2009-01-01,both,other_citizen,58.0
Perak,2009-01-01,female,other_citizen,21.0
Perak,2009-01-01,male,other_citizen,37.0
Perak,2009-01-01,both,other_noncitizen,290.0
Perak,2009-01-01,female,other_noncitizen,146.0
Perak,2009-01-01,male,other_noncitizen,144.0
Perak,2009-01-01,both,overall,15741.0
Perak,2009-01-01,female,overall,6782.0
Perak,2009-01-01,male,overall,8959.0
Perak,2010-01-01,both,bumi_malay,7510.0
Perak,2010-01-01,female,bumi_malay,3288.0
Perak,2010-01-01,male,bumi_malay,4222.0
Perak,2010-01-01,both,bumi_other,372.0
Perak,2010-01-01,female,bumi_other,156.0
Perak,2010-01-01,male,bumi_other,216.0
Perak,2010-01-01,both,chinese,5237.0
Perak,2010-01-01,female,chinese,2268.0
Perak,2010-01-01,male,chinese,2969.0
Perak,2010-01-01,both,indian,1994.0
Perak,2010-01-01,female,indian,727.0
Perak,2010-01-01,male,indian,1267.0
Perak,2010-01-01,both,other_citizen,43.0
Perak,2010-01-01,female,other_citizen,14.0
Perak,2010-01-01,male,other_citizen,29.0
Perak,2010-01-01,both,other_noncitizen,284.0
Perak,2010-01-01,female,other_noncitizen,156.0
Perak,2010-01-01,male,other_noncitizen,128.0
Perak,2010-01-01,both,overall,15440.0
Perak,2010-01-01,female,overall,6609.0
Perak,2010-01-01,male,overall,8831.0
Perak,2011-01-01,both,bumi_malay,7843.0
Perak,2011-01-01,female,bumi_malay,3504.0
Perak,2011-01-01,male,bumi_malay,4339.0
Perak,2011-01-01,both,bumi_other,347.0
Perak,2011-01-01,female,bumi_other,137.0
Perak,2011-01-01,male,bumi_other,210.0
Perak,2011-01-01,both,chinese,5519.0
Perak,2011-01-01,female,chinese,2417.0
Perak,2011-01-01,male,chinese,3102.0
Perak,2011-01-01,both,indian,1959.0
Perak,2011-01-01,female,indian,731.0
Perak,2011-01-01,male,indian,1228.0
Perak,2011-01-01,both,other_citizen,51.0
Perak,2011-01-01,female,other_citizen,21.0
Perak,2011-01-01,male,other_citizen,30.0
Perak,2011-01-01,both,other_noncitizen,293.0
Perak,2011-01-01,female,other_noncitizen,160.0
Perak,2011-01-01,male,other_noncitizen,133.0
Perak,2011-01-01,both,overall,16012.0
Perak,2011-01-01,female,overall,6970.0
Perak,2011-01-01,male,overall,9042.0
Perak,2012-01-01,both,bumi_malay,8019.0
Perak,2012-01-01,female,bumi_malay,3579.0
Perak,2012-01-01,male,bumi_malay,4440.0
Perak,2012-01-01,both,bumi_other,332.0
Perak,2012-01-01,female,bumi_other,114.0
Perak,2012-01-01,male,bumi_other,218.0
Perak,2012-01-01,both,chinese,5634.0
Perak,2012-01-01,female,chinese,2424.0
Perak,2012-01-01,male,chinese,3210.0
Perak,2012-01-01,both,indian,2041.0
Perak,2012-01-01,female,indian,775.0
Perak,2012-01-01,male,indian,1266.0
Perak,2012-01-01,both,other_citizen,65.0
Perak,2012-01-01,female,other_citizen,23.0
Perak,2012-01-01,male,other_citizen,42.0
Perak,2012-01-01,both,other_noncitizen,304.0
Perak,2012-01-01,female,other_noncitizen,165.0
Perak,2012-01-01,male,other_noncitizen,139.0
Perak,2012-01-01,both,overall,16395.0
Perak,2012-01-01,female,overall,7080.0
Perak,2012-01-01,male,overall,9315.0
Perak,2013-01-01,both,bumi_malay,8110.0
Perak,2013-01-01,female,bumi_malay,3681.0
Perak,2013-01-01,male,bumi_malay,4429.0
Perak,2013-01-01,both,bumi_other,334.0
Perak,2013-01-01,female,bumi_other,136.0
Perak,2013-01-01,male,bumi_other,198.0
Perak,2013-01-01,both,chinese,5459.0
Perak,2013-01-01,female,chinese,2267.0
Perak,2013-01-01,male,chinese,3192.0
Perak,2013-01-01,both,indian,2153.0
Perak,2013-01-01,female,indian,846.0
Perak,2013-01-01,male,indian,1307.0
Perak,2013-01-01,both,other_citizen,63.0
Perak,2013-01-01,female,other_citizen,22.0
Perak,2013-01-01,male,other_citizen,41.0
Perak,2013-01-01,both,other_noncitizen,267.0
Perak,2013-01-01,female,other_noncitizen,140.0
Perak,2013-01-01,male,other_noncitizen,127.0
Perak,2013-01-01,both,overall,16386.0
Perak,2013-01-01,female,overall,7092.0
Perak,2013-01-01,male,overall,9294.0
Perak,2014-01-01,both,bumi_malay,8338.0
Perak,2014-01-01,female,bumi_malay,3712.0
Perak,2014-01-01,male,bumi_malay,4626.0
Perak,2014-01-01,both,bumi_other,329.0
Perak,2014-01-01,female,bumi_other,136.0
Perak,2014-01-01,male,bumi_other,193.0
Perak,2014-01-01,both,chinese,5799.0
Perak,2014-01-01,female,chinese,2556.0
Perak,2014-01-01,male,chinese,3243.0
Perak,2014-01-01,both,indian,2121.0
Perak,2014-01-01,female,indian,886.0
Perak,2014-01-01,male,indian,1235.0
Perak,2014-01-01,both,other_citizen,61.0
Perak,2014-01-01,female,other_citizen,21.0
Perak,2014-01-01,male,other_citizen,40.0
Perak,2014-01-01,both,other_noncitizen,277.0
Perak,2014-01-01,female,other_noncitizen,153.0
Perak,2014-01-01,male,other_noncitizen,124.0
Perak,2014-01-01,both,overall,16925.0
Perak,2014-01-01,female,overall,7464.0
Perak,2014-01-01,male,overall,9461.0
Perak,2015-01-01,both,bumi_malay,8493.0
Perak,2015-01-01,female,bumi_malay,3731.0
Perak,2015-01-01,male,bumi_malay,4762.0
Perak,2015-01-01,both,bumi_other,335.0
Perak,2015-01-01,female,bumi_other,123.0
Perak,2015-01-01,male,bumi_other,212.0
Perak,2015-01-01,both,chinese,5895.0
Perak,2015-01-01,female,chinese,2553.0
Perak,2015-01-01,male,chinese,3342.0
Perak,2015-01-01,both,indian,2103.0
Perak,2015-01-01,female,indian,836.0
Perak,2015-01-01,male,indian,1267.0
Perak,2015-01-01,both,other_citizen,56.0
Perak,2015-01-01,female,other_citizen,22.0
Perak,2015-01-01,male,other_citizen,34.0
Perak,2015-01-01,both,other_noncitizen,277.0
Perak,2015-01-01,female,other_noncitizen,135.0
Perak,2015-01-01,male,other_noncitizen,142.0
Perak,2015-01-01,both,overall,17159.0
Perak,2015-01-01,female,overall,7400.0
Perak,2015-01-01,male,overall,9759.0
Perak,2016-01-01,both,bumi_malay,8783.0
Perak,2016-01-01,female,bumi_malay,3805.0
Perak,2016-01-01,male,bumi_malay,4978.0
Perak,2016-01-01,both,bumi_other,370.0
Perak,2016-01-01,female,bumi_other,137.0
Perak,2016-01-01,male,bumi_other,233.0
Perak,2016-01-01,both,chinese,6116.0
Perak,2016-01-01,female,chinese,2658.0
Perak,2016-01-01,male,chinese,3458.0
Perak,2016-01-01,both,indian,2203.0
Perak,2016-01-01,female,indian,925.0
Perak,2016-01-01,male,indian,1278.0
Perak,2016-01-01,both,other_citizen,68.0
Perak,2016-01-01,female,other_citizen,28.0
Perak,2016-01-01,male,other_citizen,40.0
Perak,2016-01-01,both,other_noncitizen,280.0
Perak,2016-01-01,female,other_noncitizen,154.0
Perak,2016-01-01,male,other_noncitizen,126.0
Perak,2016-01-01,both,overall,17820.0
Perak,2016-01-01,female,overall,7707.0
Perak,2016-01-01,male,overall,10113.0
Perak,2017-01-01,both,bumi_malay,8908.0
Perak,2017-01-01,female,bumi_malay,3892.0
Perak,2017-01-01,male,bumi_malay,5016.0
Perak,2017-01-01,both,bumi_other,370.0
Perak,2017-01-01,female,bumi_other,131.0
Perak,2017-01-01,male,bumi_other,239.0
Perak,2017-01-01,both,chinese,6305.0
Perak,2017-01-01,female,chinese,2616.0
Perak,2017-01-01,male,chinese,3689.0
Perak,2017-01-01,both,indian,2147.0
Perak,2017-01-01,female,indian,839.0
Perak,2017-01-01,male,indian,1308.0
Perak,2017-01-01,both,other_citizen,65.0
Perak,2017-01-01,female,other_citizen,24.0
Perak,2017-01-01,male,other_citizen,41.0
Perak,2017-01-01,both,other_noncitizen,252.0
Perak,2017-01-01,female,other_noncitizen,125.0
Perak,2017-01-01,male,other_noncitizen,127.0
Perak,2017-01-01,both,overall,18047.0
Perak,2017-01-01,female,overall,7627.0
Perak,2017-01-01,male,overall,10420.0
Perak,2018-01-01,both,bumi_malay,9212.0
Perak,2018-01-01,female,bumi_malay,4125.0
Perak,2018-01-01,male,bumi_malay,5087.0
Perak,2018-01-01,both,bumi_other,339.0
Perak,2018-01-01,female,bumi_other,120.0
Perak,2018-01-01,male,bumi_other,219.0
Perak,2018-01-01,both,chinese,6484.0
Perak,2018-01-01,female,chinese,2731.0
Perak,2018-01-01,male,chinese,3753.0
Perak,2018-01-01,both,indian,2273.0
Perak,2018-01-01,female,indian,909.0
Perak,2018-01-01,male,indian,1364.0
Perak,2018-01-01,both,other_citizen,72.0
Perak,2018-01-01,female,other_citizen,23.0
Perak,2018-01-01,male,other_citizen,49.0
Perak,2018-01-01,both,other_noncitizen,220.0
Perak,2018-01-01,female,other_noncitizen,110.0
Perak,2018-01-01,male,other_noncitizen,110.0
Perak,2018-01-01,both,overall,18600.0
Perak,2018-01-01,female,overall,8018.0
Perak,2018-01-01,male,overall,10582.0
Perak,2019-01-01,both,bumi_malay,9187.0
Perak,2019-01-01,female,bumi_malay,4118.0
Perak,2019-01-01,male,bumi_malay,5069.0
Perak,2019-01-01,both,bumi_other,360.0
Perak,2019-01-01,female,bumi_other,153.0
Perak,2019-01-01,male,bumi_other,207.0
Perak,2019-01-01,both,chinese,6499.0
Perak,2019-01-01,female,chinese,2739.0
Perak,2019-01-01,male,chinese,3760.0
Perak,2019-01-01,both,indian,2367.0
Perak,2019-01-01,female,indian,962.0
Perak,2019-01-01,male,indian,1405.0
Perak,2019-01-01,both,other_citizen,65.0
Perak,2019-01-01,female,other_citizen,37.0
Perak,2019-01-01,male,other_citizen,28.0
Perak,2019-01-01,both,other_noncitizen,262.0
Perak,2019-01-01,female,other_noncitizen,160.0
Perak,2019-01-01,male,other_noncitizen,102.0
Perak,2019-01-01,both,overall,18740.0
Perak,2019-01-01,female,overall,8169.0
Perak,2019-01-01,male,overall,10571.0
Perak,2020-01-01,both,bumi_malay,8868.0
Perak,2020-01-01,female,bumi_malay,3926.0
Perak,2020-01-01,male,bumi_malay,4942.0
Perak,2020-01-01,both,bumi_other,284.0
Perak,2020-01-01,female,bumi_other,115.0
Perak,2020-01-01,male,bumi_other,169.0
Perak,2020-01-01,both,chinese,6286.0
Perak,2020-01-01,female,chinese,2649.0
Perak,2020-01-01,male,chinese,3637.0
Perak,2020-01-01,both,indian,2203.0
Perak,2020-01-01,female,indian,933.0
Perak,2020-01-01,male,indian,1270.0
Perak,2020-01-01,both,other_citizen,66.0
Perak,2020-01-01,female,other_citizen,29.0
Perak,2020-01-01,male,other_citizen,37.0
Perak,2020-01-01,both,other_noncitizen,239.0
Perak,2020-01-01,female,other_noncitizen,121.0
Perak,2020-01-01,male,other_noncitizen,118.0
Perak,2020-01-01,both,overall,17946.0
Perak,2020-01-01,female,overall,7773.0
Perak,2020-01-01,male,overall,10173.0
Perak,2021-01-01,both,bumi_malay,10656.0
Perak,2021-01-01,female,bumi_malay,4721.0
Perak,2021-01-01,male,bumi_malay,5935.0
Perak,2021-01-01,both,bumi_other,474.0
Perak,2021-01-01,female,bumi_other,221.0
Perak,2021-01-01,male,bumi_other,253.0
Perak,2021-01-01,both,chinese,7119.0
Perak,2021-01-01,female,chinese,3044.0
Perak,2021-01-01,male,chinese,4075.0
Perak,2021-01-01,both,indian,2697.0
Perak,2021-01-01,female,indian,1105.0
Perak,2021-01-01,male,indian,1592.0
Perak,2021-01-01,both,other_citizen,76.0
Perak,2021-01-01,female,other_citizen,39.0
Perak,2021-01-01,male,other_citizen,37.0
Perak,2021-01-01,both,other_noncitizen,281.0
Perak,2021-01-01,female,other_noncitizen,151.0
Perak,2021-01-01,male,other_noncitizen,130.0
Perak,2021-01-01,both,overall,21303.0
Perak,2021-01-01,female,overall,9281.0
Perak,2021-01-01,male,overall,12022.0
Perak,2022-01-01,both,bumi_malay,11327.0
Perak,2022-01-01,female,bumi_malay,5131.0
Perak,2022-01-01,male,bumi_malay,6196.0
Perak,2022-01-01,both,bumi_other,420.0
Perak,2022-01-01,female,bumi_other,167.0
Perak,2022-01-01,male,bumi_other,253.0
Perak,2022-01-01,both,chinese,7507.0
Perak,2022-01-01,female,chinese,3197.0
Perak,2022-01-01,male,chinese,4310.0
Perak,2022-01-01,both,indian,2763.0
Perak,2022-01-01,female,indian,1049.0
Perak,2022-01-01,male,indian,1714.0
Perak,2022-01-01,both,other_citizen,87.0
Perak,2022-01-01,female,other_citizen,34.0
Perak,2022-01-01,male,other_citizen,53.0
Perak,2022-01-01,both,other_noncitizen,237.0
Perak,2022-01-01,female,other_noncitizen,122.0
Perak,2022-01-01,male,other_noncitizen,115.0
Perak,2022-01-01,both,overall,22341.0
Perak,2022-01-01,female,overall,9700.0
Perak,2022-01-01,male,overall,12641.0
Perak,2023-01-01,both,bumi_malay,10473.0
Perak,2023-01-01,female,bumi_malay,4679.0
Perak,2023-01-01,male,bumi_malay,5794.0
Perak,2023-01-01,both,bumi_other,410.0
Perak,2023-01-01,female,bumi_other,157.0
Perak,2023-01-01,male,bumi_other,253.0
Perak,2023-01-01,both,chinese,7048.0
Perak,2023-01-01,female,chinese,2976.0
Perak,2023-01-01,male,chinese,4072.0
Perak,2023-01-01,both,indian,2605.0
Perak,2023-01-01,female,indian,1149.0
Perak,2023-01-01,male,indian,1456.0
Perak,2023-01-01,both,other_citizen,
Perak,2023-01-01,female,other_citizen,
Perak,2023-01-01,male,other_citizen,
Perak,2023-01-01,both,other_noncitizen,
Perak,2023-01-01,female,other_noncitizen,
Perak,2023-01-01,male,other_noncitizen,
Perak,2023-01-01,both,overall,20839.0
Perak,2023-01-01,female,overall,9104.0
Perak,2023-01-01,male,overall,11735.0
Perak,2024-01-01,both,bumi_malay,10591.0
Perak,2024-01-01,female,bumi_malay,4789.0
Perak,2024-01-01,male,bumi_malay,5802.0
Perak,2024-01-01,both,bumi_other,377.0
Perak,2024-01-01,female,bumi_other,134.0
Perak,2024-01-01,male,bumi_other,243.0
Perak,2024-01-01,both,chinese,6987.0
Perak,2024-01-01,female,chinese,2922.0
Perak,2024-01-01,male,chinese,4065.0
Perak,2024-01-01,both,indian,2700.0
Perak,2024-01-01,female,indian,1162.0
Perak,2024-01-01,male,indian,1538.0
Perak,2024-01-01,both,other_citizen,
Perak,2024-01-01,female,other_citizen,
Perak,2024-01-01,male,other_citizen,
Perak,2024-01-01,both,other_noncitizen,
Perak,2024-01-01,female,other_noncitizen,
Perak,2024-01-01,male,other_noncitizen,
Perak,2024-01-01,both,overall,20948.0
Perak,2024-01-01,female,overall,9155.0
Perak,2024-01-01,male,overall,11793.0
Perlis,2000-01-01,both,bumi_malay,1068.0
Perlis,2000-01-01,female,bumi_malay,474.0
Perlis,2000-01-01,male,bumi_malay,594.0
Perlis,2000-01-01,both,bumi_other,0.0
Perlis,2000-01-01,female,bumi_other,0.0
Perlis,2000-01-01,male,bumi_other,0.0
Perlis,2000-01-01,both,chinese,163.0
Perlis,2000-01-01,female,chinese,60.0
Perlis,2000-01-01,male,chinese,103.0
Perlis,2000-01-01,both,indian,23.0
Perlis,2000-01-01,female,indian,7.0
Perlis,2000-01-01,male,indian,16.0
Perlis,2000-01-01,both,other_citizen,39.0
Perlis,2000-01-01,female,other_citizen,19.0
Perlis,2000-01-01,male,other_citizen,20.0
Perlis,2000-01-01,both,other_noncitizen,14.0
Perlis,2000-01-01,female,other_noncitizen,9.0
Perlis,2000-01-01,male,other_noncitizen,5.0
Perlis,2000-01-01,both,overall,1307.0
Perlis,2000-01-01,female,overall,569.0
Perlis,2000-01-01,male,overall,738.0
Perlis,2001-01-01,both,bumi_malay,1075.0
Perlis,2001-01-01,female,bumi_malay,467.0
Perlis,2001-01-01,male,bumi_malay,608.0
Perlis,2001-01-01,both,bumi_other,0.0
Perlis,2001-01-01,female,bumi_other,0.0
Perlis,2001-01-01,male,bumi_other,0.0
Perlis,2001-01-01,both,chinese,194.0
Perlis,2001-01-01,female,chinese,79.0
Perlis,2001-01-01,male,chinese,115.0
Perlis,2001-01-01,both,indian,17.0
Perlis,2001-01-01,female,indian,5.0
Perlis,2001-01-01,male,indian,12.0
Perlis,2001-01-01,both,other_citizen,35.0
Perlis,2001-01-01,female,other_citizen,12.0
Perlis,2001-01-01,male,other_citizen,23.0
Perlis,2001-01-01,both,other_noncitizen,14.0
Perlis,2001-01-01,female,other_noncitizen,7.0
Perlis,2001-01-01,male,other_noncitizen,7.0
Perlis,2001-01-01,both,overall,1335.0
Perlis,2001-01-01,female,overall,570.0
Perlis,2001-01-01,male,overall,765.0
Perlis,2002-01-01,both,bumi_malay,1154.0
Perlis,2002-01-01,female,bumi_malay,547.0
Perlis,2002-01-01,male,bumi_malay,607.0
Perlis,2002-01-01,both,bumi_other,0.0
Perlis,2002-01-01,female,bumi_other,0.0
Perlis,2002-01-01,male,bumi_other,0.0
Perlis,2002-01-01,both,chinese,159.0
Perlis,2002-01-01,female,chinese,66.0
Perlis,2002-01-01,male,chinese,93.0
Perlis,2002-01-01,both,indian,12.0
Perlis,2002-01-01,female,indian,6.0
Perlis,2002-01-01,male,indian,6.0
Perlis,2002-01-01,both,other_citizen,34.0
Perlis,2002-01-01,female,other_citizen,13.0
Perlis,2002-01-01,male,other_citizen,21.0
Perlis,2002-01-01,both,other_noncitizen,19.0
Perlis,2002-01-01,female,other_noncitizen,11.0
Perlis,2002-01-01,male,other_noncitizen,8.0
Perlis,2002-01-01,both,overall,1378.0
Perlis,2002-01-01,female,overall,643.0
Perlis,2002-01-01,male,overall,735.0
Perlis,2003-01-01,both,bumi_malay,1199.0
Perlis,2003-01-01,female,bumi_malay,520.0
Perlis,2003-01-01,male,bumi_malay,679.0
Perlis,2003-01-01,both,bumi_other,1.0
Perlis,2003-01-01,female,bumi_other,0.0
Perlis,2003-01-01,male,bumi_other,1.0
Perlis,2003-01-01,both,chinese,160.0
Perlis,2003-01-01,female,chinese,68.0
Perlis,2003-01-01,male,chinese,92.0
Perlis,2003-01-01,both,indian,20.0
Perlis,2003-01-01,female,indian,5.0
Perlis,2003-01-01,male,indian,15.0
Perlis,2003-01-01,both,other_citizen,26.0
Perlis,2003-01-01,female,other_citizen,13.0
Perlis,2003-01-01,male,other_citizen,13.0
Perlis,2003-01-01,both,other_noncitizen,10.0
Perlis,2003-01-01,female,other_noncitizen,3.0
Perlis,2003-01-01,male,other_noncitizen,7.0
Perlis,2003-01-01,both,overall,1416.0
Perlis,2003-01-01,female,overall,609.0
Perlis,2003-01-01,male,overall,807.0
Perlis,2004-01-01,both,bumi_malay,1191.0
Perlis,2004-01-01,female,bumi_malay,561.0
Perlis,2004-01-01,male,bumi_malay,630.0
Perlis,2004-01-01,both,bumi_other,1.0
Perlis,2004-01-01,female,bumi_other,0.0
Perlis,2004-01-01,male,bumi_other,1.0
Perlis,2004-01-01,both,chinese,166.0
Perlis,2004-01-01,female,chinese,73.0
Perlis,2004-01-01,male,chinese,93.0
Perlis,2004-01-01,both,indian,18.0
Perlis,2004-01-01,female,indian,3.0
Perlis,2004-01-01,male,indian,15.0
Perlis,2004-01-01,both,other_citizen,33.0
Perlis,2004-01-01,female,other_citizen,11.0
Perlis,2004-01-01,male,other_citizen,22.0
Perlis,2004-01-01,both,other_noncitizen,17.0
Perlis,2004-01-01,female,other_noncitizen,6.0
Perlis,2004-01-01,male,other_noncitizen,11.0
Perlis,2004-01-01,both,overall,1426.0
Perlis,2004-01-01,female,overall,654.0
Perlis,2004-01-01,male,overall,772.0
Perlis,2005-01-01,both,bumi_malay,1203.0
Perlis,2005-01-01,female,bumi_malay,534.0
Perlis,2005-01-01,male,bumi_malay,669.0
Perlis,2005-01-01,both,bumi_other,2.0
Perlis,2005-01-01,female,bumi_other,0.0
Perlis,2005-01-01,male,bumi_other,2.0
Perlis,2005-01-01,both,chinese,176.0
Perlis,2005-01-01,female,chinese,63.0
Perlis,2005-01-01,male,chinese,113.0
Perlis,2005-01-01,both,indian,15.0
Perlis,2005-01-01,female,indian,6.0
Perlis,2005-01-01,male,indian,9.0
Perlis,2005-01-01,both,other_citizen,36.0
Perlis,2005-01-01,female,other_citizen,14.0
Perlis,2005-01-01,male,other_citizen,22.0
Perlis,2005-01-01,both,other_noncitizen,20.0
Perlis,2005-01-01,female,other_noncitizen,9.0
Perlis,2005-01-01,male,other_noncitizen,11.0
Perlis,2005-01-01,both,overall,1452.0
Perlis,2005-01-01,female,overall,626.0
Perlis,2005-01-01,male,overall,826.0
Perlis,2006-01-01,both,bumi_malay,1236.0
Perlis,2006-01-01,female,bumi_malay,552.0
Perlis,2006-01-01,male,bumi_malay,684.0
Perlis,2006-01-01,both,bumi_other,2.0
Perlis,2006-01-01,female,bumi_other,1.0
Perlis,2006-01-01,male,bumi_other,1.0
Perlis,2006-01-01,both,chinese,149.0
Perlis,2006-01-01,female,chinese,55.0
Perlis,2006-01-01,male,chinese,94.0
Perlis,2006-01-01,both,indian,28.0
Perlis,2006-01-01,female,indian,12.0
Perlis,2006-01-01,male,indian,16.0
Perlis,2006-01-01,both,other_citizen,32.0
Perlis,2006-01-01,female,other_citizen,10.0
Perlis,2006-01-01,male,other_citizen,22.0
Perlis,2006-01-01,both,other_noncitizen,15.0
Perlis,2006-01-01,female,other_noncitizen,9.0
Perlis,2006-01-01,male,other_noncitizen,6.0
Perlis,2006-01-01,both,overall,1462.0
Perlis,2006-01-01,female,overall,639.0
Perlis,2006-01-01,male,overall,823.0
Perlis,2007-01-01,both,bumi_malay,1266.0
Perlis,2007-01-01,female,bumi_malay,585.0
Perlis,2007-01-01,male,bumi_malay,681.0
Perlis,2007-01-01,both,bumi_other,2.0
Perlis,2007-01-01,female,bumi_other,1.0
Perlis,2007-01-01,male,bumi_other,1.0
Perlis,2007-01-01,both,chinese,163.0
Perlis,2007-01-01,female,chinese,75.0
Perlis,2007-01-01,male,chinese,88.0
Perlis,2007-01-01,both,indian,18.0
Perlis,2007-01-01,female,indian,2.0
Perlis,2007-01-01,male,indian,16.0
Perlis,2007-01-01,both,other_citizen,29.0
Perlis,2007-01-01,female,other_citizen,10.0
Perlis,2007-01-01,male,other_citizen,19.0
Perlis,2007-01-01,both,other_noncitizen,13.0
Perlis,2007-01-01,female,other_noncitizen,7.0
Perlis,2007-01-01,male,other_noncitizen,6.0
Perlis,2007-01-01,both,overall,1491.0
Perlis,2007-01-01,female,overall,680.0
Perlis,2007-01-01,male,overall,811.0
Perlis,2008-01-01,both,bumi_malay,1374.0
Perlis,2008-01-01,female,bumi_malay,577.0
Perlis,2008-01-01,male,bumi_malay,797.0
Perlis,2008-01-01,both,bumi_other,3.0
Perlis,2008-01-01,female,bumi_other,0.0
Perlis,2008-01-01,male,bumi_other,3.0
Perlis,2008-01-01,both,chinese,170.0
Perlis,2008-01-01,female,chinese,76.0
Perlis,2008-01-01,male,chinese,94.0
Perlis,2008-01-01,both,indian,24.0
Perlis,2008-01-01,female,indian,5.0
Perlis,2008-01-01,male,indian,19.0
Perlis,2008-01-01,both,other_citizen,34.0
Perlis,2008-01-01,female,other_citizen,15.0
Perlis,2008-01-01,male,other_citizen,19.0
Perlis,2008-01-01,both,other_noncitizen,13.0
Perlis,2008-01-01,female,other_noncitizen,7.0
Perlis,2008-01-01,male,other_noncitizen,6.0
Perlis,2008-01-01,both,overall,1618.0
Perlis,2008-01-01,female,overall,680.0
Perlis,2008-01-01,male,overall,938.0
Perlis,2009-01-01,both,bumi_malay,1326.0
Perlis,2009-01-01,female,bumi_malay,589.0
Perlis,2009-01-01,male,bumi_malay,737.0
Perlis,2009-01-01,both,bumi_other,4.0
Perlis,2009-01-01,female,bumi_other,1.0
Perlis,2009-01-01,male,bumi_other,3.0
Perlis,2009-01-01,both,chinese,168.0
Perlis,2009-01-01,female,chinese,56.0
Perlis,2009-01-01,male,chinese,112.0
Perlis,2009-01-01,both,indian,23.0
Perlis,2009-01-01,female,indian,8.0
Perlis,2009-01-01,male,indian,15.0
Perlis,2009-01-01,both,other_citizen,36.0
Perlis,2009-01-01,female,other_citizen,15.0
Perlis,2009-01-01,male,other_citizen,21.0
Perlis,2009-01-01,both,other_noncitizen,23.0
Perlis,2009-01-01,female,other_noncitizen,11.0
Perlis,2009-01-01,male,other_noncitizen,12.0
Perlis,2009-01-01,both,overall,1580.0
Perlis,2009-01-01,female,overall,680.0
Perlis,2009-01-01,male,overall,900.0
Perlis,2010-01-01,both,bumi_malay,1423.0
Perlis,2010-01-01,female,bumi_malay,608.0
Perlis,2010-01-01,male,bumi_malay,815.0
Perlis,2010-01-01,both,bumi_other,0.0
Perlis,2010-01-01,female,bumi_other,0.0
Perlis,2010-01-01,male,bumi_other,0.0
Perlis,2010-01-01,both,chinese,174.0
Perlis,2010-01-01,female,chinese,78.0
Perlis,2010-01-01,male,chinese,96.0
Perlis,2010-01-01,both,indian,22.0
Perlis,2010-01-01,female,indian,6.0
Perlis,2010-01-01,male,indian,16.0
Perlis,2010-01-01,both,other_citizen,45.0
Perlis,2010-01-01,female,other_citizen,27.0
Perlis,2010-01-01,male,other_citizen,18.0
Perlis,2010-01-01,both,other_noncitizen,19.0
Perlis,2010-01-01,female,other_noncitizen,10.0
Perlis,2010-01-01,male,other_noncitizen,9.0
Perlis,2010-01-01,both,overall,1683.0
Perlis,2010-01-01,female,overall,729.0
Perlis,2010-01-01,male,overall,954.0
Perlis,2011-01-01,both,bumi_malay,1400.0
Perlis,2011-01-01,female,bumi_malay,637.0
Perlis,2011-01-01,male,bumi_malay,763.0
Perlis,2011-01-01,both,bumi_other,1.0
Perlis,2011-01-01,female,bumi_other,0.0
Perlis,2011-01-01,male,bumi_other,1.0
Perlis,2011-01-01,both,chinese,148.0
Perlis,2011-01-01,female,chinese,54.0
Perlis,2011-01-01,male,chinese,94.0
Perlis,2011-01-01,both,indian,18.0
Perlis,2011-01-01,female,indian,6.0
Perlis,2011-01-01,male,indian,12.0
Perlis,2011-01-01,both,other_citizen,47.0
Perlis,2011-01-01,female,other_citizen,22.0
Perlis,2011-01-01,male,other_citizen,25.0
Perlis,2011-01-01,both,other_noncitizen,23.0
Perlis,2011-01-01,female,other_noncitizen,13.0
Perlis,2011-01-01,male,other_noncitizen,10.0
Perlis,2011-01-01,both,overall,1637.0
Perlis,2011-01-01,female,overall,732.0
Perlis,2011-01-01,male,overall,905.0
Perlis,2012-01-01,both,bumi_malay,1407.0
Perlis,2012-01-01,female,bumi_malay,665.0
Perlis,2012-01-01,male,bumi_malay,742.0
Perlis,2012-01-01,both,bumi_other,3.0
Perlis,2012-01-01,female,bumi_other,1.0
Perlis,2012-01-01,male,bumi_other,2.0
Perlis,2012-01-01,both,chinese,164.0
Perlis,2012-01-01,female,chinese,67.0
Perlis,2012-01-01,male,chinese,97.0
Perlis,2012-01-01,both,indian,17.0
Perlis,2012-01-01,female,indian,9.0
Perlis,2012-01-01,male,indian,8.0
Perlis,2012-01-01,both,other_citizen,46.0
Perlis,2012-01-01,female,other_citizen,24.0
Perlis,2012-01-01,male,other_citizen,22.0
Perlis,2012-01-01,both,other_noncitizen,18.0
Perlis,2012-01-01,female,other_noncitizen,12.0
Perlis,2012-01-01,male,other_noncitizen,6.0
Perlis,2012-01-01,both,overall,1655.0
Perlis,2012-01-01,female,overall,778.0
Perlis,2012-01-01,male,overall,877.0
Perlis,2013-01-01,both,bumi_malay,1478.0
Perlis,2013-01-01,female,bumi_malay,676.0
Perlis,2013-01-01,male,bumi_malay,802.0
Perlis,2013-01-01,both,bumi_other,1.0
Perlis,2013-01-01,female,bumi_other,1.0
Perlis,2013-01-01,male,bumi_other,0.0
Perlis,2013-01-01,both,chinese,180.0
Perlis,2013-01-01,female,chinese,74.0
Perlis,2013-01-01,male,chinese,106.0
Perlis,2013-01-01,both,indian,26.0
Perlis,2013-01-01,female,indian,8.0
Perlis,2013-01-01,male,indian,18.0
Perlis,2013-01-01,both,other_citizen,37.0
Perlis,2013-01-01,female,other_citizen,20.0
Perlis,2013-01-01,male,other_citizen,17.0
Perlis,2013-01-01,both,other_noncitizen,19.0
Perlis,2013-01-01,female,other_noncitizen,14.0
Perlis,2013-01-01,male,other_noncitizen,5.0
Perlis,2013-01-01,both,overall,1741.0
Perlis,2013-01-01,female,overall,793.0
Perlis,2013-01-01,male,overall,948.0
Perlis,2014-01-01,both,bumi_malay,1435.0
Perlis,2014-01-01,female,bumi_malay,656.0
Perlis,2014-01-01,male,bumi_malay,779.0
Perlis,2014-01-01,both,bumi_other,3.0
Perlis,2014-01-01,female,bumi_other,0.0
Perlis,2014-01-01,male,bumi_other,3.0
Perlis,2014-01-01,both,chinese,146.0
Perlis,2014-01-01,female,chinese,62.0
Perlis,2014-01-01,male,chinese,84.0
Perlis,2014-01-01,both,indian,19.0
Perlis,2014-01-01,female,indian,7.0
Perlis,2014-01-01,male,indian,12.0
Perlis,2014-01-01,both,other_citizen,53.0
Perlis,2014-01-01,female,other_citizen,22.0
Perlis,2014-01-01,male,other_citizen,31.0
Perlis,2014-01-01,both,other_noncitizen,15.0
Perlis,2014-01-01,female,other_noncitizen,12.0
Perlis,2014-01-01,male,other_noncitizen,3.0
Perlis,2014-01-01,both,overall,1671.0
Perlis,2014-01-01,female,overall,759.0
Perlis,2014-01-01,male,overall,912.0
Perlis,2015-01-01,both,bumi_malay,1526.0
Perlis,2015-01-01,female,bumi_malay,706.0
Perlis,2015-01-01,male,bumi_malay,820.0
Perlis,2015-01-01,both,bumi_other,2.0
Perlis,2015-01-01,female,bumi_other,0.0
Perlis,2015-01-01,male,bumi_other,2.0
Perlis,2015-01-01,both,chinese,153.0
Perlis,2015-01-01,female,chinese,65.0
Perlis,2015-01-01,male,chinese,88.0
Perlis,2015-01-01,both,indian,26.0
Perlis,2015-01-01,female,indian,9.0
Perlis,2015-01-01,male,indian,17.0
Perlis,2015-01-01,both,other_citizen,42.0
Perlis,2015-01-01,female,other_citizen,16.0
Perlis,2015-01-01,male,other_citizen,26.0
Perlis,2015-01-01,both,other_noncitizen,18.0
Perlis,2015-01-01,female,other_noncitizen,13.0
Perlis,2015-01-01,male,other_noncitizen,5.0
Perlis,2015-01-01,both,overall,1767.0
Perlis,2015-01-01,female,overall,809.0
Perlis,2015-01-01,male,overall,958.0
Perlis,2016-01-01,both,bumi_malay,1629.0
Perlis,2016-01-01,female,bumi_malay,755.0
Perlis,2016-01-01,male,bumi_malay,874.0
Perlis,2016-01-01,both,bumi_other,1.0
Perlis,2016-01-01,female,bumi_other,0.0
Perlis,2016-01-01,male,bumi_other,1.0
Perlis,2016-01-01,both,chinese,174.0
Perlis,2016-01-01,female,chinese,69.0
Perlis,2016-01-01,male,chinese,105.0
Perlis,2016-01-01,both,indian,30.0
Perlis,2016-01-01,female,indian,11.0
Perlis,2016-01-01,male,indian,19.0
Perlis,2016-01-01,both,other_citizen,30.0
Perlis,2016-01-01,female,other_citizen,14.0
Perlis,2016-01-01,male,other_citizen,16.0
Perlis,2016-01-01,both,other_noncitizen,20.0
Perlis,2016-01-01,female,other_noncitizen,12.0
Perlis,2016-01-01,male,other_noncitizen,8.0
Perlis,2016-01-01,both,overall,1884.0
Perlis,2016-01-01,female,overall,861.0
Perlis,2016-01-01,male,overall,1023.0
Perlis,2017-01-01,both,bumi_malay,1711.0
Perlis,2017-01-01,female,bumi_malay,781.0
Perlis,2017-01-01,male,bumi_malay,930.0
Perlis,2017-01-01,both,bumi_other,2.0
Perlis,2017-01-01,female,bumi_other,0.0
Perlis,2017-01-01,male,bumi_other,2.0
Perlis,2017-01-01,both,chinese,187.0
Perlis,2017-01-01,female,chinese,79.0
Perlis,2017-01-01,male,chinese,108.0
Perlis,2017-01-01,both,indian,36.0
Perlis,2017-01-01,female,indian,12.0
Perlis,2017-01-01,male,indian,24.0
Perlis,2017-01-01,both,other_citizen,45.0
Perlis,2017-01-01,female,other_citizen,24.0
Perlis,2017-01-01,male,other_citizen,21.0
Perlis,2017-01-01,both,other_noncitizen,23.0
Perlis,2017-01-01,female,other_noncitizen,8.0
Perlis,2017-01-01,male,other_noncitizen,15.0
Perlis,2017-01-01,both,overall,2004.0
Perlis,2017-01-01,female,overall,904.0
Perlis,2017-01-01,male,overall,1100.0
Perlis,2018-01-01,both,bumi_malay,1771.0
Perlis,2018-01-01,female,bumi_malay,777.0
Perlis,2018-01-01,male,bumi_malay,994.0
Perlis,2018-01-01,both,bumi_other,2.0
Perlis,2018-01-01,female,bumi_other,2.0
Perlis,2018-01-01,male,bumi_other,0.0
Perlis,2018-01-01,both,chinese,182.0
Perlis,2018-01-01,female,chinese,78.0
Perlis,2018-01-01,male,chinese,104.0
Perlis,2018-01-01,both,indian,18.0
Perlis,2018-01-01,female,indian,7.0
Perlis,2018-01-01,male,indian,11.0
Perlis,2018-01-01,both,other_citizen,53.0
Perlis,2018-01-01,female,other_citizen,28.0
Perlis,2018-01-01,male,other_citizen,25.0
Perlis,2018-01-01,both,other_noncitizen,16.0
Perlis,2018-01-01,female,other_noncitizen,12.0
Perlis,2018-01-01,male,other_noncitizen,4.0
Perlis,2018-01-01,both,overall,2042.0
Perlis,2018-01-01,female,overall,904.0
Perlis,2018-01-01,male,overall,1138.0
Perlis,2019-01-01,both,bumi_malay,1714.0
Perlis,2019-01-01,female,bumi_malay,753.0
Perlis,2019-01-01,male,bumi_malay,961.0
Perlis,2019-01-01,both,bumi_other,3.0
Perlis,2019-01-01,female,bumi_other,2.0
Perlis,2019-01-01,male,bumi_other,1.0
Perlis,2019-01-01,both,chinese,185.0
Perlis,2019-01-01,female,chinese,67.0
Perlis,2019-01-01,male,chinese,118.0
Perlis,2019-01-01,both,indian,29.0
Perlis,2019-01-01,female,indian,10.0
Perlis,2019-01-01,male,indian,19.0
Perlis,2019-01-01,both,other_citizen,47.0
Perlis,2019-01-01,female,other_citizen,26.0
Perlis,2019-01-01,male,other_citizen,21.0
Perlis,2019-01-01,both,other_noncitizen,18.0
Perlis,2019-01-01,female,other_noncitizen,13.0
Perlis,2019-01-01,male,other_noncitizen,5.0
Perlis,2019-01-01,both,overall,1996.0
Perlis,2019-01-01,female,overall,871.0
Perlis,2019-01-01,male,overall,1125.0
Perlis,2020-01-01,both,bumi_malay,1692.0
Perlis,2020-01-01,female,bumi_malay,777.0
Perlis,2020-01-01,male,bumi_malay,915.0
Perlis,2020-01-01,both,bumi_other,0.0
Perlis,2020-01-01,female,bumi_other,0.0
Perlis,2020-01-01,male,bumi_other,0.0
Perlis,2020-01-01,both,chinese,178.0
Perlis,2020-01-01,female,chinese,64.0
Perlis,2020-01-01,male,chinese,114.0
Perlis,2020-01-01,both,indian,31.0
Perlis,2020-01-01,female,indian,12.0
Perlis,2020-01-01,male,indian,19.0
Perlis,2020-01-01,both,other_citizen,34.0
Perlis,2020-01-01,female,other_citizen,15.0
Perlis,2020-01-01,male,other_citizen,19.0
Perlis,2020-01-01,both,other_noncitizen,15.0
Perlis,2020-01-01,female,other_noncitizen,9.0
Perlis,2020-01-01,male,other_noncitizen,6.0
Perlis,2020-01-01,both,overall,1950.0
Perlis,2020-01-01,female,overall,877.0
Perlis,2020-01-01,male,overall,1073.0
Perlis,2021-01-01,both,bumi_malay,1902.0
Perlis,2021-01-01,female,bumi_malay,854.0
Perlis,2021-01-01,male,bumi_malay,1048.0
Perlis,2021-01-01,both,bumi_other,1.0
Perlis,2021-01-01,female,bumi_other,1.0
Perlis,2021-01-01,male,bumi_other,0.0
Perlis,2021-01-01,both,chinese,237.0
Perlis,2021-01-01,female,chinese,94.0
Perlis,2021-01-01,male,chinese,143.0
Perlis,2021-01-01,both,indian,26.0
Perlis,2021-01-01,female,indian,12.0
Perlis,2021-01-01,male,indian,14.0
Perlis,2021-01-01,both,other_citizen,51.0
Perlis,2021-01-01,female,other_citizen,17.0
Perlis,2021-01-01,male,other_citizen,34.0
Perlis,2021-01-01,both,other_noncitizen,17.0
Perlis,2021-01-01,female,other_noncitizen,12.0
Perlis,2021-01-01,male,other_noncitizen,5.0
Perlis,2021-01-01,both,overall,2234.0
Perlis,2021-01-01,female,overall,990.0
Perlis,2021-01-01,male,overall,1244.0
Perlis,2022-01-01,both,bumi_malay,2094.0
Perlis,2022-01-01,female,bumi_malay,938.0
Perlis,2022-01-01,male,bumi_malay,1156.0
Perlis,2022-01-01,both,bumi_other,0.0
Perlis,2022-01-01,female,bumi_other,0.0
Perlis,2022-01-01,male,bumi_other,0.0
Perlis,2022-01-01,both,chinese,234.0
Perlis,2022-01-01,female,chinese,92.0
Perlis,2022-01-01,male,chinese,142.0
Perlis,2022-01-01,both,indian,30.0
Perlis,2022-01-01,female,indian,12.0
Perlis,2022-01-01,male,indian,18.0
Perlis,2022-01-01,both,other_citizen,49.0
Perlis,2022-01-01,female,other_citizen,23.0
Perlis,2022-01-01,male,other_citizen,26.0
Perlis,2022-01-01,both,other_noncitizen,15.0
Perlis,2022-01-01,female,other_noncitizen,9.0
Perlis,2022-01-01,male,other_noncitizen,6.0
Perlis,2022-01-01,both,overall,2422.0
Perlis,2022-01-01,female,overall,1074.0
Perlis,2022-01-01,male,overall,1348.0
Perlis,2023-01-01,both,bumi_malay,1881.0
Perlis,2023-01-01,female,bumi_malay,868.0
Perlis,2023-01-01,male,bumi_malay,1013.0
Perlis,2023-01-01,both,bumi_other,0.0
Perlis,2023-01-01,female,bumi_other,0.0
Perlis,2023-01-01,male,bumi_other,0.0
Perlis,2023-01-01,both,chinese,212.0
Perlis,2023-01-01,female,chinese,89.0
Perlis,2023-01-01,male,chinese,123.0
Perlis,2023-01-01,both,indian,28.0
Perlis,2023-01-01,female,indian,13.0
Perlis,2023-01-01,male,indian,15.0
Perlis,2023-01-01,both,other_citizen,
Perlis,2023-01-01,female,other_citizen,
Perlis,2023-01-01,male,other_citizen,
Perlis,2023-01-01,both,other_noncitizen,
Perlis,2023-01-01,female,other_noncitizen,
Perlis,2023-01-01,male,other_noncitizen,
Perlis,2023-01-01,both,overall,2171.0
Perlis,2023-01-01,female,overall,992.0
Perlis,2023-01-01,male,overall,1179.0
Perlis,2024-01-01,both,bumi_malay,1944.0
Perlis,2024-01-01,female,bumi_malay,869.0
Perlis,2024-01-01,male,bumi_malay,1075.0
Perlis,2024-01-01,both,bumi_other,0.0
Perlis,2024-01-01,female,bumi_other,0.0
Perlis,2024-01-01,male,bumi_other,0.0
Perlis,2024-01-01,both,chinese,194.0
Perlis,2024-01-01,female,chinese,77.0
Perlis,2024-01-01,male,chinese,117.0
Perlis,2024-01-01,both,indian,29.0
Perlis,2024-01-01,female,indian,12.0
Perlis,2024-01-01,male,indian,17.0
Perlis,2024-01-01,both,other_citizen,
Perlis,2024-01-01,female,other_citizen,
Perlis,2024-01-01,male,other_citizen,
Perlis,2024-01-01,both,other_noncitizen,
Perlis,2024-01-01,female,other_noncitizen,
Perlis,2024-01-01,male,other_noncitizen,
Perlis,2024-01-01,both,overall,2238.0
Perlis,2024-01-01,female,overall,999.0
Perlis,2024-01-01,male,overall,1239.0
Pulau Pinang,2000-01-01,both,bumi_malay,2462.0
Pulau Pinang,2000-01-01,female,bumi_malay,1129.0
Pulau Pinang,2000-01-01,male,bumi_malay,1333.0
Pulau Pinang,2000-01-01,both,bumi_other,1.0
Pulau Pinang,2000-01-01,female,bumi_other,0.0
Pulau Pinang,2000-01-01,male,bumi_other,1.0
Pulau Pinang,2000-01-01,both,chinese,3558.0
Pulau Pinang,2000-01-01,female,chinese,1599.0
Pulau Pinang,2000-01-01,male,chinese,1959.0
Pulau Pinang,2000-01-01,both,indian,843.0
Pulau Pinang,2000-01-01,female,indian,292.0
Pulau Pinang,2000-01-01,male,indian,551.0
Pulau Pinang,2000-01-01,both,other_citizen,39.0
Pulau Pinang,2000-01-01,female,other_citizen,14.0
Pulau Pinang,2000-01-01,male,other_citizen,25.0
Pulau Pinang,2000-01-01,both,other_noncitizen,134.0
Pulau Pinang,2000-01-01,female,other_noncitizen,69.0
Pulau Pinang,2000-01-01,male,other_noncitizen,65.0
Pulau Pinang,2000-01-01,both,overall,7037.0
Pulau Pinang,2000-01-01,female,overall,3103.0
Pulau Pinang,2000-01-01,male,overall,3934.0
Pulau Pinang,2001-01-01,both,bumi_malay,2472.0
Pulau Pinang,2001-01-01,female,bumi_malay,1125.0
Pulau Pinang,2001-01-01,male,bumi_malay,1347.0
Pulau Pinang,2001-01-01,both,bumi_other,3.0
Pulau Pinang,2001-01-01,female,bumi_other,1.0
Pulau Pinang,2001-01-01,male,bumi_other,2.0
Pulau Pinang,2001-01-01,both,chinese,3623.0
Pulau Pinang,2001-01-01,female,chinese,1650.0
Pulau Pinang,2001-01-01,male,chinese,1973.0
Pulau Pinang,2001-01-01,both,indian,875.0
Pulau Pinang,2001-01-01,female,indian,334.0
Pulau Pinang,2001-01-01,male,indian,541.0
Pulau Pinang,2001-01-01,both,other_citizen,28.0
Pulau Pinang,2001-01-01,female,other_citizen,13.0
Pulau Pinang,2001-01-01,male,other_citizen,15.0
Pulau Pinang,2001-01-01,both,other_noncitizen,161.0
Pulau Pinang,2001-01-01,female,other_noncitizen,84.0
Pulau Pinang,2001-01-01,male,other_noncitizen,77.0
Pulau Pinang,2001-01-01,both,overall,7162.0
Pulau Pinang,2001-01-01,female,overall,3207.0
Pulau Pinang,2001-01-01,male,overall,3955.0
Pulau Pinang,2002-01-01,both,bumi_malay,2693.0
Pulau Pinang,2002-01-01,female,bumi_malay,1248.0
Pulau Pinang,2002-01-01,male,bumi_malay,1445.0
Pulau Pinang,2002-01-01,both,bumi_other,8.0
Pulau Pinang,2002-01-01,female,bumi_other,1.0
Pulau Pinang,2002-01-01,male,bumi_other,7.0
Pulau Pinang,2002-01-01,both,chinese,3891.0
Pulau Pinang,2002-01-01,female,chinese,1751.0
Pulau Pinang,2002-01-01,male,chinese,2140.0
Pulau Pinang,2002-01-01,both,indian,942.0
Pulau Pinang,2002-01-01,female,indian,358.0
Pulau Pinang,2002-01-01,male,indian,584.0
Pulau Pinang,2002-01-01,both,other_citizen,29.0
Pulau Pinang,2002-01-01,female,other_citizen,12.0
Pulau Pinang,2002-01-01,male,other_citizen,17.0
Pulau Pinang,2002-01-01,both,other_noncitizen,140.0
Pulau Pinang,2002-01-01,female,other_noncitizen,80.0
Pulau Pinang,2002-01-01,male,other_noncitizen,60.0
Pulau Pinang,2002-01-01,both,overall,7703.0
Pulau Pinang,2002-01-01,female,overall,3450.0
Pulau Pinang,2002-01-01,male,overall,4253.0
Pulau Pinang,2003-01-01,both,bumi_malay,2676.0
Pulau Pinang,2003-01-01,female,bumi_malay,1210.0
Pulau Pinang,2003-01-01,male,bumi_malay,1466.0
Pulau Pinang,2003-01-01,both,bumi_other,6.0
Pulau Pinang,2003-01-01,female,bumi_other,2.0
Pulau Pinang,2003-01-01,male,bumi_other,4.0
Pulau Pinang,2003-01-01,both,chinese,3970.0
Pulau Pinang,2003-01-01,female,chinese,1786.0
Pulau Pinang,2003-01-01,male,chinese,2184.0
Pulau Pinang,2003-01-01,both,indian,955.0
Pulau Pinang,2003-01-01,female,indian,375.0
Pulau Pinang,2003-01-01,male,indian,580.0
Pulau Pinang,2003-01-01,both,other_citizen,30.0
Pulau Pinang,2003-01-01,female,other_citizen,11.0
Pulau Pinang,2003-01-01,male,other_citizen,19.0
Pulau Pinang,2003-01-01,both,other_noncitizen,144.0
Pulau Pinang,2003-01-01,female,other_noncitizen,85.0
Pulau Pinang,2003-01-01,male,other_noncitizen,59.0
Pulau Pinang,2003-01-01,both,overall,7781.0
Pulau Pinang,2003-01-01,female,overall,3469.0
Pulau Pinang,2003-01-01,male,overall,4312.0
Pulau Pinang,2004-01-01,both,bumi_malay,2665.0
Pulau Pinang,2004-01-01,female,bumi_malay,1219.0
Pulau Pinang,2004-01-01,male,bumi_malay,1446.0
Pulau Pinang,2004-01-01,both,bumi_other,7.0
Pulau Pinang,2004-01-01,female,bumi_other,0.0
Pulau Pinang,2004-01-01,male,bumi_other,7.0
Pulau Pinang,2004-01-01,both,chinese,3996.0
Pulau Pinang,2004-01-01,female,chinese,1771.0
Pulau Pinang,2004-01-01,male,chinese,2225.0
Pulau Pinang,2004-01-01,both,indian,944.0
Pulau Pinang,2004-01-01,female,indian,354.0
Pulau Pinang,2004-01-01,male,indian,590.0
Pulau Pinang,2004-01-01,both,other_citizen,32.0
Pulau Pinang,2004-01-01,female,other_citizen,15.0
Pulau Pinang,2004-01-01,male,other_citizen,17.0
Pulau Pinang,2004-01-01,both,other_noncitizen,169.0
Pulau Pinang,2004-01-01,female,other_noncitizen,92.0
Pulau Pinang,2004-01-01,male,other_noncitizen,77.0
Pulau Pinang,2004-01-01,both,overall,7813.0
Pulau Pinang,2004-01-01,female,overall,3451.0
Pulau Pinang,2004-01-01,male,overall,4362.0
Pulau Pinang,2005-01-01,both,bumi_malay,2719.0
Pulau Pinang,2005-01-01,female,bumi_malay,1252.0
Pulau Pinang,2005-01-01,male,bumi_malay,1467.0
Pulau Pinang,2005-01-01,both,bumi_other,6.0
Pulau Pinang,2005-01-01,female,bumi_other,2.0
Pulau Pinang,2005-01-01,male,bumi_other,4.0
Pulau Pinang,2005-01-01,both,chinese,4039.0
Pulau Pinang,2005-01-01,female,chinese,1778.0
Pulau Pinang,2005-01-01,male,chinese,2261.0
Pulau Pinang,2005-01-01,both,indian,921.0
Pulau Pinang,2005-01-01,female,indian,363.0
Pulau Pinang,2005-01-01,male,indian,558.0
Pulau Pinang,2005-01-01,both,other_citizen,22.0
Pulau Pinang,2005-01-01,female,other_citizen,9.0
Pulau Pinang,2005-01-01,male,other_citizen,13.0
Pulau Pinang,2005-01-01,both,other_noncitizen,162.0
Pulau Pinang,2005-01-01,female,other_noncitizen,83.0
Pulau Pinang,2005-01-01,male,other_noncitizen,79.0
Pulau Pinang,2005-01-01,both,overall,7869.0
Pulau Pinang,2005-01-01,female,overall,3487.0
Pulau Pinang,2005-01-01,male,overall,4382.0
Pulau Pinang,2006-01-01,both,bumi_malay,2753.0
Pulau Pinang,2006-01-01,female,bumi_malay,1281.0
Pulau Pinang,2006-01-01,male,bumi_malay,1472.0
Pulau Pinang,2006-01-01,both,bumi_other,5.0
Pulau Pinang,2006-01-01,female,bumi_other,2.0
Pulau Pinang,2006-01-01,male,bumi_other,3.0
Pulau Pinang,2006-01-01,both,chinese,3995.0
Pulau Pinang,2006-01-01,female,chinese,1794.0
Pulau Pinang,2006-01-01,male,chinese,2201.0
Pulau Pinang,2006-01-01,both,indian,983.0
Pulau Pinang,2006-01-01,female,indian,423.0
Pulau Pinang,2006-01-01,male,indian,560.0
Pulau Pinang,2006-01-01,both,other_citizen,33.0
Pulau Pinang,2006-01-01,female,other_citizen,18.0
Pulau Pinang,2006-01-01,male,other_citizen,15.0
Pulau Pinang,2006-01-01,both,other_noncitizen,149.0
Pulau Pinang,2006-01-01,female,other_noncitizen,77.0
Pulau Pinang,2006-01-01,male,other_noncitizen,72.0
Pulau Pinang,2006-01-01,both,overall,7918.0
Pulau Pinang,2006-01-01,female,overall,3595.0
Pulau Pinang,2006-01-01,male,overall,4323.0
Pulau Pinang,2007-01-01,both,bumi_malay,2848.0
Pulau Pinang,2007-01-01,female,bumi_malay,1292.0
Pulau Pinang,2007-01-01,male,bumi_malay,1556.0
Pulau Pinang,2007-01-01,both,bumi_other,6.0
Pulau Pinang,2007-01-01,female,bumi_other,3.0
Pulau Pinang,2007-01-01,male,bumi_other,3.0
Pulau Pinang,2007-01-01,both,chinese,4253.0
Pulau Pinang,2007-01-01,female,chinese,1842.0
Pulau Pinang,2007-01-01,male,chinese,2411.0
Pulau Pinang,2007-01-01,both,indian,1023.0
Pulau Pinang,2007-01-01,female,indian,390.0
Pulau Pinang,2007-01-01,male,indian,633.0
Pulau Pinang,2007-01-01,both,other_citizen,29.0
Pulau Pinang,2007-01-01,female,other_citizen,8.0
Pulau Pinang,2007-01-01,male,other_citizen,21.0
Pulau Pinang,2007-01-01,both,other_noncitizen,157.0
Pulau Pinang,2007-01-01,female,other_noncitizen,87.0
Pulau Pinang,2007-01-01,male,other_noncitizen,70.0
Pulau Pinang,2007-01-01,both,overall,8316.0
Pulau Pinang,2007-01-01,female,overall,3622.0
Pulau Pinang,2007-01-01,male,overall,4694.0
Pulau Pinang,2008-01-01,both,bumi_malay,3026.0
Pulau Pinang,2008-01-01,female,bumi_malay,1356.0
Pulau Pinang,2008-01-01,male,bumi_malay,1670.0
Pulau Pinang,2008-01-01,both,bumi_other,3.0
Pulau Pinang,2008-01-01,female,bumi_other,2.0
Pulau Pinang,2008-01-01,male,bumi_other,1.0
Pulau Pinang,2008-01-01,both,chinese,4248.0
Pulau Pinang,2008-01-01,female,chinese,1892.0
Pulau Pinang,2008-01-01,male,chinese,2356.0
Pulau Pinang,2008-01-01,both,indian,1006.0
Pulau Pinang,2008-01-01,female,indian,420.0
Pulau Pinang,2008-01-01,male,indian,586.0
Pulau Pinang,2008-01-01,both,other_citizen,36.0
Pulau Pinang,2008-01-01,female,other_citizen,20.0
Pulau Pinang,2008-01-01,male,other_citizen,16.0
Pulau Pinang,2008-01-01,both,other_noncitizen,152.0
Pulau Pinang,2008-01-01,female,other_noncitizen,79.0
Pulau Pinang,2008-01-01,male,other_noncitizen,73.0
Pulau Pinang,2008-01-01,both,overall,8471.0
Pulau Pinang,2008-01-01,female,overall,3769.0
Pulau Pinang,2008-01-01,male,overall,4702.0
Pulau Pinang,2009-01-01,both,bumi_malay,3027.0
Pulau Pinang,2009-01-01,female,bumi_malay,1342.0
Pulau Pinang,2009-01-01,male,bumi_malay,1685.0
Pulau Pinang,2009-01-01,both,bumi_other,14.0
Pulau Pinang,2009-01-01,female,bumi_other,6.0
Pulau Pinang,2009-01-01,male,bumi_other,8.0
Pulau Pinang,2009-01-01,both,chinese,4372.0
Pulau Pinang,2009-01-01,female,chinese,1936.0
Pulau Pinang,2009-01-01,male,chinese,2436.0
Pulau Pinang,2009-01-01,both,indian,1074.0
Pulau Pinang,2009-01-01,female,indian,412.0
Pulau Pinang,2009-01-01,male,indian,662.0
Pulau Pinang,2009-01-01,both,other_citizen,47.0
Pulau Pinang,2009-01-01,female,other_citizen,23.0
Pulau Pinang,2009-01-01,male,other_citizen,24.0
Pulau Pinang,2009-01-01,both,other_noncitizen,165.0
Pulau Pinang,2009-01-01,female,other_noncitizen,81.0
Pulau Pinang,2009-01-01,male,other_noncitizen,84.0
Pulau Pinang,2009-01-01,both,overall,8699.0
Pulau Pinang,2009-01-01,female,overall,3800.0
Pulau Pinang,2009-01-01,male,overall,4899.0
Pulau Pinang,2010-01-01,both,bumi_malay,3131.0
Pulau Pinang,2010-01-01,female,bumi_malay,1458.0
Pulau Pinang,2010-01-01,male,bumi_malay,1673.0
Pulau Pinang,2010-01-01,both,bumi_other,4.0
Pulau Pinang,2010-01-01,female,bumi_other,2.0
Pulau Pinang,2010-01-01,male,bumi_other,2.0
Pulau Pinang,2010-01-01,both,chinese,4564.0
Pulau Pinang,2010-01-01,female,chinese,2017.0
Pulau Pinang,2010-01-01,male,chinese,2547.0
Pulau Pinang,2010-01-01,both,indian,1156.0
Pulau Pinang,2010-01-01,female,indian,468.0
Pulau Pinang,2010-01-01,male,indian,688.0
Pulau Pinang,2010-01-01,both,other_citizen,49.0
Pulau Pinang,2010-01-01,female,other_citizen,24.0
Pulau Pinang,2010-01-01,male,other_citizen,25.0
Pulau Pinang,2010-01-01,both,other_noncitizen,159.0
Pulau Pinang,2010-01-01,female,other_noncitizen,90.0
Pulau Pinang,2010-01-01,male,other_noncitizen,69.0
Pulau Pinang,2010-01-01,both,overall,9063.0
Pulau Pinang,2010-01-01,female,overall,4059.0
Pulau Pinang,2010-01-01,male,overall,5004.0
Pulau Pinang,2011-01-01,both,bumi_malay,3132.0
Pulau Pinang,2011-01-01,female,bumi_malay,1406.0
Pulau Pinang,2011-01-01,male,bumi_malay,1726.0
Pulau Pinang,2011-01-01,both,bumi_other,6.0
Pulau Pinang,2011-01-01,female,bumi_other,1.0
Pulau Pinang,2011-01-01,male,bumi_other,5.0
Pulau Pinang,2011-01-01,both,chinese,4627.0
Pulau Pinang,2011-01-01,female,chinese,2025.0
Pulau Pinang,2011-01-01,male,chinese,2602.0
Pulau Pinang,2011-01-01,both,indian,1137.0
Pulau Pinang,2011-01-01,female,indian,426.0
Pulau Pinang,2011-01-01,male,indian,711.0
Pulau Pinang,2011-01-01,both,other_citizen,38.0
Pulau Pinang,2011-01-01,female,other_citizen,18.0
Pulau Pinang,2011-01-01,male,other_citizen,20.0
Pulau Pinang,2011-01-01,both,other_noncitizen,167.0
Pulau Pinang,2011-01-01,female,other_noncitizen,84.0
Pulau Pinang,2011-01-01,male,other_noncitizen,83.0
Pulau Pinang,2011-01-01,both,overall,9107.0
Pulau Pinang,2011-01-01,female,overall,3960.0
Pulau Pinang,2011-01-01,male,overall,5147.0
Pulau Pinang,2012-01-01,both,bumi_malay,3223.0
Pulau Pinang,2012-01-01,female,bumi_malay,1442.0
Pulau Pinang,2012-01-01,male,bumi_malay,1781.0
Pulau Pinang,2012-01-01,both,bumi_other,5.0
Pulau Pinang,2012-01-01,female,bumi_other,2.0
Pulau Pinang,2012-01-01,male,bumi_other,3.0
Pulau Pinang,2012-01-01,both,chinese,4555.0
Pulau Pinang,2012-01-01,female,chinese,2058.0
Pulau Pinang,2012-01-01,male,chinese,2497.0
Pulau Pinang,2012-01-01,both,indian,1164.0
Pulau Pinang,2012-01-01,female,indian,455.0
Pulau Pinang,2012-01-01,male,indian,709.0
Pulau Pinang,2012-01-01,both,other_citizen,39.0
Pulau Pinang,2012-01-01,female,other_citizen,16.0
Pulau Pinang,2012-01-01,male,other_citizen,23.0
Pulau Pinang,2012-01-01,both,other_noncitizen,147.0
Pulau Pinang,2012-01-01,female,other_noncitizen,82.0
Pulau Pinang,2012-01-01,male,other_noncitizen,65.0
Pulau Pinang,2012-01-01,both,overall,9133.0
Pulau Pinang,2012-01-01,female,overall,4055.0
Pulau Pinang,2012-01-01,male,overall,5078.0
Pulau Pinang,2013-01-01,both,bumi_malay,3341.0
Pulau Pinang,2013-01-01,female,bumi_malay,1491.0
Pulau Pinang,2013-01-01,male,bumi_malay,1850.0
Pulau Pinang,2013-01-01,both,bumi_other,6.0
Pulau Pinang,2013-01-01,female,bumi_other,2.0
Pulau Pinang,2013-01-01,male,bumi_other,4.0
Pulau Pinang,2013-01-01,both,chinese,4799.0
Pulau Pinang,2013-01-01,female,chinese,2114.0
Pulau Pinang,2013-01-01,male,chinese,2685.0
Pulau Pinang,2013-01-01,both,indian,1207.0
Pulau Pinang,2013-01-01,female,indian,454.0
Pulau Pinang,2013-01-01,male,indian,753.0
Pulau Pinang,2013-01-01,both,other_citizen,33.0
Pulau Pinang,2013-01-01,female,other_citizen,12.0
Pulau Pinang,2013-01-01,male,other_citizen,21.0
Pulau Pinang,2013-01-01,both,other_noncitizen,152.0
Pulau Pinang,2013-01-01,female,other_noncitizen,86.0
Pulau Pinang,2013-01-01,male,other_noncitizen,66.0
Pulau Pinang,2013-01-01,both,overall,9538.0
Pulau Pinang,2013-01-01,female,overall,4159.0
Pulau Pinang,2013-01-01,male,overall,5379.0
Pulau Pinang,2014-01-01,both,bumi_malay,3463.0
Pulau Pinang,2014-01-01,female,bumi_malay,1538.0
Pulau Pinang,2014-01-01,male,bumi_malay,1925.0
Pulau Pinang,2014-01-01,both,bumi_other,5.0
Pulau Pinang,2014-01-01,female,bumi_other,2.0
Pulau Pinang,2014-01-01,male,bumi_other,3.0
Pulau Pinang,2014-01-01,both,chinese,4791.0
Pulau Pinang,2014-01-01,female,chinese,2111.0
Pulau Pinang,2014-01-01,male,chinese,2680.0
Pulau Pinang,2014-01-01,both,indian,1262.0
Pulau Pinang,2014-01-01,female,indian,470.0
Pulau Pinang,2014-01-01,male,indian,792.0
Pulau Pinang,2014-01-01,both,other_citizen,32.0
Pulau Pinang,2014-01-01,female,other_citizen,15.0
Pulau Pinang,2014-01-01,male,other_citizen,17.0
Pulau Pinang,2014-01-01,both,other_noncitizen,125.0
Pulau Pinang,2014-01-01,female,other_noncitizen,70.0
Pulau Pinang,2014-01-01,male,other_noncitizen,55.0
Pulau Pinang,2014-01-01,both,overall,9678.0
Pulau Pinang,2014-01-01,female,overall,4206.0
Pulau Pinang,2014-01-01,male,overall,5472.0
Pulau Pinang,2015-01-01,both,bumi_malay,3642.0
Pulau Pinang,2015-01-01,female,bumi_malay,1643.0
Pulau Pinang,2015-01-01,male,bumi_malay,1999.0
Pulau Pinang,2015-01-01,both,bumi_other,4.0
Pulau Pinang,2015-01-01,female,bumi_other,2.0
Pulau Pinang,2015-01-01,male,bumi_other,2.0
Pulau Pinang,2015-01-01,both,chinese,5151.0
Pulau Pinang,2015-01-01,female,chinese,2193.0
Pulau Pinang,2015-01-01,male,chinese,2958.0
Pulau Pinang,2015-01-01,both,indian,1244.0
Pulau Pinang,2015-01-01,female,indian,497.0
Pulau Pinang,2015-01-01,male,indian,747.0
Pulau Pinang,2015-01-01,both,other_citizen,30.0
Pulau Pinang,2015-01-01,female,other_citizen,14.0
Pulau Pinang,2015-01-01,male,other_citizen,16.0
Pulau Pinang,2015-01-01,both,other_noncitizen,155.0
Pulau Pinang,2015-01-01,female,other_noncitizen,94.0
Pulau Pinang,2015-01-01,male,other_noncitizen,61.0
Pulau Pinang,2015-01-01,both,overall,10226.0
Pulau Pinang,2015-01-01,female,overall,4443.0
Pulau Pinang,2015-01-01,male,overall,5783.0
Pulau Pinang,2016-01-01,both,bumi_malay,3852.0
Pulau Pinang,2016-01-01,female,bumi_malay,1646.0
Pulau Pinang,2016-01-01,male,bumi_malay,2206.0
Pulau Pinang,2016-01-01,both,bumi_other,8.0
Pulau Pinang,2016-01-01,female,bumi_other,3.0
Pulau Pinang,2016-01-01,male,bumi_other,5.0
Pulau Pinang,2016-01-01,both,chinese,5341.0
Pulau Pinang,2016-01-01,female,chinese,2303.0
Pulau Pinang,2016-01-01,male,chinese,3038.0
Pulau Pinang,2016-01-01,both,indian,1325.0
Pulau Pinang,2016-01-01,female,indian,505.0
Pulau Pinang,2016-01-01,male,indian,820.0
Pulau Pinang,2016-01-01,both,other_citizen,29.0
Pulau Pinang,2016-01-01,female,other_citizen,17.0
Pulau Pinang,2016-01-01,male,other_citizen,12.0
Pulau Pinang,2016-01-01,both,other_noncitizen,174.0
Pulau Pinang,2016-01-01,female,other_noncitizen,92.0
Pulau Pinang,2016-01-01,male,other_noncitizen,82.0
Pulau Pinang,2016-01-01,both,overall,10729.0
Pulau Pinang,2016-01-01,female,overall,4566.0
Pulau Pinang,2016-01-01,male,overall,6163.0
Pulau Pinang,2017-01-01,both,bumi_malay,3967.0
Pulau Pinang,2017-01-01,female,bumi_malay,1853.0
Pulau Pinang,2017-01-01,male,bumi_malay,2114.0
Pulau Pinang,2017-01-01,both,bumi_other,4.0
Pulau Pinang,2017-01-01,female,bumi_other,2.0
Pulau Pinang,2017-01-01,male,bumi_other,2.0
Pulau Pinang,2017-01-01,both,chinese,5212.0
Pulau Pinang,2017-01-01,female,chinese,2256.0
Pulau Pinang,2017-01-01,male,chinese,2956.0
Pulau Pinang,2017-01-01,both,indian,1373.0
Pulau Pinang,2017-01-01,female,indian,553.0
Pulau Pinang,2017-01-01,male,indian,820.0
Pulau Pinang,2017-01-01,both,other_citizen,40.0
Pulau Pinang,2017-01-01,female,other_citizen,20.0
Pulau Pinang,2017-01-01,male,other_citizen,20.0
Pulau Pinang,2017-01-01,both,other_noncitizen,131.0
Pulau Pinang,2017-01-01,female,other_noncitizen,59.0
Pulau Pinang,2017-01-01,male,other_noncitizen,72.0
Pulau Pinang,2017-01-01,both,overall,10727.0
Pulau Pinang,2017-01-01,female,overall,4743.0
Pulau Pinang,2017-01-01,male,overall,5984.0
Pulau Pinang,2018-01-01,both,bumi_malay,4085.0
Pulau Pinang,2018-01-01,female,bumi_malay,1836.0
Pulau Pinang,2018-01-01,male,bumi_malay,2249.0
Pulau Pinang,2018-01-01,both,bumi_other,6.0
Pulau Pinang,2018-01-01,female,bumi_other,2.0
Pulau Pinang,2018-01-01,male,bumi_other,4.0
Pulau Pinang,2018-01-01,both,chinese,5501.0
Pulau Pinang,2018-01-01,female,chinese,2402.0
Pulau Pinang,2018-01-01,male,chinese,3099.0
Pulau Pinang,2018-01-01,both,indian,1442.0
Pulau Pinang,2018-01-01,female,indian,605.0
Pulau Pinang,2018-01-01,male,indian,837.0
Pulau Pinang,2018-01-01,both,other_citizen,30.0
Pulau Pinang,2018-01-01,female,other_citizen,14.0
Pulau Pinang,2018-01-01,male,other_citizen,16.0
Pulau Pinang,2018-01-01,both,other_noncitizen,145.0
Pulau Pinang,2018-01-01,female,other_noncitizen,79.0
Pulau Pinang,2018-01-01,male,other_noncitizen,66.0
Pulau Pinang,2018-01-01,both,overall,11209.0
Pulau Pinang,2018-01-01,female,overall,4938.0
Pulau Pinang,2018-01-01,male,overall,6271.0
Pulau Pinang,2019-01-01,both,bumi_malay,3949.0
Pulau Pinang,2019-01-01,female,bumi_malay,1763.0
Pulau Pinang,2019-01-01,male,bumi_malay,2186.0
Pulau Pinang,2019-01-01,both,bumi_other,11.0
Pulau Pinang,2019-01-01,female,bumi_other,4.0
Pulau Pinang,2019-01-01,male,bumi_other,7.0
Pulau Pinang,2019-01-01,both,chinese,5325.0
Pulau Pinang,2019-01-01,female,chinese,2341.0
Pulau Pinang,2019-01-01,male,chinese,2984.0
Pulau Pinang,2019-01-01,both,indian,1440.0
Pulau Pinang,2019-01-01,female,indian,599.0
Pulau Pinang,2019-01-01,male,indian,841.0
Pulau Pinang,2019-01-01,both,other_citizen,41.0
Pulau Pinang,2019-01-01,female,other_citizen,18.0
Pulau Pinang,2019-01-01,male,other_citizen,23.0
Pulau Pinang,2019-01-01,both,other_noncitizen,130.0
Pulau Pinang,2019-01-01,female,other_noncitizen,62.0
Pulau Pinang,2019-01-01,male,other_noncitizen,68.0
Pulau Pinang,2019-01-01,both,overall,10896.0
Pulau Pinang,2019-01-01,female,overall,4787.0
Pulau Pinang,2019-01-01,male,overall,6109.0
Pulau Pinang,2020-01-01,both,bumi_malay,3781.0
Pulau Pinang,2020-01-01,female,bumi_malay,1689.0
Pulau Pinang,2020-01-01,male,bumi_malay,2092.0
Pulau Pinang,2020-01-01,both,bumi_other,15.0
Pulau Pinang,2020-01-01,female,bumi_other,5.0
Pulau Pinang,2020-01-01,male,bumi_other,10.0
Pulau Pinang,2020-01-01,both,chinese,5334.0
Pulau Pinang,2020-01-01,female,chinese,2307.0
Pulau Pinang,2020-01-01,male,chinese,3027.0
Pulau Pinang,2020-01-01,both,indian,1405.0
Pulau Pinang,2020-01-01,female,indian,585.0
Pulau Pinang,2020-01-01,male,indian,820.0
Pulau Pinang,2020-01-01,both,other_citizen,40.0
Pulau Pinang,2020-01-01,female,other_citizen,14.0
Pulau Pinang,2020-01-01,male,other_citizen,26.0
Pulau Pinang,2020-01-01,both,other_noncitizen,126.0
Pulau Pinang,2020-01-01,female,other_noncitizen,66.0
Pulau Pinang,2020-01-01,male,other_noncitizen,60.0
Pulau Pinang,2020-01-01,both,overall,10701.0
Pulau Pinang,2020-01-01,female,overall,4666.0
Pulau Pinang,2020-01-01,male,overall,6035.0
Pulau Pinang,2021-01-01,both,bumi_malay,4986.0
Pulau Pinang,2021-01-01,female,bumi_malay,2229.0
Pulau Pinang,2021-01-01,male,bumi_malay,2757.0
Pulau Pinang,2021-01-01,both,bumi_other,18.0
Pulau Pinang,2021-01-01,female,bumi_other,8.0
Pulau Pinang,2021-01-01,male,bumi_other,10.0
Pulau Pinang,2021-01-01,both,chinese,6738.0
Pulau Pinang,2021-01-01,female,chinese,3021.0
Pulau Pinang,2021-01-01,male,chinese,3717.0
Pulau Pinang,2021-01-01,both,indian,1856.0
Pulau Pinang,2021-01-01,female,indian,762.0
Pulau Pinang,2021-01-01,male,indian,1094.0
Pulau Pinang,2021-01-01,both,other_citizen,46.0
Pulau Pinang,2021-01-01,female,other_citizen,24.0
Pulau Pinang,2021-01-01,male,other_citizen,22.0
Pulau Pinang,2021-01-01,both,other_noncitizen,334.0
Pulau Pinang,2021-01-01,female,other_noncitizen,153.0
Pulau Pinang,2021-01-01,male,other_noncitizen,181.0
Pulau Pinang,2021-01-01,both,overall,13978.0
Pulau Pinang,2021-01-01,female,overall,6197.0
Pulau Pinang,2021-01-01,male,overall,7781.0
Pulau Pinang,2022-01-01,both,bumi_malay,4710.0
Pulau Pinang,2022-01-01,female,bumi_malay,2088.0
Pulau Pinang,2022-01-01,male,bumi_malay,2622.0
Pulau Pinang,2022-01-01,both,bumi_other,20.0
Pulau Pinang,2022-01-01,female,bumi_other,10.0
Pulau Pinang,2022-01-01,male,bumi_other,10.0
Pulau Pinang,2022-01-01,both,chinese,6313.0
Pulau Pinang,2022-01-01,female,chinese,2709.0
Pulau Pinang,2022-01-01,male,chinese,3604.0
Pulau Pinang,2022-01-01,both,indian,1678.0
Pulau Pinang,2022-01-01,female,indian,664.0
Pulau Pinang,2022-01-01,male,indian,1014.0
Pulau Pinang,2022-01-01,both,other_citizen,54.0
Pulau Pinang,2022-01-01,female,other_citizen,35.0
Pulau Pinang,2022-01-01,male,other_citizen,19.0
Pulau Pinang,2022-01-01,both,other_noncitizen,145.0
Pulau Pinang,2022-01-01,female,other_noncitizen,76.0
Pulau Pinang,2022-01-01,male,other_noncitizen,69.0
Pulau Pinang,2022-01-01,both,overall,12920.0
Pulau Pinang,2022-01-01,female,overall,5582.0
Pulau Pinang,2022-01-01,male,overall,7338.0
Pulau Pinang,2023-01-01,both,bumi_malay,4337.0
Pulau Pinang,2023-01-01,female,bumi_malay,1938.0
Pulau Pinang,2023-01-01,male,bumi_malay,2399.0
Pulau Pinang,2023-01-01,both,bumi_other,17.0
Pulau Pinang,2023-01-01,female,bumi_other,3.0
Pulau Pinang,2023-01-01,male,bumi_other,14.0
Pulau Pinang,2023-01-01,both,chinese,6143.0
Pulau Pinang,2023-01-01,female,chinese,2769.0
Pulau Pinang,2023-01-01,male,chinese,3374.0
Pulau Pinang,2023-01-01,both,indian,1603.0
Pulau Pinang,2023-01-01,female,indian,659.0
Pulau Pinang,2023-01-01,male,indian,944.0
Pulau Pinang,2023-01-01,both,other_citizen,
Pulau Pinang,2023-01-01,female,other_citizen,
Pulau Pinang,2023-01-01,male,other_citizen,
Pulau Pinang,2023-01-01,both,other_noncitizen,
Pulau Pinang,2023-01-01,female,other_noncitizen,
Pulau Pinang,2023-01-01,male,other_noncitizen,
Pulau Pinang,2023-01-01,both,overall,12304.0
Pulau Pinang,2023-01-01,female,overall,5453.0
Pulau Pinang,2023-01-01,male,overall,6851.0
Pulau Pinang,2024-01-01,both,bumi_malay,4608.0
Pulau Pinang,2024-01-01,female,bumi_malay,2044.0
Pulau Pinang,2024-01-01,male,bumi_malay,2564.0
Pulau Pinang,2024-01-01,both,bumi_other,18.0
Pulau Pinang,2024-01-01,female,bumi_other,6.0
Pulau Pinang,2024-01-01,male,bumi_other,12.0
Pulau Pinang,2024-01-01,both,chinese,6263.0
Pulau Pinang,2024-01-01,female,chinese,2747.0
Pulau Pinang,2024-01-01,male,chinese,3516.0
Pulau Pinang,2024-01-01,both,indian,1626.0
Pulau Pinang,2024-01-01,female,indian,704.0
Pulau Pinang,2024-01-01,male,indian,922.0
Pulau Pinang,2024-01-01,both,other_citizen,
Pulau Pinang,2024-01-01,female,other_citizen,
Pulau Pinang,2024-01-01,male,other_citizen,
Pulau Pinang,2024-01-01,both,other_noncitizen,
Pulau Pinang,2024-01-01,female,other_noncitizen,
Pulau Pinang,2024-01-01,male,other_noncitizen,
Pulau Pinang,2024-01-01,both,overall,12728.0
Pulau Pinang,2024-01-01,female,overall,5616.0
Pulau Pinang,2024-01-01,male,overall,7112.0
Sabah,2000-01-01,both,bumi_malay,771.0
Sabah,2000-01-01,female,bumi_malay,285.0
Sabah,2000-01-01,male,bumi_malay,486.0
Sabah,2000-01-01,both,bumi_other,3000.0
Sabah,2000-01-01,female,bumi_other,1169.0
Sabah,2000-01-01,male,bumi_other,1831.0
Sabah,2000-01-01,both,chinese,980.0
Sabah,2000-01-01,female,chinese,379.0
Sabah,2000-01-01,male,chinese,601.0
Sabah,2000-01-01,both,indian,15.0
Sabah,2000-01-01,female,indian,4.0
Sabah,2000-01-01,male,indian,11.0
Sabah,2000-01-01,both,other_citizen,263.0
Sabah,2000-01-01,female,other_citizen,119.0
Sabah,2000-01-01,male,other_citizen,144.0
Sabah,2000-01-01,both,other_noncitizen,174.0
Sabah,2000-01-01,female,other_noncitizen,43.0
Sabah,2000-01-01,male,other_noncitizen,131.0
Sabah,2000-01-01,both,overall,5203.0
Sabah,2000-01-01,female,overall,1999.0
Sabah,2000-01-01,male,overall,3204.0
Sabah,2001-01-01,both,bumi_malay,968.0
Sabah,2001-01-01,female,bumi_malay,357.0
Sabah,2001-01-01,male,bumi_malay,611.0
Sabah,2001-01-01,both,bumi_other,2970.0
Sabah,2001-01-01,female,bumi_other,1221.0
Sabah,2001-01-01,male,bumi_other,1749.0
Sabah,2001-01-01,both,chinese,1096.0
Sabah,2001-01-01,female,chinese,424.0
Sabah,2001-01-01,male,chinese,672.0
Sabah,2001-01-01,both,indian,18.0
Sabah,2001-01-01,female,indian,5.0
Sabah,2001-01-01,male,indian,13.0
Sabah,2001-01-01,both,other_citizen,200.0
Sabah,2001-01-01,female,other_citizen,71.0
Sabah,2001-01-01,male,other_citizen,129.0
Sabah,2001-01-01,both,other_noncitizen,185.0
Sabah,2001-01-01,female,other_noncitizen,50.0
Sabah,2001-01-01,male,other_noncitizen,135.0
Sabah,2001-01-01,both,overall,5437.0
Sabah,2001-01-01,female,overall,2128.0
Sabah,2001-01-01,male,overall,3309.0
Sabah,2002-01-01,both,bumi_malay,1156.0
Sabah,2002-01-01,female,bumi_malay,401.0
Sabah,2002-01-01,male,bumi_malay,755.0
Sabah,2002-01-01,both,bumi_other,3207.0
Sabah,2002-01-01,female,bumi_other,1353.0
Sabah,2002-01-01,male,bumi_other,1854.0
Sabah,2002-01-01,both,chinese,1065.0
Sabah,2002-01-01,female,chinese,423.0
Sabah,2002-01-01,male,chinese,642.0
Sabah,2002-01-01,both,indian,21.0
Sabah,2002-01-01,female,indian,5.0
Sabah,2002-01-01,male,indian,16.0
Sabah,2002-01-01,both,other_citizen,197.0
Sabah,2002-01-01,female,other_citizen,75.0
Sabah,2002-01-01,male,other_citizen,122.0
Sabah,2002-01-01,both,other_noncitizen,218.0
Sabah,2002-01-01,female,other_noncitizen,58.0
Sabah,2002-01-01,male,other_noncitizen,160.0
Sabah,2002-01-01,both,overall,5864.0
Sabah,2002-01-01,female,overall,2315.0
Sabah,2002-01-01,male,overall,3549.0
Sabah,2003-01-01,both,bumi_malay,1101.0
Sabah,2003-01-01,female,bumi_malay,424.0
Sabah,2003-01-01,male,bumi_malay,677.0
Sabah,2003-01-01,both,bumi_other,3382.0
Sabah,2003-01-01,female,bumi_other,1446.0
Sabah,2003-01-01,male,bumi_other,1936.0
Sabah,2003-01-01,both,chinese,1162.0
Sabah,2003-01-01,female,chinese,486.0
Sabah,2003-01-01,male,chinese,676.0
Sabah,2003-01-01,both,indian,21.0
Sabah,2003-01-01,female,indian,4.0
Sabah,2003-01-01,male,indian,17.0
Sabah,2003-01-01,both,other_citizen,168.0
Sabah,2003-01-01,female,other_citizen,55.0
Sabah,2003-01-01,male,other_citizen,113.0
Sabah,2003-01-01,both,other_noncitizen,227.0
Sabah,2003-01-01,female,other_noncitizen,59.0
Sabah,2003-01-01,male,other_noncitizen,168.0
Sabah,2003-01-01,both,overall,6061.0
Sabah,2003-01-01,female,overall,2474.0
Sabah,2003-01-01,male,overall,3587.0
Sabah,2004-01-01,both,bumi_malay,1169.0
Sabah,2004-01-01,female,bumi_malay,488.0
Sabah,2004-01-01,male,bumi_malay,681.0
Sabah,2004-01-01,both,bumi_other,3524.0
Sabah,2004-01-01,female,bumi_other,1443.0
Sabah,2004-01-01,male,bumi_other,2081.0
Sabah,2004-01-01,both,chinese,1168.0
Sabah,2004-01-01,female,chinese,472.0
Sabah,2004-01-01,male,chinese,696.0
Sabah,2004-01-01,both,indian,20.0
Sabah,2004-01-01,female,indian,4.0
Sabah,2004-01-01,male,indian,16.0
Sabah,2004-01-01,both,other_citizen,200.0
Sabah,2004-01-01,female,other_citizen,77.0
Sabah,2004-01-01,male,other_citizen,123.0
Sabah,2004-01-01,both,other_noncitizen,247.0
Sabah,2004-01-01,female,other_noncitizen,80.0
Sabah,2004-01-01,male,other_noncitizen,167.0
Sabah,2004-01-01,both,overall,6328.0
Sabah,2004-01-01,female,overall,2564.0
Sabah,2004-01-01,male,overall,3764.0
Sabah,2005-01-01,both,bumi_malay,926.0
Sabah,2005-01-01,female,bumi_malay,357.0
Sabah,2005-01-01,male,bumi_malay,569.0
Sabah,2005-01-01,both,bumi_other,3979.0
Sabah,2005-01-01,female,bumi_other,1620.0
Sabah,2005-01-01,male,bumi_other,2359.0
Sabah,2005-01-01,both,chinese,1143.0
Sabah,2005-01-01,female,chinese,485.0
Sabah,2005-01-01,male,chinese,658.0
Sabah,2005-01-01,both,indian,24.0
Sabah,2005-01-01,female,indian,11.0
Sabah,2005-01-01,male,indian,13.0
Sabah,2005-01-01,both,other_citizen,233.0
Sabah,2005-01-01,female,other_citizen,73.0
Sabah,2005-01-01,male,other_citizen,160.0
Sabah,2005-01-01,both,other_noncitizen,258.0
Sabah,2005-01-01,female,other_noncitizen,74.0
Sabah,2005-01-01,male,other_noncitizen,184.0
Sabah,2005-01-01,both,overall,6563.0
Sabah,2005-01-01,female,overall,2620.0
Sabah,2005-01-01,male,overall,3943.0
Sabah,2006-01-01,both,bumi_malay,903.0
Sabah,2006-01-01,female,bumi_malay,329.0
Sabah,2006-01-01,male,bumi_malay,574.0
Sabah,2006-01-01,both,bumi_other,4142.0
Sabah,2006-01-01,female,bumi_other,1750.0
Sabah,2006-01-01,male,bumi_other,2392.0
Sabah,2006-01-01,both,chinese,1137.0
Sabah,2006-01-01,female,chinese,434.0
Sabah,2006-01-01,male,chinese,703.0
Sabah,2006-01-01,both,indian,19.0
Sabah,2006-01-01,female,indian,5.0
Sabah,2006-01-01,male,indian,14.0
Sabah,2006-01-01,both,other_citizen,215.0
Sabah,2006-01-01,female,other_citizen,84.0
Sabah,2006-01-01,male,other_citizen,131.0
Sabah,2006-01-01,both,other_noncitizen,286.0
Sabah,2006-01-01,female,other_noncitizen,95.0
Sabah,2006-01-01,male,other_noncitizen,191.0
Sabah,2006-01-01,both,overall,6702.0
Sabah,2006-01-01,female,overall,2697.0
Sabah,2006-01-01,male,overall,4005.0
Sabah,2007-01-01,both,bumi_malay,884.0
Sabah,2007-01-01,female,bumi_malay,344.0
Sabah,2007-01-01,male,bumi_malay,540.0
Sabah,2007-01-01,both,bumi_other,4398.0
Sabah,2007-01-01,female,bumi_other,1832.0
Sabah,2007-01-01,male,bumi_other,2566.0
Sabah,2007-01-01,both,chinese,1157.0
Sabah,2007-01-01,female,chinese,464.0
Sabah,2007-01-01,male,chinese,693.0
Sabah,2007-01-01,both,indian,26.0
Sabah,2007-01-01,female,indian,6.0
Sabah,2007-01-01,male,indian,20.0
Sabah,2007-01-01,both,other_citizen,204.0
Sabah,2007-01-01,female,other_citizen,80.0
Sabah,2007-01-01,male,other_citizen,124.0
Sabah,2007-01-01,both,other_noncitizen,310.0
Sabah,2007-01-01,female,other_noncitizen,111.0
Sabah,2007-01-01,male,other_noncitizen,199.0
Sabah,2007-01-01,both,overall,6979.0
Sabah,2007-01-01,female,overall,2837.0
Sabah,2007-01-01,male,overall,4142.0
Sabah,2008-01-01,both,bumi_malay,998.0
Sabah,2008-01-01,female,bumi_malay,362.0
Sabah,2008-01-01,male,bumi_malay,636.0
Sabah,2008-01-01,both,bumi_other,4501.0
Sabah,2008-01-01,female,bumi_other,1855.0
Sabah,2008-01-01,male,bumi_other,2646.0
Sabah,2008-01-01,both,chinese,1274.0
Sabah,2008-01-01,female,chinese,511.0
Sabah,2008-01-01,male,chinese,763.0
Sabah,2008-01-01,both,indian,24.0
Sabah,2008-01-01,female,indian,6.0
Sabah,2008-01-01,male,indian,18.0
Sabah,2008-01-01,both,other_citizen,258.0
Sabah,2008-01-01,female,other_citizen,86.0
Sabah,2008-01-01,male,other_citizen,172.0
Sabah,2008-01-01,both,other_noncitizen,339.0
Sabah,2008-01-01,female,other_noncitizen,128.0
Sabah,2008-01-01,male,other_noncitizen,211.0
Sabah,2008-01-01,both,overall,7394.0
Sabah,2008-01-01,female,overall,2948.0
Sabah,2008-01-01,male,overall,4446.0
Sabah,2009-01-01,both,bumi_malay,1077.0
Sabah,2009-01-01,female,bumi_malay,368.0
Sabah,2009-01-01,male,bumi_malay,709.0
Sabah,2009-01-01,both,bumi_other,4658.0
Sabah,2009-01-01,female,bumi_other,1924.0
Sabah,2009-01-01,male,bumi_other,2734.0
Sabah,2009-01-01,both,chinese,1223.0
Sabah,2009-01-01,female,chinese,512.0
Sabah,2009-01-01,male,chinese,711.0
Sabah,2009-01-01,both,indian,24.0
Sabah,2009-01-01,female,indian,5.0
Sabah,2009-01-01,male,indian,19.0
Sabah,2009-01-01,both,other_citizen,249.0
Sabah,2009-01-01,female,other_citizen,80.0
Sabah,2009-01-01,male,other_citizen,169.0
Sabah,2009-01-01,both,other_noncitizen,334.0
Sabah,2009-01-01,female,other_noncitizen,120.0
Sabah,2009-01-01,male,other_noncitizen,214.0
Sabah,2009-01-01,both,overall,7565.0
Sabah,2009-01-01,female,overall,3009.0
Sabah,2009-01-01,male,overall,4556.0
Sabah,2010-01-01,both,bumi_malay,1024.0
Sabah,2010-01-01,female,bumi_malay,385.0
Sabah,2010-01-01,male,bumi_malay,639.0
Sabah,2010-01-01,both,bumi_other,4752.0
Sabah,2010-01-01,female,bumi_other,1936.0
Sabah,2010-01-01,male,bumi_other,2816.0
Sabah,2010-01-01,both,chinese,1344.0
Sabah,2010-01-01,female,chinese,542.0
Sabah,2010-01-01,male,chinese,802.0
Sabah,2010-01-01,both,indian,20.0
Sabah,2010-01-01,female,indian,7.0
Sabah,2010-01-01,male,indian,13.0
Sabah,2010-01-01,both,other_citizen,205.0
Sabah,2010-01-01,female,other_citizen,76.0
Sabah,2010-01-01,male,other_citizen,129.0
Sabah,2010-01-01,both,other_noncitizen,277.0
Sabah,2010-01-01,female,other_noncitizen,102.0
Sabah,2010-01-01,male,other_noncitizen,175.0
Sabah,2010-01-01,both,overall,7622.0
Sabah,2010-01-01,female,overall,3048.0
Sabah,2010-01-01,male,overall,4574.0
Sabah,2011-01-01,both,bumi_malay,1114.0
Sabah,2011-01-01,female,bumi_malay,421.0
Sabah,2011-01-01,male,bumi_malay,693.0
Sabah,2011-01-01,both,bumi_other,5050.0
Sabah,2011-01-01,female,bumi_other,2111.0
Sabah,2011-01-01,male,bumi_other,2939.0
Sabah,2011-01-01,both,chinese,1335.0
Sabah,2011-01-01,female,chinese,527.0
Sabah,2011-01-01,male,chinese,808.0
Sabah,2011-01-01,both,indian,28.0
Sabah,2011-01-01,female,indian,4.0
Sabah,2011-01-01,male,indian,24.0
Sabah,2011-01-01,both,other_citizen,216.0
Sabah,2011-01-01,female,other_citizen,62.0
Sabah,2011-01-01,male,other_citizen,154.0
Sabah,2011-01-01,both,other_noncitizen,352.0
Sabah,2011-01-01,female,other_noncitizen,121.0
Sabah,2011-01-01,male,other_noncitizen,231.0
Sabah,2011-01-01,both,overall,8095.0
Sabah,2011-01-01,female,overall,3246.0
Sabah,2011-01-01,male,overall,4849.0
Sabah,2012-01-01,both,bumi_malay,1044.0
Sabah,2012-01-01,female,bumi_malay,360.0
Sabah,2012-01-01,male,bumi_malay,684.0
Sabah,2012-01-01,both,bumi_other,5121.0
Sabah,2012-01-01,female,bumi_other,2186.0
Sabah,2012-01-01,male,bumi_other,2935.0
Sabah,2012-01-01,both,chinese,1307.0
Sabah,2012-01-01,female,chinese,540.0
Sabah,2012-01-01,male,chinese,767.0
Sabah,2012-01-01,both,indian,18.0
Sabah,2012-01-01,female,indian,3.0
Sabah,2012-01-01,male,indian,15.0
Sabah,2012-01-01,both,other_citizen,216.0
Sabah,2012-01-01,female,other_citizen,75.0
Sabah,2012-01-01,male,other_citizen,141.0
Sabah,2012-01-01,both,other_noncitizen,360.0
Sabah,2012-01-01,female,other_noncitizen,123.0
Sabah,2012-01-01,male,other_noncitizen,237.0
Sabah,2012-01-01,both,overall,8066.0
Sabah,2012-01-01,female,overall,3287.0
Sabah,2012-01-01,male,overall,4779.0
Sabah,2013-01-01,both,bumi_malay,1154.0
Sabah,2013-01-01,female,bumi_malay,430.0
Sabah,2013-01-01,male,bumi_malay,724.0
Sabah,2013-01-01,both,bumi_other,5194.0
Sabah,2013-01-01,female,bumi_other,2261.0
Sabah,2013-01-01,male,bumi_other,2933.0
Sabah,2013-01-01,both,chinese,1310.0
Sabah,2013-01-01,female,chinese,522.0
Sabah,2013-01-01,male,chinese,788.0
Sabah,2013-01-01,both,indian,37.0
Sabah,2013-01-01,female,indian,12.0
Sabah,2013-01-01,male,indian,25.0
Sabah,2013-01-01,both,other_citizen,202.0
Sabah,2013-01-01,female,other_citizen,69.0
Sabah,2013-01-01,male,other_citizen,133.0
Sabah,2013-01-01,both,other_noncitizen,356.0
Sabah,2013-01-01,female,other_noncitizen,123.0
Sabah,2013-01-01,male,other_noncitizen,233.0
Sabah,2013-01-01,both,overall,8253.0
Sabah,2013-01-01,female,overall,3417.0
Sabah,2013-01-01,male,overall,4836.0
Sabah,2014-01-01,both,bumi_malay,1236.0
Sabah,2014-01-01,female,bumi_malay,472.0
Sabah,2014-01-01,male,bumi_malay,764.0
Sabah,2014-01-01,both,bumi_other,7214.0
Sabah,2014-01-01,female,bumi_other,3062.0
Sabah,2014-01-01,male,bumi_other,4152.0
Sabah,2014-01-01,both,chinese,1692.0
Sabah,2014-01-01,female,chinese,655.0
Sabah,2014-01-01,male,chinese,1037.0
Sabah,2014-01-01,both,indian,61.0
Sabah,2014-01-01,female,indian,33.0
Sabah,2014-01-01,male,indian,28.0
Sabah,2014-01-01,both,other_citizen,299.0
Sabah,2014-01-01,female,other_citizen,105.0
Sabah,2014-01-01,male,other_citizen,194.0
Sabah,2014-01-01,both,other_noncitizen,1686.0
Sabah,2014-01-01,female,other_noncitizen,686.0
Sabah,2014-01-01,male,other_noncitizen,1000.0
Sabah,2014-01-01,both,overall,12188.0
Sabah,2014-01-01,female,overall,5013.0
Sabah,2014-01-01,male,overall,7175.0
Sabah,2015-01-01,both,bumi_malay,1269.0
Sabah,2015-01-01,female,bumi_malay,485.0
Sabah,2015-01-01,male,bumi_malay,784.0
Sabah,2015-01-01,both,bumi_other,7406.0
Sabah,2015-01-01,female,bumi_other,3143.0
Sabah,2015-01-01,male,bumi_other,4263.0
Sabah,2015-01-01,both,chinese,1737.0
Sabah,2015-01-01,female,chinese,673.0
Sabah,2015-01-01,male,chinese,1064.0
Sabah,2015-01-01,both,indian,63.0
Sabah,2015-01-01,female,indian,34.0
Sabah,2015-01-01,male,indian,29.0
Sabah,2015-01-01,both,other_citizen,254.0
Sabah,2015-01-01,female,other_citizen,91.0
Sabah,2015-01-01,male,other_citizen,163.0
Sabah,2015-01-01,both,other_noncitizen,1782.0
Sabah,2015-01-01,female,other_noncitizen,720.0
Sabah,2015-01-01,male,other_noncitizen,1062.0
Sabah,2015-01-01,both,overall,12511.0
Sabah,2015-01-01,female,overall,5146.0
Sabah,2015-01-01,male,overall,7365.0
Sabah,2016-01-01,both,bumi_malay,1749.0
Sabah,2016-01-01,female,bumi_malay,636.0
Sabah,2016-01-01,male,bumi_malay,1113.0
Sabah,2016-01-01,both,bumi_other,8149.0
Sabah,2016-01-01,female,bumi_other,3431.0
Sabah,2016-01-01,male,bumi_other,4718.0
Sabah,2016-01-01,both,chinese,1901.0
Sabah,2016-01-01,female,chinese,786.0
Sabah,2016-01-01,male,chinese,1115.0
Sabah,2016-01-01,both,indian,44.0
Sabah,2016-01-01,female,indian,4.0
Sabah,2016-01-01,male,indian,40.0
Sabah,2016-01-01,both,other_citizen,355.0
Sabah,2016-01-01,female,other_citizen,140.0
Sabah,2016-01-01,male,other_citizen,215.0
Sabah,2016-01-01,both,other_noncitizen,636.0
Sabah,2016-01-01,female,other_noncitizen,282.0
Sabah,2016-01-01,male,other_noncitizen,354.0
Sabah,2016-01-01,both,overall,12834.0
Sabah,2016-01-01,female,overall,5279.0
Sabah,2016-01-01,male,overall,7555.0
Sabah,2017-01-01,both,bumi_malay,1830.0
Sabah,2017-01-01,female,bumi_malay,658.0
Sabah,2017-01-01,male,bumi_malay,1172.0
Sabah,2017-01-01,both,bumi_other,8686.0
Sabah,2017-01-01,female,bumi_other,3659.0
Sabah,2017-01-01,male,bumi_other,5027.0
Sabah,2017-01-01,both,chinese,1963.0
Sabah,2017-01-01,female,chinese,815.0
Sabah,2017-01-01,male,chinese,1148.0
Sabah,2017-01-01,both,indian,48.0
Sabah,2017-01-01,female,indian,18.0
Sabah,2017-01-01,male,indian,30.0
Sabah,2017-01-01,both,other_citizen,336.0
Sabah,2017-01-01,female,other_citizen,161.0
Sabah,2017-01-01,male,other_citizen,175.0
Sabah,2017-01-01,both,other_noncitizen,856.0
Sabah,2017-01-01,female,other_noncitizen,479.0
Sabah,2017-01-01,male,other_noncitizen,377.0
Sabah,2017-01-01,both,overall,13719.0
Sabah,2017-01-01,female,overall,5790.0
Sabah,2017-01-01,male,overall,7929.0
Sabah,2018-01-01,both,bumi_malay,1972.0
Sabah,2018-01-01,female,bumi_malay,704.0
Sabah,2018-01-01,male,bumi_malay,1268.0
Sabah,2018-01-01,both,bumi_other,8759.0
Sabah,2018-01-01,female,bumi_other,3763.0
Sabah,2018-01-01,male,bumi_other,4996.0
Sabah,2018-01-01,both,chinese,2142.0
Sabah,2018-01-01,female,chinese,908.0
Sabah,2018-01-01,male,chinese,1234.0
Sabah,2018-01-01,both,indian,46.0
Sabah,2018-01-01,female,indian,14.0
Sabah,2018-01-01,male,indian,32.0
Sabah,2018-01-01,both,other_citizen,387.0
Sabah,2018-01-01,female,other_citizen,134.0
Sabah,2018-01-01,male,other_citizen,253.0
Sabah,2018-01-01,both,other_noncitizen,634.0
Sabah,2018-01-01,female,other_noncitizen,247.0
Sabah,2018-01-01,male,other_noncitizen,387.0
Sabah,2018-01-01,both,overall,13940.0
Sabah,2018-01-01,female,overall,5770.0
Sabah,2018-01-01,male,overall,8170.0
Sabah,2019-01-01,both,bumi_malay,2086.0
Sabah,2019-01-01,female,bumi_malay,776.0
Sabah,2019-01-01,male,bumi_malay,1310.0
Sabah,2019-01-01,both,bumi_other,9216.0
Sabah,2019-01-01,female,bumi_other,4029.0
Sabah,2019-01-01,male,bumi_other,5187.0
Sabah,2019-01-01,both,chinese,2239.0
Sabah,2019-01-01,female,chinese,904.0
Sabah,2019-01-01,male,chinese,1335.0
Sabah,2019-01-01,both,indian,51.0
Sabah,2019-01-01,female,indian,13.0
Sabah,2019-01-01,male,indian,38.0
Sabah,2019-01-01,both,other_citizen,580.0
Sabah,2019-01-01,female,other_citizen,216.0
Sabah,2019-01-01,male,other_citizen,364.0
Sabah,2019-01-01,both,other_noncitizen,541.0
Sabah,2019-01-01,female,other_noncitizen,215.0
Sabah,2019-01-01,male,other_noncitizen,326.0
Sabah,2019-01-01,both,overall,14713.0
Sabah,2019-01-01,female,overall,6153.0
Sabah,2019-01-01,male,overall,8560.0
Sabah,2020-01-01,both,bumi_malay,1980.0
Sabah,2020-01-01,female,bumi_malay,751.0
Sabah,2020-01-01,male,bumi_malay,1229.0
Sabah,2020-01-01,both,bumi_other,9536.0
Sabah,2020-01-01,female,bumi_other,4024.0
Sabah,2020-01-01,male,bumi_other,5512.0
Sabah,2020-01-01,both,chinese,2290.0
Sabah,2020-01-01,female,chinese,892.0
Sabah,2020-01-01,male,chinese,1398.0
Sabah,2020-01-01,both,indian,39.0
Sabah,2020-01-01,female,indian,9.0
Sabah,2020-01-01,male,indian,30.0
Sabah,2020-01-01,both,other_citizen,452.0
Sabah,2020-01-01,female,other_citizen,170.0
Sabah,2020-01-01,male,other_citizen,282.0
Sabah,2020-01-01,both,other_noncitizen,571.0
Sabah,2020-01-01,female,other_noncitizen,204.0
Sabah,2020-01-01,male,other_noncitizen,367.0
Sabah,2020-01-01,both,overall,14868.0
Sabah,2020-01-01,female,overall,6050.0
Sabah,2020-01-01,male,overall,8818.0
Sabah,2021-01-01,both,bumi_malay,2618.0
Sabah,2021-01-01,female,bumi_malay,1050.0
Sabah,2021-01-01,male,bumi_malay,1568.0
Sabah,2021-01-01,both,bumi_other,11771.0
Sabah,2021-01-01,female,bumi_other,5152.0
Sabah,2021-01-01,male,bumi_other,6619.0
Sabah,2021-01-01,both,chinese,2712.0
Sabah,2021-01-01,female,chinese,1055.0
Sabah,2021-01-01,male,chinese,1657.0
Sabah,2021-01-01,both,indian,47.0
Sabah,2021-01-01,female,indian,15.0
Sabah,2021-01-01,male,indian,32.0
Sabah,2021-01-01,both,other_citizen,507.0
Sabah,2021-01-01,female,other_citizen,234.0
Sabah,2021-01-01,male,other_citizen,273.0
Sabah,2021-01-01,both,other_noncitizen,1218.0
Sabah,2021-01-01,female,other_noncitizen,576.0
Sabah,2021-01-01,male,other_noncitizen,642.0
Sabah,2021-01-01,both,overall,18873.0
Sabah,2021-01-01,female,overall,8082.0
Sabah,2021-01-01,male,overall,10791.0
Sabah,2022-01-01,both,bumi_malay,2381.0
Sabah,2022-01-01,female,bumi_malay,913.0
Sabah,2022-01-01,male,bumi_malay,1468.0
Sabah,2022-01-01,both,bumi_other,11039.0
Sabah,2022-01-01,female,bumi_other,4734.0
Sabah,2022-01-01,male,bumi_other,6305.0
Sabah,2022-01-01,both,chinese,2665.0
Sabah,2022-01-01,female,chinese,1093.0
Sabah,2022-01-01,male,chinese,1572.0
Sabah,2022-01-01,both,indian,49.0
Sabah,2022-01-01,female,indian,19.0
Sabah,2022-01-01,male,indian,30.0
Sabah,2022-01-01,both,other_citizen,552.0
Sabah,2022-01-01,female,other_citizen,249.0
Sabah,2022-01-01,male,other_citizen,303.0
Sabah,2022-01-01,both,other_noncitizen,709.0
Sabah,2022-01-01,female,other_noncitizen,303.0
Sabah,2022-01-01,male,other_noncitizen,406.0
Sabah,2022-01-01,both,overall,17395.0
Sabah,2022-01-01,female,overall,7311.0
Sabah,2022-01-01,male,overall,10084.0
Sabah,2023-01-01,both,bumi_malay,2328.0
Sabah,2023-01-01,female,bumi_malay,916.0
Sabah,2023-01-01,male,bumi_malay,1412.0
Sabah,2023-01-01,both,bumi_other,10564.0
Sabah,2023-01-01,female,bumi_other,4492.0
Sabah,2023-01-01,male,bumi_other,6072.0
Sabah,2023-01-01,both,chinese,2458.0
Sabah,2023-01-01,female,chinese,998.0
Sabah,2023-01-01,male,chinese,1460.0
Sabah,2023-01-01,both,indian,48.0
Sabah,2023-01-01,female,indian,9.0
Sabah,2023-01-01,male,indian,39.0
Sabah,2023-01-01,both,other_citizen,
Sabah,2023-01-01,female,other_citizen,
Sabah,2023-01-01,male,other_citizen,
Sabah,2023-01-01,both,other_noncitizen,
Sabah,2023-01-01,female,other_noncitizen,
Sabah,2023-01-01,male,other_noncitizen,
Sabah,2023-01-01,both,overall,16610.0
Sabah,2023-01-01,female,overall,6930.0
Sabah,2023-01-01,male,overall,9680.0
Sabah,2024-01-01,both,bumi_malay,2318.0
Sabah,2024-01-01,female,bumi_malay,879.0
Sabah,2024-01-01,male,bumi_malay,1439.0
Sabah,2024-01-01,both,bumi_other,10328.0
Sabah,2024-01-01,female,bumi_other,4384.0
Sabah,2024-01-01,male,bumi_other,5944.0
Sabah,2024-01-01,both,chinese,2499.0
Sabah,2024-01-01,female,chinese,996.0
Sabah,2024-01-01,male,chinese,1503.0
Sabah,2024-01-01,both,indian,60.0
Sabah,2024-01-01,female,indian,10.0
Sabah,2024-01-01,male,indian,50.0
Sabah,2024-01-01,both,other_citizen,
Sabah,2024-01-01,female,other_citizen,
Sabah,2024-01-01,male,other_citizen,
Sabah,2024-01-01,both,other_noncitizen,
Sabah,2024-01-01,female,other_noncitizen,
Sabah,2024-01-01,male,other_noncitizen,
Sabah,2024-01-01,both,overall,16472.0
Sabah,2024-01-01,female,overall,6800.0
Sabah,2024-01-01,male,overall,9672.0
Sarawak,2000-01-01,both,bumi_malay,1742.0
Sarawak,2000-01-01,female,bumi_malay,799.0
Sarawak,2000-01-01,male,bumi_malay,943.0
Sarawak,2000-01-01,both,bumi_other,4262.0
Sarawak,2000-01-01,female,bumi_other,1750.0
Sarawak,2000-01-01,male,bumi_other,2512.0
Sarawak,2000-01-01,both,chinese,2186.0
Sarawak,2000-01-01,female,chinese,898.0
Sarawak,2000-01-01,male,chinese,1288.0
Sarawak,2000-01-01,both,indian,22.0
Sarawak,2000-01-01,female,indian,5.0
Sarawak,2000-01-01,male,indian,17.0
Sarawak,2000-01-01,both,other_citizen,247.0
Sarawak,2000-01-01,female,other_citizen,143.0
Sarawak,2000-01-01,male,other_citizen,104.0
Sarawak,2000-01-01,both,other_noncitizen,54.0
Sarawak,2000-01-01,female,other_noncitizen,24.0
Sarawak,2000-01-01,male,other_noncitizen,30.0
Sarawak,2000-01-01,both,overall,8513.0
Sarawak,2000-01-01,female,overall,3619.0
Sarawak,2000-01-01,male,overall,4894.0
Sarawak,2001-01-01,both,bumi_malay,1768.0
Sarawak,2001-01-01,female,bumi_malay,779.0
Sarawak,2001-01-01,male,bumi_malay,989.0
Sarawak,2001-01-01,both,bumi_other,4730.0
Sarawak,2001-01-01,female,bumi_other,1972.0
Sarawak,2001-01-01,male,bumi_other,2758.0
Sarawak,2001-01-01,both,chinese,2212.0
Sarawak,2001-01-01,female,chinese,947.0
Sarawak,2001-01-01,male,chinese,1265.0
Sarawak,2001-01-01,both,indian,14.0
Sarawak,2001-01-01,female,indian,5.0
Sarawak,2001-01-01,male,indian,9.0
Sarawak,2001-01-01,both,other_citizen,123.0
Sarawak,2001-01-01,female,other_citizen,53.0
Sarawak,2001-01-01,male,other_citizen,70.0
Sarawak,2001-01-01,both,other_noncitizen,46.0
Sarawak,2001-01-01,female,other_noncitizen,22.0
Sarawak,2001-01-01,male,other_noncitizen,24.0
Sarawak,2001-01-01,both,overall,8893.0
Sarawak,2001-01-01,female,overall,3778.0
Sarawak,2001-01-01,male,overall,5115.0
Sarawak,2002-01-01,both,bumi_malay,1846.0
Sarawak,2002-01-01,female,bumi_malay,810.0
Sarawak,2002-01-01,male,bumi_malay,1036.0
Sarawak,2002-01-01,both,bumi_other,4519.0
Sarawak,2002-01-01,female,bumi_other,1897.0
Sarawak,2002-01-01,male,bumi_other,2622.0
Sarawak,2002-01-01,both,chinese,2255.0
Sarawak,2002-01-01,female,chinese,944.0
Sarawak,2002-01-01,male,chinese,1311.0
Sarawak,2002-01-01,both,indian,23.0
Sarawak,2002-01-01,female,indian,12.0
Sarawak,2002-01-01,male,indian,11.0
Sarawak,2002-01-01,both,other_citizen,124.0
Sarawak,2002-01-01,female,other_citizen,59.0
Sarawak,2002-01-01,male,other_citizen,65.0
Sarawak,2002-01-01,both,other_noncitizen,51.0
Sarawak,2002-01-01,female,other_noncitizen,18.0
Sarawak,2002-01-01,male,other_noncitizen,33.0
Sarawak,2002-01-01,both,overall,8818.0
Sarawak,2002-01-01,female,overall,3740.0
Sarawak,2002-01-01,male,overall,5078.0
Sarawak,2003-01-01,both,bumi_malay,1909.0
Sarawak,2003-01-01,female,bumi_malay,809.0
Sarawak,2003-01-01,male,bumi_malay,1100.0
Sarawak,2003-01-01,both,bumi_other,4784.0
Sarawak,2003-01-01,female,bumi_other,2011.0
Sarawak,2003-01-01,male,bumi_other,2773.0
Sarawak,2003-01-01,both,chinese,2334.0
Sarawak,2003-01-01,female,chinese,1007.0
Sarawak,2003-01-01,male,chinese,1327.0
Sarawak,2003-01-01,both,indian,28.0
Sarawak,2003-01-01,female,indian,7.0
Sarawak,2003-01-01,male,indian,21.0
Sarawak,2003-01-01,both,other_citizen,169.0
Sarawak,2003-01-01,female,other_citizen,91.0
Sarawak,2003-01-01,male,other_citizen,78.0
Sarawak,2003-01-01,both,other_noncitizen,63.0
Sarawak,2003-01-01,female,other_noncitizen,31.0
Sarawak,2003-01-01,male,other_noncitizen,32.0
Sarawak,2003-01-01,both,overall,9287.0
Sarawak,2003-01-01,female,overall,3956.0
Sarawak,2003-01-01,male,overall,5331.0
Sarawak,2004-01-01,both,bumi_malay,2004.0
Sarawak,2004-01-01,female,bumi_malay,877.0
Sarawak,2004-01-01,male,bumi_malay,1127.0
Sarawak,2004-01-01,both,bumi_other,4872.0
Sarawak,2004-01-01,female,bumi_other,2007.0
Sarawak,2004-01-01,male,bumi_other,2865.0
Sarawak,2004-01-01,both,chinese,2431.0
Sarawak,2004-01-01,female,chinese,995.0
Sarawak,2004-01-01,male,chinese,1436.0
Sarawak,2004-01-01,both,indian,26.0
Sarawak,2004-01-01,female,indian,6.0
Sarawak,2004-01-01,male,indian,20.0
Sarawak,2004-01-01,both,other_citizen,103.0
Sarawak,2004-01-01,female,other_citizen,59.0
Sarawak,2004-01-01,male,other_citizen,44.0
Sarawak,2004-01-01,both,other_noncitizen,70.0
Sarawak,2004-01-01,female,other_noncitizen,35.0
Sarawak,2004-01-01,male,other_noncitizen,35.0
Sarawak,2004-01-01,both,overall,9506.0
Sarawak,2004-01-01,female,overall,3979.0
Sarawak,2004-01-01,male,overall,5527.0
Sarawak,2005-01-01,both,bumi_malay,1828.0
Sarawak,2005-01-01,female,bumi_malay,793.0
Sarawak,2005-01-01,male,bumi_malay,1035.0
Sarawak,2005-01-01,both,bumi_other,5106.0
Sarawak,2005-01-01,female,bumi_other,2182.0
Sarawak,2005-01-01,male,bumi_other,2924.0
Sarawak,2005-01-01,both,chinese,2447.0
Sarawak,2005-01-01,female,chinese,1027.0
Sarawak,2005-01-01,male,chinese,1420.0
Sarawak,2005-01-01,both,indian,21.0
Sarawak,2005-01-01,female,indian,9.0
Sarawak,2005-01-01,male,indian,12.0
Sarawak,2005-01-01,both,other_citizen,89.0
Sarawak,2005-01-01,female,other_citizen,49.0
Sarawak,2005-01-01,male,other_citizen,40.0
Sarawak,2005-01-01,both,other_noncitizen,62.0
Sarawak,2005-01-01,female,other_noncitizen,27.0
Sarawak,2005-01-01,male,other_noncitizen,35.0
Sarawak,2005-01-01,both,overall,9553.0
Sarawak,2005-01-01,female,overall,4087.0
Sarawak,2005-01-01,male,overall,5466.0
Sarawak,2006-01-01,both,bumi_malay,1997.0
Sarawak,2006-01-01,female,bumi_malay,907.0
Sarawak,2006-01-01,male,bumi_malay,1090.0
Sarawak,2006-01-01,both,bumi_other,5372.0
Sarawak,2006-01-01,female,bumi_other,2343.0
Sarawak,2006-01-01,male,bumi_other,3029.0
Sarawak,2006-01-01,both,chinese,2454.0
Sarawak,2006-01-01,female,chinese,1067.0
Sarawak,2006-01-01,male,chinese,1387.0
Sarawak,2006-01-01,both,indian,19.0
Sarawak,2006-01-01,female,indian,5.0
Sarawak,2006-01-01,male,indian,14.0
Sarawak,2006-01-01,both,other_citizen,47.0
Sarawak,2006-01-01,female,other_citizen,31.0
Sarawak,2006-01-01,male,other_citizen,16.0
Sarawak,2006-01-01,both,other_noncitizen,73.0
Sarawak,2006-01-01,female,other_noncitizen,30.0
Sarawak,2006-01-01,male,other_noncitizen,43.0
Sarawak,2006-01-01,both,overall,9962.0
Sarawak,2006-01-01,female,overall,4383.0
Sarawak,2006-01-01,male,overall,5579.0
Sarawak,2007-01-01,both,bumi_malay,1936.0
Sarawak,2007-01-01,female,bumi_malay,877.0
Sarawak,2007-01-01,male,bumi_malay,1059.0
Sarawak,2007-01-01,both,bumi_other,5341.0
Sarawak,2007-01-01,female,bumi_other,2310.0
Sarawak,2007-01-01,male,bumi_other,3031.0
Sarawak,2007-01-01,both,chinese,2603.0
Sarawak,2007-01-01,female,chinese,1131.0
Sarawak,2007-01-01,male,chinese,1472.0
Sarawak,2007-01-01,both,indian,16.0
Sarawak,2007-01-01,female,indian,4.0
Sarawak,2007-01-01,male,indian,12.0
Sarawak,2007-01-01,both,other_citizen,47.0
Sarawak,2007-01-01,female,other_citizen,23.0
Sarawak,2007-01-01,male,other_citizen,24.0
Sarawak,2007-01-01,both,other_noncitizen,77.0
Sarawak,2007-01-01,female,other_noncitizen,33.0
Sarawak,2007-01-01,male,other_noncitizen,44.0
Sarawak,2007-01-01,both,overall,10020.0
Sarawak,2007-01-01,female,overall,4378.0
Sarawak,2007-01-01,male,overall,5642.0
Sarawak,2008-01-01,both,bumi_malay,2058.0
Sarawak,2008-01-01,female,bumi_malay,912.0
Sarawak,2008-01-01,male,bumi_malay,1146.0
Sarawak,2008-01-01,both,bumi_other,5663.0
Sarawak,2008-01-01,female,bumi_other,2463.0
Sarawak,2008-01-01,male,bumi_other,3200.0
Sarawak,2008-01-01,both,chinese,2633.0
Sarawak,2008-01-01,female,chinese,1102.0
Sarawak,2008-01-01,male,chinese,1531.0
Sarawak,2008-01-01,both,indian,18.0
Sarawak,2008-01-01,female,indian,4.0
Sarawak,2008-01-01,male,indian,14.0
Sarawak,2008-01-01,both,other_citizen,33.0
Sarawak,2008-01-01,female,other_citizen,15.0
Sarawak,2008-01-01,male,other_citizen,18.0
Sarawak,2008-01-01,both,other_noncitizen,73.0
Sarawak,2008-01-01,female,other_noncitizen,43.0
Sarawak,2008-01-01,male,other_noncitizen,30.0
Sarawak,2008-01-01,both,overall,10478.0
Sarawak,2008-01-01,female,overall,4539.0
Sarawak,2008-01-01,male,overall,5939.0
Sarawak,2009-01-01,both,bumi_malay,2268.0
Sarawak,2009-01-01,female,bumi_malay,1035.0
Sarawak,2009-01-01,male,bumi_malay,1233.0
Sarawak,2009-01-01,both,bumi_other,6035.0
Sarawak,2009-01-01,female,bumi_other,2616.0
Sarawak,2009-01-01,male,bumi_other,3419.0
Sarawak,2009-01-01,both,chinese,2798.0
Sarawak,2009-01-01,female,chinese,1176.0
Sarawak,2009-01-01,male,chinese,1622.0
Sarawak,2009-01-01,both,indian,26.0
Sarawak,2009-01-01,female,indian,9.0
Sarawak,2009-01-01,male,indian,17.0
Sarawak,2009-01-01,both,other_citizen,30.0
Sarawak,2009-01-01,female,other_citizen,13.0
Sarawak,2009-01-01,male,other_citizen,17.0
Sarawak,2009-01-01,both,other_noncitizen,83.0
Sarawak,2009-01-01,female,other_noncitizen,40.0
Sarawak,2009-01-01,male,other_noncitizen,43.0
Sarawak,2009-01-01,both,overall,11240.0
Sarawak,2009-01-01,female,overall,4889.0
Sarawak,2009-01-01,male,overall,6351.0
Sarawak,2010-01-01,both,bumi_malay,2046.0
Sarawak,2010-01-01,female,bumi_malay,900.0
Sarawak,2010-01-01,male,bumi_malay,1146.0
Sarawak,2010-01-01,both,bumi_other,5457.0
Sarawak,2010-01-01,female,bumi_other,2363.0
Sarawak,2010-01-01,male,bumi_other,3094.0
Sarawak,2010-01-01,both,chinese,2795.0
Sarawak,2010-01-01,female,chinese,1130.0
Sarawak,2010-01-01,male,chinese,1665.0
Sarawak,2010-01-01,both,indian,15.0
Sarawak,2010-01-01,female,indian,7.0
Sarawak,2010-01-01,male,indian,8.0
Sarawak,2010-01-01,both,other_citizen,34.0
Sarawak,2010-01-01,female,other_citizen,20.0
Sarawak,2010-01-01,male,other_citizen,14.0
Sarawak,2010-01-01,both,other_noncitizen,49.0
Sarawak,2010-01-01,female,other_noncitizen,25.0
Sarawak,2010-01-01,male,other_noncitizen,24.0
Sarawak,2010-01-01,both,overall,10396.0
Sarawak,2010-01-01,female,overall,4445.0
Sarawak,2010-01-01,male,overall,5951.0
Sarawak,2011-01-01,both,bumi_malay,2278.0
Sarawak,2011-01-01,female,bumi_malay,1024.0
Sarawak,2011-01-01,male,bumi_malay,1254.0
Sarawak,2011-01-01,both,bumi_other,5942.0
Sarawak,2011-01-01,female,bumi_other,2582.0
Sarawak,2011-01-01,male,bumi_other,3360.0
Sarawak,2011-01-01,both,chinese,2777.0
Sarawak,2011-01-01,female,chinese,1149.0
Sarawak,2011-01-01,male,chinese,1628.0
Sarawak,2011-01-01,both,indian,30.0
Sarawak,2011-01-01,female,indian,9.0
Sarawak,2011-01-01,male,indian,21.0
Sarawak,2011-01-01,both,other_citizen,28.0
Sarawak,2011-01-01,female,other_citizen,14.0
Sarawak,2011-01-01,male,other_citizen,14.0
Sarawak,2011-01-01,both,other_noncitizen,63.0
Sarawak,2011-01-01,female,other_noncitizen,26.0
Sarawak,2011-01-01,male,other_noncitizen,37.0
Sarawak,2011-01-01,both,overall,11118.0
Sarawak,2011-01-01,female,overall,4804.0
Sarawak,2011-01-01,male,overall,6314.0
Sarawak,2012-01-01,both,bumi_malay,2284.0
Sarawak,2012-01-01,female,bumi_malay,1018.0
Sarawak,2012-01-01,male,bumi_malay,1266.0
Sarawak,2012-01-01,both,bumi_other,5936.0
Sarawak,2012-01-01,female,bumi_other,2567.0
Sarawak,2012-01-01,male,bumi_other,3369.0
Sarawak,2012-01-01,both,chinese,2896.0
Sarawak,2012-01-01,female,chinese,1189.0
Sarawak,2012-01-01,male,chinese,1707.0
Sarawak,2012-01-01,both,indian,32.0
Sarawak,2012-01-01,female,indian,10.0
Sarawak,2012-01-01,male,indian,22.0
Sarawak,2012-01-01,both,other_citizen,27.0
Sarawak,2012-01-01,female,other_citizen,12.0
Sarawak,2012-01-01,male,other_citizen,15.0
Sarawak,2012-01-01,both,other_noncitizen,71.0
Sarawak,2012-01-01,female,other_noncitizen,31.0
Sarawak,2012-01-01,male,other_noncitizen,40.0
Sarawak,2012-01-01,both,overall,11246.0
Sarawak,2012-01-01,female,overall,4827.0
Sarawak,2012-01-01,male,overall,6419.0
Sarawak,2013-01-01,both,bumi_malay,2249.0
Sarawak,2013-01-01,female,bumi_malay,1000.0
Sarawak,2013-01-01,male,bumi_malay,1249.0
Sarawak,2013-01-01,both,bumi_other,5969.0
Sarawak,2013-01-01,female,bumi_other,2556.0
Sarawak,2013-01-01,male,bumi_other,3413.0
Sarawak,2013-01-01,both,chinese,2911.0
Sarawak,2013-01-01,female,chinese,1211.0
Sarawak,2013-01-01,male,chinese,1700.0
Sarawak,2013-01-01,both,indian,22.0
Sarawak,2013-01-01,female,indian,6.0
Sarawak,2013-01-01,male,indian,16.0
Sarawak,2013-01-01,both,other_citizen,10.0
Sarawak,2013-01-01,female,other_citizen,4.0
Sarawak,2013-01-01,male,other_citizen,6.0
Sarawak,2013-01-01,both,other_noncitizen,70.0
Sarawak,2013-01-01,female,other_noncitizen,27.0
Sarawak,2013-01-01,male,other_noncitizen,43.0
Sarawak,2013-01-01,both,overall,11231.0
Sarawak,2013-01-01,female,overall,4804.0
Sarawak,2013-01-01,male,overall,6427.0
Sarawak,2014-01-01,both,bumi_malay,2379.0
Sarawak,2014-01-01,female,bumi_malay,1034.0
Sarawak,2014-01-01,male,bumi_malay,1345.0
Sarawak,2014-01-01,both,bumi_other,6047.0
Sarawak,2014-01-01,female,bumi_other,2608.0
Sarawak,2014-01-01,male,bumi_other,3439.0
Sarawak,2014-01-01,both,chinese,3160.0
Sarawak,2014-01-01,female,chinese,1302.0
Sarawak,2014-01-01,male,chinese,1858.0
Sarawak,2014-01-01,both,indian,29.0
Sarawak,2014-01-01,female,indian,7.0
Sarawak,2014-01-01,male,indian,22.0
Sarawak,2014-01-01,both,other_citizen,24.0
Sarawak,2014-01-01,female,other_citizen,16.0
Sarawak,2014-01-01,male,other_citizen,8.0
Sarawak,2014-01-01,both,other_noncitizen,47.0
Sarawak,2014-01-01,female,other_noncitizen,21.0
Sarawak,2014-01-01,male,other_noncitizen,26.0
Sarawak,2014-01-01,both,overall,11686.0
Sarawak,2014-01-01,female,overall,4988.0
Sarawak,2014-01-01,male,overall,6698.0
Sarawak,2015-01-01,both,bumi_malay,2498.0
Sarawak,2015-01-01,female,bumi_malay,1088.0
Sarawak,2015-01-01,male,bumi_malay,1410.0
Sarawak,2015-01-01,both,bumi_other,6458.0
Sarawak,2015-01-01,female,bumi_other,2823.0
Sarawak,2015-01-01,male,bumi_other,3635.0
Sarawak,2015-01-01,both,chinese,3155.0
Sarawak,2015-01-01,female,chinese,1349.0
Sarawak,2015-01-01,male,chinese,1806.0
Sarawak,2015-01-01,both,indian,16.0
Sarawak,2015-01-01,female,indian,8.0
Sarawak,2015-01-01,male,indian,8.0
Sarawak,2015-01-01,both,other_citizen,13.0
Sarawak,2015-01-01,female,other_citizen,7.0
Sarawak,2015-01-01,male,other_citizen,6.0
Sarawak,2015-01-01,both,other_noncitizen,60.0
Sarawak,2015-01-01,female,other_noncitizen,23.0
Sarawak,2015-01-01,male,other_noncitizen,37.0
Sarawak,2015-01-01,both,overall,12200.0
Sarawak,2015-01-01,female,overall,5298.0
Sarawak,2015-01-01,male,overall,6902.0
Sarawak,2016-01-01,both,bumi_malay,2553.0
Sarawak,2016-01-01,female,bumi_malay,1107.0
Sarawak,2016-01-01,male,bumi_malay,1446.0
Sarawak,2016-01-01,both,bumi_other,6727.0
Sarawak,2016-01-01,female,bumi_other,2914.0
Sarawak,2016-01-01,male,bumi_other,3813.0
Sarawak,2016-01-01,both,chinese,3221.0
Sarawak,2016-01-01,female,chinese,1319.0
Sarawak,2016-01-01,male,chinese,1902.0
Sarawak,2016-01-01,both,indian,26.0
Sarawak,2016-01-01,female,indian,8.0
Sarawak,2016-01-01,male,indian,18.0
Sarawak,2016-01-01,both,other_citizen,19.0
Sarawak,2016-01-01,female,other_citizen,8.0
Sarawak,2016-01-01,male,other_citizen,11.0
Sarawak,2016-01-01,both,other_noncitizen,62.0
Sarawak,2016-01-01,female,other_noncitizen,34.0
Sarawak,2016-01-01,male,other_noncitizen,28.0
Sarawak,2016-01-01,both,overall,12608.0
Sarawak,2016-01-01,female,overall,5390.0
Sarawak,2016-01-01,male,overall,7218.0
Sarawak,2017-01-01,both,bumi_malay,2571.0
Sarawak,2017-01-01,female,bumi_malay,1092.0
Sarawak,2017-01-01,male,bumi_malay,1479.0
Sarawak,2017-01-01,both,bumi_other,7013.0
Sarawak,2017-01-01,female,bumi_other,2997.0
Sarawak,2017-01-01,male,bumi_other,4016.0
Sarawak,2017-01-01,both,chinese,3420.0
Sarawak,2017-01-01,female,chinese,1424.0
Sarawak,2017-01-01,male,chinese,1996.0
Sarawak,2017-01-01,both,indian,29.0
Sarawak,2017-01-01,female,indian,7.0
Sarawak,2017-01-01,male,indian,22.0
Sarawak,2017-01-01,both,other_citizen,16.0
Sarawak,2017-01-01,female,other_citizen,4.0
Sarawak,2017-01-01,male,other_citizen,12.0
Sarawak,2017-01-01,both,other_noncitizen,68.0
Sarawak,2017-01-01,female,other_noncitizen,29.0
Sarawak,2017-01-01,male,other_noncitizen,39.0
Sarawak,2017-01-01,both,overall,13117.0
Sarawak,2017-01-01,female,overall,5553.0
Sarawak,2017-01-01,male,overall,7564.0
Sarawak,2018-01-01,both,bumi_malay,2780.0
Sarawak,2018-01-01,female,bumi_malay,1206.0
Sarawak,2018-01-01,male,bumi_malay,1574.0
Sarawak,2018-01-01,both,bumi_other,7362.0
Sarawak,2018-01-01,female,bumi_other,3221.0
Sarawak,2018-01-01,male,bumi_other,4141.0
Sarawak,2018-01-01,both,chinese,3573.0
Sarawak,2018-01-01,female,chinese,1492.0
Sarawak,2018-01-01,male,chinese,2081.0
Sarawak,2018-01-01,both,indian,27.0
Sarawak,2018-01-01,female,indian,6.0
Sarawak,2018-01-01,male,indian,21.0
Sarawak,2018-01-01,both,other_citizen,24.0
Sarawak,2018-01-01,female,other_citizen,12.0
Sarawak,2018-01-01,male,other_citizen,12.0
Sarawak,2018-01-01,both,other_noncitizen,62.0
Sarawak,2018-01-01,female,other_noncitizen,29.0
Sarawak,2018-01-01,male,other_noncitizen,33.0
Sarawak,2018-01-01,both,overall,13828.0
Sarawak,2018-01-01,female,overall,5966.0
Sarawak,2018-01-01,male,overall,7862.0
Sarawak,2019-01-01,both,bumi_malay,2797.0
Sarawak,2019-01-01,female,bumi_malay,1240.0
Sarawak,2019-01-01,male,bumi_malay,1557.0
Sarawak,2019-01-01,both,bumi_other,7498.0
Sarawak,2019-01-01,female,bumi_other,3308.0
Sarawak,2019-01-01,male,bumi_other,4190.0
Sarawak,2019-01-01,both,chinese,3609.0
Sarawak,2019-01-01,female,chinese,1526.0
Sarawak,2019-01-01,male,chinese,2083.0
Sarawak,2019-01-01,both,indian,39.0
Sarawak,2019-01-01,female,indian,10.0
Sarawak,2019-01-01,male,indian,29.0
Sarawak,2019-01-01,both,other_citizen,21.0
Sarawak,2019-01-01,female,other_citizen,12.0
Sarawak,2019-01-01,male,other_citizen,9.0
Sarawak,2019-01-01,both,other_noncitizen,61.0
Sarawak,2019-01-01,female,other_noncitizen,21.0
Sarawak,2019-01-01,male,other_noncitizen,40.0
Sarawak,2019-01-01,both,overall,14025.0
Sarawak,2019-01-01,female,overall,6117.0
Sarawak,2019-01-01,male,overall,7908.0
Sarawak,2020-01-01,both,bumi_malay,2838.0
Sarawak,2020-01-01,female,bumi_malay,1215.0
Sarawak,2020-01-01,male,bumi_malay,1623.0
Sarawak,2020-01-01,both,bumi_other,7451.0
Sarawak,2020-01-01,female,bumi_other,3139.0
Sarawak,2020-01-01,male,bumi_other,4312.0
Sarawak,2020-01-01,both,chinese,3725.0
Sarawak,2020-01-01,female,chinese,1487.0
Sarawak,2020-01-01,male,chinese,2238.0
Sarawak,2020-01-01,both,indian,24.0
Sarawak,2020-01-01,female,indian,9.0
Sarawak,2020-01-01,male,indian,15.0
Sarawak,2020-01-01,both,other_citizen,18.0
Sarawak,2020-01-01,female,other_citizen,11.0
Sarawak,2020-01-01,male,other_citizen,7.0
Sarawak,2020-01-01,both,other_noncitizen,58.0
Sarawak,2020-01-01,female,other_noncitizen,26.0
Sarawak,2020-01-01,male,other_noncitizen,32.0
Sarawak,2020-01-01,both,overall,14114.0
Sarawak,2020-01-01,female,overall,5887.0
Sarawak,2020-01-01,male,overall,8227.0
Sarawak,2021-01-01,both,bumi_malay,3451.0
Sarawak,2021-01-01,female,bumi_malay,1485.0
Sarawak,2021-01-01,male,bumi_malay,1966.0
Sarawak,2021-01-01,both,bumi_other,9529.0
Sarawak,2021-01-01,female,bumi_other,4053.0
Sarawak,2021-01-01,male,bumi_other,5476.0
Sarawak,2021-01-01,both,chinese,4480.0
Sarawak,2021-01-01,female,chinese,1800.0
Sarawak,2021-01-01,male,chinese,2680.0
Sarawak,2021-01-01,both,indian,26.0
Sarawak,2021-01-01,female,indian,7.0
Sarawak,2021-01-01,male,indian,19.0
Sarawak,2021-01-01,both,other_citizen,25.0
Sarawak,2021-01-01,female,other_citizen,11.0
Sarawak,2021-01-01,male,other_citizen,14.0
Sarawak,2021-01-01,both,other_noncitizen,85.0
Sarawak,2021-01-01,female,other_noncitizen,31.0
Sarawak,2021-01-01,male,other_noncitizen,54.0
Sarawak,2021-01-01,both,overall,17596.0
Sarawak,2021-01-01,female,overall,7387.0
Sarawak,2021-01-01,male,overall,10209.0
Sarawak,2022-01-01,both,bumi_malay,3325.0
Sarawak,2022-01-01,female,bumi_malay,1437.0
Sarawak,2022-01-01,male,bumi_malay,1888.0
Sarawak,2022-01-01,both,bumi_other,8858.0
Sarawak,2022-01-01,female,bumi_other,3832.0
Sarawak,2022-01-01,male,bumi_other,5026.0
Sarawak,2022-01-01,both,chinese,4301.0
Sarawak,2022-01-01,female,chinese,1732.0
Sarawak,2022-01-01,male,chinese,2569.0
Sarawak,2022-01-01,both,indian,39.0
Sarawak,2022-01-01,female,indian,15.0
Sarawak,2022-01-01,male,indian,24.0
Sarawak,2022-01-01,both,other_citizen,15.0
Sarawak,2022-01-01,female,other_citizen,4.0
Sarawak,2022-01-01,male,other_citizen,11.0
Sarawak,2022-01-01,both,other_noncitizen,89.0
Sarawak,2022-01-01,female,other_noncitizen,41.0
Sarawak,2022-01-01,male,other_noncitizen,48.0
Sarawak,2022-01-01,both,overall,16627.0
Sarawak,2022-01-01,female,overall,7061.0
Sarawak,2022-01-01,male,overall,9566.0
Sarawak,2023-01-01,both,bumi_malay,3288.0
Sarawak,2023-01-01,female,bumi_malay,1442.0
Sarawak,2023-01-01,male,bumi_malay,1846.0
Sarawak,2023-01-01,both,bumi_other,8529.0
Sarawak,2023-01-01,female,bumi_other,3760.0
Sarawak,2023-01-01,male,bumi_other,4769.0
Sarawak,2023-01-01,both,chinese,4199.0
Sarawak,2023-01-01,female,chinese,1690.0
Sarawak,2023-01-01,male,chinese,2509.0
Sarawak,2023-01-01,both,indian,34.0
Sarawak,2023-01-01,female,indian,10.0
Sarawak,2023-01-01,male,indian,24.0
Sarawak,2023-01-01,both,other_citizen,
Sarawak,2023-01-01,female,other_citizen,
Sarawak,2023-01-01,male,other_citizen,
Sarawak,2023-01-01,both,other_noncitizen,
Sarawak,2023-01-01,female,other_noncitizen,
Sarawak,2023-01-01,male,other_noncitizen,
Sarawak,2023-01-01,both,overall,16158.0
Sarawak,2023-01-01,female,overall,6947.0
Sarawak,2023-01-01,male,overall,9211.0
Sarawak,2024-01-01,both,bumi_malay,3362.0
Sarawak,2024-01-01,female,bumi_malay,1494.0
Sarawak,2024-01-01,male,bumi_malay,1868.0
Sarawak,2024-01-01,both,bumi_other,8697.0
Sarawak,2024-01-01,female,bumi_other,3721.0
Sarawak,2024-01-01,male,bumi_other,4976.0
Sarawak,2024-01-01,both,chinese,4262.0
Sarawak,2024-01-01,female,chinese,1735.0
Sarawak,2024-01-01,male,chinese,2527.0
Sarawak,2024-01-01,both,indian,41.0
Sarawak,2024-01-01,female,indian,13.0
Sarawak,2024-01-01,male,indian,28.0
Sarawak,2024-01-01,both,other_citizen,
Sarawak,2024-01-01,female,other_citizen,
Sarawak,2024-01-01,male,other_citizen,
Sarawak,2024-01-01,both,other_noncitizen,
Sarawak,2024-01-01,female,other_noncitizen,
Sarawak,2024-01-01,male,other_noncitizen,
Sarawak,2024-01-01,both,overall,16443.0
Sarawak,2024-01-01,female,overall,6997.0
Sarawak,2024-01-01,male,overall,9446.0
Selangor,2000-01-01,both,bumi_malay,5383.0
Selangor,2000-01-01,female,bumi_malay,2233.0
Selangor,2000-01-01,male,bumi_malay,3150.0
Selangor,2000-01-01,both,bumi_other,88.0
Selangor,2000-01-01,female,bumi_other,34.0
Selangor,2000-01-01,male,bumi_other,54.0
Selangor,2000-01-01,both,chinese,4069.0
Selangor,2000-01-01,female,chinese,1770.0
Selangor,2000-01-01,male,chinese,2299.0
Selangor,2000-01-01,both,indian,2397.0
Selangor,2000-01-01,female,indian,834.0
Selangor,2000-01-01,male,indian,1563.0
Selangor,2000-01-01,both,other_citizen,121.0
Selangor,2000-01-01,female,other_citizen,43.0
Selangor,2000-01-01,male,other_citizen,78.0
Selangor,2000-01-01,both,other_noncitizen,648.0
Selangor,2000-01-01,female,other_noncitizen,332.0
Selangor,2000-01-01,male,other_noncitizen,316.0
Selangor,2000-01-01,both,overall,12706.0
Selangor,2000-01-01,female,overall,5246.0
Selangor,2000-01-01,male,overall,7460.0
Selangor,2001-01-01,both,bumi_malay,5747.0
Selangor,2001-01-01,female,bumi_malay,2394.0
Selangor,2001-01-01,male,bumi_malay,3353.0
Selangor,2001-01-01,both,bumi_other,86.0
Selangor,2001-01-01,female,bumi_other,26.0
Selangor,2001-01-01,male,bumi_other,60.0
Selangor,2001-01-01,both,chinese,4260.0
Selangor,2001-01-01,female,chinese,1894.0
Selangor,2001-01-01,male,chinese,2366.0
Selangor,2001-01-01,both,indian,2465.0
Selangor,2001-01-01,female,indian,842.0
Selangor,2001-01-01,male,indian,1623.0
Selangor,2001-01-01,both,other_citizen,110.0
Selangor,2001-01-01,female,other_citizen,39.0
Selangor,2001-01-01,male,other_citizen,71.0
Selangor,2001-01-01,both,other_noncitizen,700.0
Selangor,2001-01-01,female,other_noncitizen,348.0
Selangor,2001-01-01,male,other_noncitizen,352.0
Selangor,2001-01-01,both,overall,13368.0
Selangor,2001-01-01,female,overall,5543.0
Selangor,2001-01-01,male,overall,7825.0
Selangor,2002-01-01,both,bumi_malay,6115.0
Selangor,2002-01-01,female,bumi_malay,2581.0
Selangor,2002-01-01,male,bumi_malay,3534.0
Selangor,2002-01-01,both,bumi_other,90.0
Selangor,2002-01-01,female,bumi_other,25.0
Selangor,2002-01-01,male,bumi_other,65.0
Selangor,2002-01-01,both,chinese,4348.0
Selangor,2002-01-01,female,chinese,1903.0
Selangor,2002-01-01,male,chinese,2445.0
Selangor,2002-01-01,both,indian,2550.0
Selangor,2002-01-01,female,indian,907.0
Selangor,2002-01-01,male,indian,1643.0
Selangor,2002-01-01,both,other_citizen,129.0
Selangor,2002-01-01,female,other_citizen,53.0
Selangor,2002-01-01,male,other_citizen,76.0
Selangor,2002-01-01,both,other_noncitizen,690.0
Selangor,2002-01-01,female,other_noncitizen,345.0
Selangor,2002-01-01,male,other_noncitizen,345.0
Selangor,2002-01-01,both,overall,13922.0
Selangor,2002-01-01,female,overall,5814.0
Selangor,2002-01-01,male,overall,8108.0
Selangor,2003-01-01,both,bumi_malay,6280.0
Selangor,2003-01-01,female,bumi_malay,2590.0
Selangor,2003-01-01,male,bumi_malay,3690.0
Selangor,2003-01-01,both,bumi_other,127.0
Selangor,2003-01-01,female,bumi_other,39.0
Selangor,2003-01-01,male,bumi_other,88.0
Selangor,2003-01-01,both,chinese,4418.0
Selangor,2003-01-01,female,chinese,1951.0
Selangor,2003-01-01,male,chinese,2467.0
Selangor,2003-01-01,both,indian,2643.0
Selangor,2003-01-01,female,indian,884.0
Selangor,2003-01-01,male,indian,1759.0
Selangor,2003-01-01,both,other_citizen,142.0
Selangor,2003-01-01,female,other_citizen,55.0
Selangor,2003-01-01,male,other_citizen,87.0
Selangor,2003-01-01,both,other_noncitizen,685.0
Selangor,2003-01-01,female,other_noncitizen,344.0
Selangor,2003-01-01,male,other_noncitizen,341.0
Selangor,2003-01-01,both,overall,14295.0
Selangor,2003-01-01,female,overall,5863.0
Selangor,2003-01-01,male,overall,8432.0
Selangor,2004-01-01,both,bumi_malay,6410.0
Selangor,2004-01-01,female,bumi_malay,2668.0
Selangor,2004-01-01,male,bumi_malay,3742.0
Selangor,2004-01-01,both,bumi_other,125.0
Selangor,2004-01-01,female,bumi_other,50.0
Selangor,2004-01-01,male,bumi_other,75.0
Selangor,2004-01-01,both,chinese,4677.0
Selangor,2004-01-01,female,chinese,1994.0
Selangor,2004-01-01,male,chinese,2683.0
Selangor,2004-01-01,both,indian,2595.0
Selangor,2004-01-01,female,indian,932.0
Selangor,2004-01-01,male,indian,1663.0
Selangor,2004-01-01,both,other_citizen,158.0
Selangor,2004-01-01,female,other_citizen,66.0
Selangor,2004-01-01,male,other_citizen,92.0
Selangor,2004-01-01,both,other_noncitizen,651.0
Selangor,2004-01-01,female,other_noncitizen,340.0
Selangor,2004-01-01,male,other_noncitizen,311.0
Selangor,2004-01-01,both,overall,14616.0
Selangor,2004-01-01,female,overall,6050.0
Selangor,2004-01-01,male,overall,8566.0
Selangor,2005-01-01,both,bumi_malay,6817.0
Selangor,2005-01-01,female,bumi_malay,2894.0
Selangor,2005-01-01,male,bumi_malay,3923.0
Selangor,2005-01-01,both,bumi_other,116.0
Selangor,2005-01-01,female,bumi_other,46.0
Selangor,2005-01-01,male,bumi_other,70.0
Selangor,2005-01-01,both,chinese,4790.0
Selangor,2005-01-01,female,chinese,2111.0
Selangor,2005-01-01,male,chinese,2679.0
Selangor,2005-01-01,both,indian,2789.0
Selangor,2005-01-01,female,indian,1028.0
Selangor,2005-01-01,male,indian,1761.0
Selangor,2005-01-01,both,other_citizen,155.0
Selangor,2005-01-01,female,other_citizen,67.0
Selangor,2005-01-01,male,other_citizen,88.0
Selangor,2005-01-01,both,other_noncitizen,704.0
Selangor,2005-01-01,female,other_noncitizen,361.0
Selangor,2005-01-01,male,other_noncitizen,343.0
Selangor,2005-01-01,both,overall,15371.0
Selangor,2005-01-01,female,overall,6507.0
Selangor,2005-01-01,male,overall,8864.0
Selangor,2006-01-01,both,bumi_malay,6806.0
Selangor,2006-01-01,female,bumi_malay,2843.0
Selangor,2006-01-01,male,bumi_malay,3963.0
Selangor,2006-01-01,both,bumi_other,128.0
Selangor,2006-01-01,female,bumi_other,41.0
Selangor,2006-01-01,male,bumi_other,87.0
Selangor,2006-01-01,both,chinese,5040.0
Selangor,2006-01-01,female,chinese,2174.0
Selangor,2006-01-01,male,chinese,2866.0
Selangor,2006-01-01,both,indian,2824.0
Selangor,2006-01-01,female,indian,974.0
Selangor,2006-01-01,male,indian,1850.0
Selangor,2006-01-01,both,other_citizen,171.0
Selangor,2006-01-01,female,other_citizen,64.0
Selangor,2006-01-01,male,other_citizen,107.0
Selangor,2006-01-01,both,other_noncitizen,726.0
Selangor,2006-01-01,female,other_noncitizen,370.0
Selangor,2006-01-01,male,other_noncitizen,356.0
Selangor,2006-01-01,both,overall,15695.0
Selangor,2006-01-01,female,overall,6466.0
Selangor,2006-01-01,male,overall,9229.0
Selangor,2007-01-01,both,bumi_malay,7070.0
Selangor,2007-01-01,female,bumi_malay,2956.0
Selangor,2007-01-01,male,bumi_malay,4114.0
Selangor,2007-01-01,both,bumi_other,141.0
Selangor,2007-01-01,female,bumi_other,48.0
Selangor,2007-01-01,male,bumi_other,93.0
Selangor,2007-01-01,both,chinese,5000.0
Selangor,2007-01-01,female,chinese,2154.0
Selangor,2007-01-01,male,chinese,2846.0
Selangor,2007-01-01,both,indian,2847.0
Selangor,2007-01-01,female,indian,1021.0
Selangor,2007-01-01,male,indian,1826.0
Selangor,2007-01-01,both,other_citizen,135.0
Selangor,2007-01-01,female,other_citizen,53.0
Selangor,2007-01-01,male,other_citizen,82.0
Selangor,2007-01-01,both,other_noncitizen,710.0
Selangor,2007-01-01,female,other_noncitizen,370.0
Selangor,2007-01-01,male,other_noncitizen,340.0
Selangor,2007-01-01,both,overall,15903.0
Selangor,2007-01-01,female,overall,6602.0
Selangor,2007-01-01,male,overall,9301.0
Selangor,2008-01-01,both,bumi_malay,7978.0
Selangor,2008-01-01,female,bumi_malay,3393.0
Selangor,2008-01-01,male,bumi_malay,4585.0
Selangor,2008-01-01,both,bumi_other,171.0
Selangor,2008-01-01,female,bumi_other,61.0
Selangor,2008-01-01,male,bumi_other,110.0
Selangor,2008-01-01,both,chinese,5343.0
Selangor,2008-01-01,female,chinese,2319.0
Selangor,2008-01-01,male,chinese,3024.0
Selangor,2008-01-01,both,indian,3186.0
Selangor,2008-01-01,female,indian,1141.0
Selangor,2008-01-01,male,indian,2045.0
Selangor,2008-01-01,both,other_citizen,165.0
Selangor,2008-01-01,female,other_citizen,63.0
Selangor,2008-01-01,male,other_citizen,102.0
Selangor,2008-01-01,both,other_noncitizen,806.0
Selangor,2008-01-01,female,other_noncitizen,402.0
Selangor,2008-01-01,male,other_noncitizen,404.0
Selangor,2008-01-01,both,overall,17649.0
Selangor,2008-01-01,female,overall,7379.0
Selangor,2008-01-01,male,overall,10270.0
Selangor,2009-01-01,both,bumi_malay,8407.0
Selangor,2009-01-01,female,bumi_malay,3610.0
Selangor,2009-01-01,male,bumi_malay,4797.0
Selangor,2009-01-01,both,bumi_other,151.0
Selangor,2009-01-01,female,bumi_other,49.0
Selangor,2009-01-01,male,bumi_other,102.0
Selangor,2009-01-01,both,chinese,5515.0
Selangor,2009-01-01,female,chinese,2364.0
Selangor,2009-01-01,male,chinese,3151.0
Selangor,2009-01-01,both,indian,3281.0
Selangor,2009-01-01,female,indian,1224.0
Selangor,2009-01-01,male,indian,2057.0
Selangor,2009-01-01,both,other_citizen,186.0
Selangor,2009-01-01,female,other_citizen,79.0
Selangor,2009-01-01,male,other_citizen,107.0
Selangor,2009-01-01,both,other_noncitizen,833.0
Selangor,2009-01-01,female,other_noncitizen,410.0
Selangor,2009-01-01,male,other_noncitizen,423.0
Selangor,2009-01-01,both,overall,18373.0
Selangor,2009-01-01,female,overall,7736.0
Selangor,2009-01-01,male,overall,10637.0
Selangor,2010-01-01,both,bumi_malay,8277.0
Selangor,2010-01-01,female,bumi_malay,3518.0
Selangor,2010-01-01,male,bumi_malay,4759.0
Selangor,2010-01-01,both,bumi_other,170.0
Selangor,2010-01-01,female,bumi_other,63.0
Selangor,2010-01-01,male,bumi_other,107.0
Selangor,2010-01-01,both,chinese,5809.0
Selangor,2010-01-01,female,chinese,2471.0
Selangor,2010-01-01,male,chinese,3338.0
Selangor,2010-01-01,both,indian,3340.0
Selangor,2010-01-01,female,indian,1226.0
Selangor,2010-01-01,male,indian,2114.0
Selangor,2010-01-01,both,other_citizen,171.0
Selangor,2010-01-01,female,other_citizen,71.0
Selangor,2010-01-01,male,other_citizen,100.0
Selangor,2010-01-01,both,other_noncitizen,791.0
Selangor,2010-01-01,female,other_noncitizen,416.0
Selangor,2010-01-01,male,other_noncitizen,375.0
Selangor,2010-01-01,both,overall,18558.0
Selangor,2010-01-01,female,overall,7765.0
Selangor,2010-01-01,male,overall,10793.0
Selangor,2011-01-01,both,bumi_malay,8674.0
Selangor,2011-01-01,female,bumi_malay,3715.0
Selangor,2011-01-01,male,bumi_malay,4959.0
Selangor,2011-01-01,both,bumi_other,189.0
Selangor,2011-01-01,female,bumi_other,64.0
Selangor,2011-01-01,male,bumi_other,125.0
Selangor,2011-01-01,both,chinese,5975.0
Selangor,2011-01-01,female,chinese,2536.0
Selangor,2011-01-01,male,chinese,3439.0
Selangor,2011-01-01,both,indian,3452.0
Selangor,2011-01-01,female,indian,1278.0
Selangor,2011-01-01,male,indian,2174.0
Selangor,2011-01-01,both,other_citizen,226.0
Selangor,2011-01-01,female,other_citizen,81.0
Selangor,2011-01-01,male,other_citizen,145.0
Selangor,2011-01-01,both,other_noncitizen,836.0
Selangor,2011-01-01,female,other_noncitizen,413.0
Selangor,2011-01-01,male,other_noncitizen,423.0
Selangor,2011-01-01,both,overall,19352.0
Selangor,2011-01-01,female,overall,8087.0
Selangor,2011-01-01,male,overall,11265.0
Selangor,2012-01-01,both,bumi_malay,9286.0
Selangor,2012-01-01,female,bumi_malay,3963.0
Selangor,2012-01-01,male,bumi_malay,5323.0
Selangor,2012-01-01,both,bumi_other,191.0
Selangor,2012-01-01,female,bumi_other,59.0
Selangor,2012-01-01,male,bumi_other,132.0
Selangor,2012-01-01,both,chinese,6684.0
Selangor,2012-01-01,female,chinese,2912.0
Selangor,2012-01-01,male,chinese,3772.0
Selangor,2012-01-01,both,indian,3748.0
Selangor,2012-01-01,female,indian,1398.0
Selangor,2012-01-01,male,indian,2350.0
Selangor,2012-01-01,both,other_citizen,246.0
Selangor,2012-01-01,female,other_citizen,84.0
Selangor,2012-01-01,male,other_citizen,162.0
Selangor,2012-01-01,both,other_noncitizen,865.0
Selangor,2012-01-01,female,other_noncitizen,418.0
Selangor,2012-01-01,male,other_noncitizen,447.0
Selangor,2012-01-01,both,overall,21020.0
Selangor,2012-01-01,female,overall,8834.0
Selangor,2012-01-01,male,overall,12186.0
Selangor,2013-01-01,both,bumi_malay,9712.0
Selangor,2013-01-01,female,bumi_malay,4180.0
Selangor,2013-01-01,male,bumi_malay,5532.0
Selangor,2013-01-01,both,bumi_other,187.0
Selangor,2013-01-01,female,bumi_other,71.0
Selangor,2013-01-01,male,bumi_other,116.0
Selangor,2013-01-01,both,chinese,6741.0
Selangor,2013-01-01,female,chinese,2877.0
Selangor,2013-01-01,male,chinese,3864.0
Selangor,2013-01-01,both,indian,3930.0
Selangor,2013-01-01,female,indian,1456.0
Selangor,2013-01-01,male,indian,2474.0
Selangor,2013-01-01,both,other_citizen,252.0
Selangor,2013-01-01,female,other_citizen,85.0
Selangor,2013-01-01,male,other_citizen,167.0
Selangor,2013-01-01,both,other_noncitizen,855.0
Selangor,2013-01-01,female,other_noncitizen,397.0
Selangor,2013-01-01,male,other_noncitizen,458.0
Selangor,2013-01-01,both,overall,21677.0
Selangor,2013-01-01,female,overall,9066.0
Selangor,2013-01-01,male,overall,12611.0
Selangor,2014-01-01,both,bumi_malay,10249.0
Selangor,2014-01-01,female,bumi_malay,4421.0
Selangor,2014-01-01,male,bumi_malay,5828.0
Selangor,2014-01-01,both,bumi_other,196.0
Selangor,2014-01-01,female,bumi_other,75.0
Selangor,2014-01-01,male,bumi_other,121.0
Selangor,2014-01-01,both,chinese,7148.0
Selangor,2014-01-01,female,chinese,3062.0
Selangor,2014-01-01,male,chinese,4086.0
Selangor,2014-01-01,both,indian,4019.0
Selangor,2014-01-01,female,indian,1562.0
Selangor,2014-01-01,male,indian,2457.0
Selangor,2014-01-01,both,other_citizen,253.0
Selangor,2014-01-01,female,other_citizen,84.0
Selangor,2014-01-01,male,other_citizen,169.0
Selangor,2014-01-01,both,other_noncitizen,782.0
Selangor,2014-01-01,female,other_noncitizen,371.0
Selangor,2014-01-01,male,other_noncitizen,411.0
Selangor,2014-01-01,both,overall,22647.0
Selangor,2014-01-01,female,overall,9575.0
Selangor,2014-01-01,male,overall,13072.0
Selangor,2015-01-01,both,bumi_malay,11010.0
Selangor,2015-01-01,female,bumi_malay,4749.0
Selangor,2015-01-01,male,bumi_malay,6261.0
Selangor,2015-01-01,both,bumi_other,193.0
Selangor,2015-01-01,female,bumi_other,86.0
Selangor,2015-01-01,male,bumi_other,107.0
Selangor,2015-01-01,both,chinese,7504.0
Selangor,2015-01-01,female,chinese,3294.0
Selangor,2015-01-01,male,chinese,4210.0
Selangor,2015-01-01,both,indian,4008.0
Selangor,2015-01-01,female,indian,1517.0
Selangor,2015-01-01,male,indian,2491.0
Selangor,2015-01-01,both,other_citizen,263.0
Selangor,2015-01-01,female,other_citizen,99.0
Selangor,2015-01-01,male,other_citizen,164.0
Selangor,2015-01-01,both,other_noncitizen,826.0
Selangor,2015-01-01,female,other_noncitizen,370.0
Selangor,2015-01-01,male,other_noncitizen,456.0
Selangor,2015-01-01,both,overall,23804.0
Selangor,2015-01-01,female,overall,10115.0
Selangor,2015-01-01,male,overall,13689.0
Selangor,2016-01-01,both,bumi_malay,11715.0
Selangor,2016-01-01,female,bumi_malay,5026.0
Selangor,2016-01-01,male,bumi_malay,6689.0
Selangor,2016-01-01,both,bumi_other,241.0
Selangor,2016-01-01,female,bumi_other,91.0
Selangor,2016-01-01,male,bumi_other,150.0
Selangor,2016-01-01,both,chinese,7969.0
Selangor,2016-01-01,female,chinese,3302.0
Selangor,2016-01-01,male,chinese,4667.0
Selangor,2016-01-01,both,indian,4408.0
Selangor,2016-01-01,female,indian,1654.0
Selangor,2016-01-01,male,indian,2754.0
Selangor,2016-01-01,both,other_citizen,319.0
Selangor,2016-01-01,female,other_citizen,124.0
Selangor,2016-01-01,male,other_citizen,195.0
Selangor,2016-01-01,both,other_noncitizen,936.0
Selangor,2016-01-01,female,other_noncitizen,443.0
Selangor,2016-01-01,male,other_noncitizen,493.0
Selangor,2016-01-01,both,overall,25588.0
Selangor,2016-01-01,female,overall,10640.0
Selangor,2016-01-01,male,overall,14948.0
Selangor,2017-01-01,both,bumi_malay,12328.0
Selangor,2017-01-01,female,bumi_malay,5278.0
Selangor,2017-01-01,male,bumi_malay,7050.0
Selangor,2017-01-01,both,bumi_other,226.0
Selangor,2017-01-01,female,bumi_other,86.0
Selangor,2017-01-01,male,bumi_other,140.0
Selangor,2017-01-01,both,chinese,8457.0
Selangor,2017-01-01,female,chinese,3617.0
Selangor,2017-01-01,male,chinese,4840.0
Selangor,2017-01-01,both,indian,4474.0
Selangor,2017-01-01,female,indian,1773.0
Selangor,2017-01-01,male,indian,2701.0
Selangor,2017-01-01,both,other_citizen,324.0
Selangor,2017-01-01,female,other_citizen,133.0
Selangor,2017-01-01,male,other_citizen,191.0
Selangor,2017-01-01,both,other_noncitizen,924.0
Selangor,2017-01-01,female,other_noncitizen,429.0
Selangor,2017-01-01,male,other_noncitizen,495.0
Selangor,2017-01-01,both,overall,26733.0
Selangor,2017-01-01,female,overall,11316.0
Selangor,2017-01-01,male,overall,15417.0
Selangor,2018-01-01,both,bumi_malay,12785.0
Selangor,2018-01-01,female,bumi_malay,5528.0
Selangor,2018-01-01,male,bumi_malay,7257.0
Selangor,2018-01-01,both,bumi_other,248.0
Selangor,2018-01-01,female,bumi_other,97.0
Selangor,2018-01-01,male,bumi_other,151.0
Selangor,2018-01-01,both,chinese,8458.0
Selangor,2018-01-01,female,chinese,3547.0
Selangor,2018-01-01,male,chinese,4911.0
Selangor,2018-01-01,both,indian,4683.0
Selangor,2018-01-01,female,indian,1872.0
Selangor,2018-01-01,male,indian,2811.0
Selangor,2018-01-01,both,other_citizen,355.0
Selangor,2018-01-01,female,other_citizen,144.0
Selangor,2018-01-01,male,other_citizen,211.0
Selangor,2018-01-01,both,other_noncitizen,858.0
Selangor,2018-01-01,female,other_noncitizen,370.0
Selangor,2018-01-01,male,other_noncitizen,488.0
Selangor,2018-01-01,both,overall,27387.0
Selangor,2018-01-01,female,overall,11558.0
Selangor,2018-01-01,male,overall,15829.0
Selangor,2019-01-01,both,bumi_malay,12897.0
Selangor,2019-01-01,female,bumi_malay,5388.0
Selangor,2019-01-01,male,bumi_malay,7509.0
Selangor,2019-01-01,both,bumi_other,258.0
Selangor,2019-01-01,female,bumi_other,93.0
Selangor,2019-01-01,male,bumi_other,165.0
Selangor,2019-01-01,both,chinese,8655.0
Selangor,2019-01-01,female,chinese,3719.0
Selangor,2019-01-01,male,chinese,4936.0
Selangor,2019-01-01,both,indian,4743.0
Selangor,2019-01-01,female,indian,1897.0
Selangor,2019-01-01,male,indian,2846.0
Selangor,2019-01-01,both,other_citizen,311.0
Selangor,2019-01-01,female,other_citizen,113.0
Selangor,2019-01-01,male,other_citizen,198.0
Selangor,2019-01-01,both,other_noncitizen,922.0
Selangor,2019-01-01,female,other_noncitizen,383.0
Selangor,2019-01-01,male,other_noncitizen,539.0
Selangor,2019-01-01,both,overall,27786.0
Selangor,2019-01-01,female,overall,11593.0
Selangor,2019-01-01,male,overall,16193.0
Selangor,2020-01-01,both,bumi_malay,11653.0
Selangor,2020-01-01,female,bumi_malay,4764.0
Selangor,2020-01-01,male,bumi_malay,6889.0
Selangor,2020-01-01,both,bumi_other,254.0
Selangor,2020-01-01,female,bumi_other,101.0
Selangor,2020-01-01,male,bumi_other,153.0
Selangor,2020-01-01,both,chinese,8231.0
Selangor,2020-01-01,female,chinese,3521.0
Selangor,2020-01-01,male,chinese,4710.0
Selangor,2020-01-01,both,indian,4173.0
Selangor,2020-01-01,female,indian,1682.0
Selangor,2020-01-01,male,indian,2491.0
Selangor,2020-01-01,both,other_citizen,341.0
Selangor,2020-01-01,female,other_citizen,139.0
Selangor,2020-01-01,male,other_citizen,202.0
Selangor,2020-01-01,both,other_noncitizen,753.0
Selangor,2020-01-01,female,other_noncitizen,342.0
Selangor,2020-01-01,male,other_noncitizen,411.0
Selangor,2020-01-01,both,overall,25405.0
Selangor,2020-01-01,female,overall,10549.0
Selangor,2020-01-01,male,overall,14856.0
Selangor,2021-01-01,both,bumi_malay,19118.0
Selangor,2021-01-01,female,bumi_malay,8107.0
Selangor,2021-01-01,male,bumi_malay,11011.0
Selangor,2021-01-01,both,bumi_other,490.0
Selangor,2021-01-01,female,bumi_other,202.0
Selangor,2021-01-01,male,bumi_other,288.0
Selangor,2021-01-01,both,chinese,11845.0
Selangor,2021-01-01,female,chinese,4884.0
Selangor,2021-01-01,male,chinese,6961.0
Selangor,2021-01-01,both,indian,6955.0
Selangor,2021-01-01,female,indian,2848.0
Selangor,2021-01-01,male,indian,4107.0
Selangor,2021-01-01,both,other_citizen,588.0
Selangor,2021-01-01,female,other_citizen,245.0
Selangor,2021-01-01,male,other_citizen,343.0
Selangor,2021-01-01,both,other_noncitizen,3055.0
Selangor,2021-01-01,female,other_noncitizen,1234.0
Selangor,2021-01-01,male,other_noncitizen,1821.0
Selangor,2021-01-01,both,overall,42051.0
Selangor,2021-01-01,female,overall,17520.0
Selangor,2021-01-01,male,overall,24531.0
Selangor,2022-01-01,both,bumi_malay,15357.0
Selangor,2022-01-01,female,bumi_malay,6510.0
Selangor,2022-01-01,male,bumi_malay,8847.0
Selangor,2022-01-01,both,bumi_other,319.0
Selangor,2022-01-01,female,bumi_other,123.0
Selangor,2022-01-01,male,bumi_other,196.0
Selangor,2022-01-01,both,chinese,10318.0
Selangor,2022-01-01,female,chinese,4380.0
Selangor,2022-01-01,male,chinese,5938.0
Selangor,2022-01-01,both,indian,5517.0
Selangor,2022-01-01,female,indian,2255.0
Selangor,2022-01-01,male,indian,3262.0
Selangor,2022-01-01,both,other_citizen,390.0
Selangor,2022-01-01,female,other_citizen,145.0
Selangor,2022-01-01,male,other_citizen,245.0
Selangor,2022-01-01,both,other_noncitizen,960.0
Selangor,2022-01-01,female,other_noncitizen,425.0
Selangor,2022-01-01,male,other_noncitizen,535.0
Selangor,2022-01-01,both,overall,32861.0
Selangor,2022-01-01,female,overall,13838.0
Selangor,2022-01-01,male,overall,19023.0
Selangor,2023-01-01,both,bumi_malay,15138.0
Selangor,2023-01-01,female,bumi_malay,6378.0
Selangor,2023-01-01,male,bumi_malay,8760.0
Selangor,2023-01-01,both,bumi_other,366.0
Selangor,2023-01-01,female,bumi_other,138.0
Selangor,2023-01-01,male,bumi_other,228.0
Selangor,2023-01-01,both,chinese,10281.0
Selangor,2023-01-01,female,chinese,4327.0
Selangor,2023-01-01,male,chinese,5954.0
Selangor,2023-01-01,both,indian,5428.0
Selangor,2023-01-01,female,indian,2220.0
Selangor,2023-01-01,male,indian,3208.0
Selangor,2023-01-01,both,other_citizen,
Selangor,2023-01-01,female,other_citizen,
Selangor,2023-01-01,male,other_citizen,
Selangor,2023-01-01,both,other_noncitizen,
Selangor,2023-01-01,female,other_noncitizen,
Selangor,2023-01-01,male,other_noncitizen,
Selangor,2023-01-01,both,overall,32646.0
Selangor,2023-01-01,female,overall,13617.0
Selangor,2023-01-01,male,overall,19029.0
Selangor,2024-01-01,both,bumi_malay,15464.0
Selangor,2024-01-01,female,bumi_malay,6497.0
Selangor,2024-01-01,male,bumi_malay,8967.0
Selangor,2024-01-01,both,bumi_other,344.0
Selangor,2024-01-01,female,bumi_other,135.0
Selangor,2024-01-01,male,bumi_other,209.0
Selangor,2024-01-01,both,chinese,10353.0
Selangor,2024-01-01,female,chinese,4328.0
Selangor,2024-01-01,male,chinese,6025.0
Selangor,2024-01-01,both,indian,5482.0
Selangor,2024-01-01,female,indian,2183.0
Selangor,2024-01-01,male,indian,3299.0
Selangor,2024-01-01,both,other_citizen,
Selangor,2024-01-01,female,other_citizen,
Selangor,2024-01-01,male,other_citizen,
Selangor,2024-01-01,both,other_noncitizen,
Selangor,2024-01-01,female,other_noncitizen,
Selangor,2024-01-01,male,other_noncitizen,
Selangor,2024-01-01,both,overall,33102.0
Selangor,2024-01-01,female,overall,13719.0
Selangor,2024-01-01,male,overall,19383.0
Terengganu,2000-01-01,both,bumi_malay,4349.0
Terengganu,2000-01-01,female,bumi_malay,1865.0
Terengganu,2000-01-01,male,bumi_malay,2484.0
Terengganu,2000-01-01,both,bumi_other,7.0
Terengganu,2000-01-01,female,bumi_other,1.0
Terengganu,2000-01-01,male,bumi_other,6.0
Terengganu,2000-01-01,both,chinese,177.0
Terengganu,2000-01-01,female,chinese,85.0
Terengganu,2000-01-01,male,chinese,92.0
Terengganu,2000-01-01,both,indian,13.0
Terengganu,2000-01-01,female,indian,3.0
Terengganu,2000-01-01,male,indian,10.0
Terengganu,2000-01-01,both,other_citizen,5.0
Terengganu,2000-01-01,female,other_citizen,1.0
Terengganu,2000-01-01,male,other_citizen,4.0
Terengganu,2000-01-01,both,other_noncitizen,19.0
Terengganu,2000-01-01,female,other_noncitizen,8.0
Terengganu,2000-01-01,male,other_noncitizen,11.0
Terengganu,2000-01-01,both,overall,4570.0
Terengganu,2000-01-01,female,overall,1963.0
Terengganu,2000-01-01,male,overall,2607.0
Terengganu,2001-01-01,both,bumi_malay,4661.0
Terengganu,2001-01-01,female,bumi_malay,1943.0
Terengganu,2001-01-01,male,bumi_malay,2718.0
Terengganu,2001-01-01,both,bumi_other,8.0
Terengganu,2001-01-01,female,bumi_other,4.0
Terengganu,2001-01-01,male,bumi_other,4.0
Terengganu,2001-01-01,both,chinese,160.0
Terengganu,2001-01-01,female,chinese,68.0
Terengganu,2001-01-01,male,chinese,92.0
Terengganu,2001-01-01,both,indian,14.0
Terengganu,2001-01-01,female,indian,1.0
Terengganu,2001-01-01,male,indian,13.0
Terengganu,2001-01-01,both,other_citizen,4.0
Terengganu,2001-01-01,female,other_citizen,2.0
Terengganu,2001-01-01,male,other_citizen,2.0
Terengganu,2001-01-01,both,other_noncitizen,19.0
Terengganu,2001-01-01,female,other_noncitizen,6.0
Terengganu,2001-01-01,male,other_noncitizen,13.0
Terengganu,2001-01-01,both,overall,4866.0
Terengganu,2001-01-01,female,overall,2024.0
Terengganu,2001-01-01,male,overall,2842.0
Terengganu,2002-01-01,both,bumi_malay,4832.0
Terengganu,2002-01-01,female,bumi_malay,2164.0
Terengganu,2002-01-01,male,bumi_malay,2668.0
Terengganu,2002-01-01,both,bumi_other,14.0
Terengganu,2002-01-01,female,bumi_other,2.0
Terengganu,2002-01-01,male,bumi_other,12.0
Terengganu,2002-01-01,both,chinese,153.0
Terengganu,2002-01-01,female,chinese,60.0
Terengganu,2002-01-01,male,chinese,93.0
Terengganu,2002-01-01,both,indian,14.0
Terengganu,2002-01-01,female,indian,5.0
Terengganu,2002-01-01,male,indian,9.0
Terengganu,2002-01-01,both,other_citizen,11.0
Terengganu,2002-01-01,female,other_citizen,5.0
Terengganu,2002-01-01,male,other_citizen,6.0
Terengganu,2002-01-01,both,other_noncitizen,27.0
Terengganu,2002-01-01,female,other_noncitizen,8.0
Terengganu,2002-01-01,male,other_noncitizen,19.0
Terengganu,2002-01-01,both,overall,5051.0
Terengganu,2002-01-01,female,overall,2244.0
Terengganu,2002-01-01,male,overall,2807.0
Terengganu,2003-01-01,both,bumi_malay,5118.0
Terengganu,2003-01-01,female,bumi_malay,2135.0
Terengganu,2003-01-01,male,bumi_malay,2983.0
Terengganu,2003-01-01,both,bumi_other,8.0
Terengganu,2003-01-01,female,bumi_other,5.0
Terengganu,2003-01-01,male,bumi_other,3.0
Terengganu,2003-01-01,both,chinese,173.0
Terengganu,2003-01-01,female,chinese,65.0
Terengganu,2003-01-01,male,chinese,108.0
Terengganu,2003-01-01,both,indian,16.0
Terengganu,2003-01-01,female,indian,5.0
Terengganu,2003-01-01,male,indian,11.0
Terengganu,2003-01-01,both,other_citizen,11.0
Terengganu,2003-01-01,female,other_citizen,5.0
Terengganu,2003-01-01,male,other_citizen,6.0
Terengganu,2003-01-01,both,other_noncitizen,20.0
Terengganu,2003-01-01,female,other_noncitizen,9.0
Terengganu,2003-01-01,male,other_noncitizen,11.0
Terengganu,2003-01-01,both,overall,5346.0
Terengganu,2003-01-01,female,overall,2224.0
Terengganu,2003-01-01,male,overall,3122.0
Terengganu,2004-01-01,both,bumi_malay,5009.0
Terengganu,2004-01-01,female,bumi_malay,2118.0
Terengganu,2004-01-01,male,bumi_malay,2891.0
Terengganu,2004-01-01,both,bumi_other,8.0
Terengganu,2004-01-01,female,bumi_other,3.0
Terengganu,2004-01-01,male,bumi_other,5.0
Terengganu,2004-01-01,both,chinese,174.0
Terengganu,2004-01-01,female,chinese,75.0
Terengganu,2004-01-01,male,chinese,99.0
Terengganu,2004-01-01,both,indian,16.0
Terengganu,2004-01-01,female,indian,3.0
Terengganu,2004-01-01,male,indian,13.0
Terengganu,2004-01-01,both,other_citizen,11.0
Terengganu,2004-01-01,female,other_citizen,7.0
Terengganu,2004-01-01,male,other_citizen,4.0
Terengganu,2004-01-01,both,other_noncitizen,26.0
Terengganu,2004-01-01,female,other_noncitizen,6.0
Terengganu,2004-01-01,male,other_noncitizen,20.0
Terengganu,2004-01-01,both,overall,5244.0
Terengganu,2004-01-01,female,overall,2212.0
Terengganu,2004-01-01,male,overall,3032.0
Terengganu,2005-01-01,both,bumi_malay,5128.0
Terengganu,2005-01-01,female,bumi_malay,2267.0
Terengganu,2005-01-01,male,bumi_malay,2861.0
Terengganu,2005-01-01,both,bumi_other,13.0
Terengganu,2005-01-01,female,bumi_other,4.0
Terengganu,2005-01-01,male,bumi_other,9.0
Terengganu,2005-01-01,both,chinese,181.0
Terengganu,2005-01-01,female,chinese,83.0
Terengganu,2005-01-01,male,chinese,98.0
Terengganu,2005-01-01,both,indian,13.0
Terengganu,2005-01-01,female,indian,1.0
Terengganu,2005-01-01,male,indian,12.0
Terengganu,2005-01-01,both,other_citizen,9.0
Terengganu,2005-01-01,female,other_citizen,3.0
Terengganu,2005-01-01,male,other_citizen,6.0
Terengganu,2005-01-01,both,other_noncitizen,24.0
Terengganu,2005-01-01,female,other_noncitizen,6.0
Terengganu,2005-01-01,male,other_noncitizen,18.0
Terengganu,2005-01-01,both,overall,5368.0
Terengganu,2005-01-01,female,overall,2364.0
Terengganu,2005-01-01,male,overall,3004.0
Terengganu,2006-01-01,both,bumi_malay,5157.0
Terengganu,2006-01-01,female,bumi_malay,2183.0
Terengganu,2006-01-01,male,bumi_malay,2974.0
Terengganu,2006-01-01,both,bumi_other,7.0
Terengganu,2006-01-01,female,bumi_other,2.0
Terengganu,2006-01-01,male,bumi_other,5.0
Terengganu,2006-01-01,both,chinese,181.0
Terengganu,2006-01-01,female,chinese,71.0
Terengganu,2006-01-01,male,chinese,110.0
Terengganu,2006-01-01,both,indian,16.0
Terengganu,2006-01-01,female,indian,3.0
Terengganu,2006-01-01,male,indian,13.0
Terengganu,2006-01-01,both,other_citizen,14.0
Terengganu,2006-01-01,female,other_citizen,8.0
Terengganu,2006-01-01,male,other_citizen,6.0
Terengganu,2006-01-01,both,other_noncitizen,32.0
Terengganu,2006-01-01,female,other_noncitizen,11.0
Terengganu,2006-01-01,male,other_noncitizen,21.0
Terengganu,2006-01-01,both,overall,5407.0
Terengganu,2006-01-01,female,overall,2278.0
Terengganu,2006-01-01,male,overall,3129.0
Terengganu,2007-01-01,both,bumi_malay,5342.0
Terengganu,2007-01-01,female,bumi_malay,2246.0
Terengganu,2007-01-01,male,bumi_malay,3096.0
Terengganu,2007-01-01,both,bumi_other,15.0
Terengganu,2007-01-01,female,bumi_other,7.0
Terengganu,2007-01-01,male,bumi_other,8.0
Terengganu,2007-01-01,both,chinese,153.0
Terengganu,2007-01-01,female,chinese,59.0
Terengganu,2007-01-01,male,chinese,94.0
Terengganu,2007-01-01,both,indian,8.0
Terengganu,2007-01-01,female,indian,1.0
Terengganu,2007-01-01,male,indian,7.0
Terengganu,2007-01-01,both,other_citizen,12.0
Terengganu,2007-01-01,female,other_citizen,5.0
Terengganu,2007-01-01,male,other_citizen,7.0
Terengganu,2007-01-01,both,other_noncitizen,33.0
Terengganu,2007-01-01,female,other_noncitizen,10.0
Terengganu,2007-01-01,male,other_noncitizen,23.0
Terengganu,2007-01-01,both,overall,5563.0
Terengganu,2007-01-01,female,overall,2328.0
Terengganu,2007-01-01,male,overall,3235.0
Terengganu,2008-01-01,both,bumi_malay,5511.0
Terengganu,2008-01-01,female,bumi_malay,2392.0
Terengganu,2008-01-01,male,bumi_malay,3119.0
Terengganu,2008-01-01,both,bumi_other,15.0
Terengganu,2008-01-01,female,bumi_other,3.0
Terengganu,2008-01-01,male,bumi_other,12.0
Terengganu,2008-01-01,both,chinese,196.0
Terengganu,2008-01-01,female,chinese,82.0
Terengganu,2008-01-01,male,chinese,114.0
Terengganu,2008-01-01,both,indian,19.0
Terengganu,2008-01-01,female,indian,7.0
Terengganu,2008-01-01,male,indian,12.0
Terengganu,2008-01-01,both,other_citizen,7.0
Terengganu,2008-01-01,female,other_citizen,2.0
Terengganu,2008-01-01,male,other_citizen,5.0
Terengganu,2008-01-01,both,other_noncitizen,26.0
Terengganu,2008-01-01,female,other_noncitizen,5.0
Terengganu,2008-01-01,male,other_noncitizen,21.0
Terengganu,2008-01-01,both,overall,5774.0
Terengganu,2008-01-01,female,overall,2491.0
Terengganu,2008-01-01,male,overall,3283.0
Terengganu,2009-01-01,both,bumi_malay,5736.0
Terengganu,2009-01-01,female,bumi_malay,2393.0
Terengganu,2009-01-01,male,bumi_malay,3343.0
Terengganu,2009-01-01,both,bumi_other,12.0
Terengganu,2009-01-01,female,bumi_other,3.0
Terengganu,2009-01-01,male,bumi_other,9.0
Terengganu,2009-01-01,both,chinese,171.0
Terengganu,2009-01-01,female,chinese,69.0
Terengganu,2009-01-01,male,chinese,102.0
Terengganu,2009-01-01,both,indian,16.0
Terengganu,2009-01-01,female,indian,5.0
Terengganu,2009-01-01,male,indian,11.0
Terengganu,2009-01-01,both,other_citizen,13.0
Terengganu,2009-01-01,female,other_citizen,6.0
Terengganu,2009-01-01,male,other_citizen,7.0
Terengganu,2009-01-01,both,other_noncitizen,30.0
Terengganu,2009-01-01,female,other_noncitizen,11.0
Terengganu,2009-01-01,male,other_noncitizen,19.0
Terengganu,2009-01-01,both,overall,5978.0
Terengganu,2009-01-01,female,overall,2487.0
Terengganu,2009-01-01,male,overall,3491.0
Terengganu,2010-01-01,both,bumi_malay,5593.0
Terengganu,2010-01-01,female,bumi_malay,2326.0
Terengganu,2010-01-01,male,bumi_malay,3267.0
Terengganu,2010-01-01,both,bumi_other,13.0
Terengganu,2010-01-01,female,bumi_other,6.0
Terengganu,2010-01-01,male,bumi_other,7.0
Terengganu,2010-01-01,both,chinese,193.0
Terengganu,2010-01-01,female,chinese,81.0
Terengganu,2010-01-01,male,chinese,112.0
Terengganu,2010-01-01,both,indian,18.0
Terengganu,2010-01-01,female,indian,5.0
Terengganu,2010-01-01,male,indian,13.0
Terengganu,2010-01-01,both,other_citizen,17.0
Terengganu,2010-01-01,female,other_citizen,7.0
Terengganu,2010-01-01,male,other_citizen,10.0
Terengganu,2010-01-01,both,other_noncitizen,30.0
Terengganu,2010-01-01,female,other_noncitizen,11.0
Terengganu,2010-01-01,male,other_noncitizen,19.0
Terengganu,2010-01-01,both,overall,5864.0
Terengganu,2010-01-01,female,overall,2436.0
Terengganu,2010-01-01,male,overall,3428.0
Terengganu,2011-01-01,both,bumi_malay,5940.0
Terengganu,2011-01-01,female,bumi_malay,2589.0
Terengganu,2011-01-01,male,bumi_malay,3351.0
Terengganu,2011-01-01,both,bumi_other,6.0
Terengganu,2011-01-01,female,bumi_other,3.0
Terengganu,2011-01-01,male,bumi_other,3.0
Terengganu,2011-01-01,both,chinese,200.0
Terengganu,2011-01-01,female,chinese,81.0
Terengganu,2011-01-01,male,chinese,119.0
Terengganu,2011-01-01,both,indian,15.0
Terengganu,2011-01-01,female,indian,2.0
Terengganu,2011-01-01,male,indian,13.0
Terengganu,2011-01-01,both,other_citizen,16.0
Terengganu,2011-01-01,female,other_citizen,5.0
Terengganu,2011-01-01,male,other_citizen,11.0
Terengganu,2011-01-01,both,other_noncitizen,32.0
Terengganu,2011-01-01,female,other_noncitizen,11.0
Terengganu,2011-01-01,male,other_noncitizen,21.0
Terengganu,2011-01-01,both,overall,6209.0
Terengganu,2011-01-01,female,overall,2691.0
Terengganu,2011-01-01,male,overall,3518.0
Terengganu,2012-01-01,both,bumi_malay,5903.0
Terengganu,2012-01-01,female,bumi_malay,2498.0
Terengganu,2012-01-01,male,bumi_malay,3405.0
Terengganu,2012-01-01,both,bumi_other,15.0
Terengganu,2012-01-01,female,bumi_other,6.0
Terengganu,2012-01-01,male,bumi_other,9.0
Terengganu,2012-01-01,both,chinese,197.0
Terengganu,2012-01-01,female,chinese,66.0
Terengganu,2012-01-01,male,chinese,131.0
Terengganu,2012-01-01,both,indian,16.0
Terengganu,2012-01-01,female,indian,4.0
Terengganu,2012-01-01,male,indian,12.0
Terengganu,2012-01-01,both,other_citizen,10.0
Terengganu,2012-01-01,female,other_citizen,2.0
Terengganu,2012-01-01,male,other_citizen,8.0
Terengganu,2012-01-01,both,other_noncitizen,36.0
Terengganu,2012-01-01,female,other_noncitizen,9.0
Terengganu,2012-01-01,male,other_noncitizen,27.0
Terengganu,2012-01-01,both,overall,6177.0
Terengganu,2012-01-01,female,overall,2585.0
Terengganu,2012-01-01,male,overall,3592.0
Terengganu,2013-01-01,both,bumi_malay,6163.0
Terengganu,2013-01-01,female,bumi_malay,2603.0
Terengganu,2013-01-01,male,bumi_malay,3560.0
Terengganu,2013-01-01,both,bumi_other,14.0
Terengganu,2013-01-01,female,bumi_other,5.0
Terengganu,2013-01-01,male,bumi_other,9.0
Terengganu,2013-01-01,both,chinese,183.0
Terengganu,2013-01-01,female,chinese,62.0
Terengganu,2013-01-01,male,chinese,121.0
Terengganu,2013-01-01,both,indian,14.0
Terengganu,2013-01-01,female,indian,2.0
Terengganu,2013-01-01,male,indian,12.0
Terengganu,2013-01-01,both,other_citizen,13.0
Terengganu,2013-01-01,female,other_citizen,3.0
Terengganu,2013-01-01,male,other_citizen,10.0
Terengganu,2013-01-01,both,other_noncitizen,37.0
Terengganu,2013-01-01,female,other_noncitizen,10.0
Terengganu,2013-01-01,male,other_noncitizen,27.0
Terengganu,2013-01-01,both,overall,6424.0
Terengganu,2013-01-01,female,overall,2685.0
Terengganu,2013-01-01,male,overall,3739.0
Terengganu,2014-01-01,both,bumi_malay,6207.0
Terengganu,2014-01-01,female,bumi_malay,2763.0
Terengganu,2014-01-01,male,bumi_malay,3444.0
Terengganu,2014-01-01,both,bumi_other,11.0
Terengganu,2014-01-01,female,bumi_other,4.0
Terengganu,2014-01-01,male,bumi_other,7.0
Terengganu,2014-01-01,both,chinese,190.0
Terengganu,2014-01-01,female,chinese,80.0
Terengganu,2014-01-01,male,chinese,110.0
Terengganu,2014-01-01,both,indian,14.0
Terengganu,2014-01-01,female,indian,5.0
Terengganu,2014-01-01,male,indian,9.0
Terengganu,2014-01-01,both,other_citizen,15.0
Terengganu,2014-01-01,female,other_citizen,6.0
Terengganu,2014-01-01,male,other_citizen,9.0
Terengganu,2014-01-01,both,other_noncitizen,23.0
Terengganu,2014-01-01,female,other_noncitizen,4.0
Terengganu,2014-01-01,male,other_noncitizen,19.0
Terengganu,2014-01-01,both,overall,6460.0
Terengganu,2014-01-01,female,overall,2862.0
Terengganu,2014-01-01,male,overall,3598.0
Terengganu,2015-01-01,both,bumi_malay,6458.0
Terengganu,2015-01-01,female,bumi_malay,2766.0
Terengganu,2015-01-01,male,bumi_malay,3692.0
Terengganu,2015-01-01,both,bumi_other,8.0
Terengganu,2015-01-01,female,bumi_other,3.0
Terengganu,2015-01-01,male,bumi_other,5.0
Terengganu,2015-01-01,both,chinese,192.0
Terengganu,2015-01-01,female,chinese,80.0
Terengganu,2015-01-01,male,chinese,112.0
Terengganu,2015-01-01,both,indian,10.0
Terengganu,2015-01-01,female,indian,2.0
Terengganu,2015-01-01,male,indian,8.0
Terengganu,2015-01-01,both,other_citizen,18.0
Terengganu,2015-01-01,female,other_citizen,8.0
Terengganu,2015-01-01,male,other_citizen,10.0
Terengganu,2015-01-01,both,other_noncitizen,29.0
Terengganu,2015-01-01,female,other_noncitizen,6.0
Terengganu,2015-01-01,male,other_noncitizen,23.0
Terengganu,2015-01-01,both,overall,6715.0
Terengganu,2015-01-01,female,overall,2865.0
Terengganu,2015-01-01,male,overall,3850.0
Terengganu,2016-01-01,both,bumi_malay,6559.0
Terengganu,2016-01-01,female,bumi_malay,2782.0
Terengganu,2016-01-01,male,bumi_malay,3777.0
Terengganu,2016-01-01,both,bumi_other,15.0
Terengganu,2016-01-01,female,bumi_other,7.0
Terengganu,2016-01-01,male,bumi_other,8.0
Terengganu,2016-01-01,both,chinese,195.0
Terengganu,2016-01-01,female,chinese,75.0
Terengganu,2016-01-01,male,chinese,120.0
Terengganu,2016-01-01,both,indian,15.0
Terengganu,2016-01-01,female,indian,5.0
Terengganu,2016-01-01,male,indian,10.0
Terengganu,2016-01-01,both,other_citizen,18.0
Terengganu,2016-01-01,female,other_citizen,12.0
Terengganu,2016-01-01,male,other_citizen,6.0
Terengganu,2016-01-01,both,other_noncitizen,41.0
Terengganu,2016-01-01,female,other_noncitizen,17.0
Terengganu,2016-01-01,male,other_noncitizen,24.0
Terengganu,2016-01-01,both,overall,6843.0
Terengganu,2016-01-01,female,overall,2898.0
Terengganu,2016-01-01,male,overall,3945.0
Terengganu,2017-01-01,both,bumi_malay,6766.0
Terengganu,2017-01-01,female,bumi_malay,2923.0
Terengganu,2017-01-01,male,bumi_malay,3843.0
Terengganu,2017-01-01,both,bumi_other,14.0
Terengganu,2017-01-01,female,bumi_other,3.0
Terengganu,2017-01-01,male,bumi_other,11.0
Terengganu,2017-01-01,both,chinese,205.0
Terengganu,2017-01-01,female,chinese,73.0
Terengganu,2017-01-01,male,chinese,132.0
Terengganu,2017-01-01,both,indian,15.0
Terengganu,2017-01-01,female,indian,3.0
Terengganu,2017-01-01,male,indian,12.0
Terengganu,2017-01-01,both,other_citizen,14.0
Terengganu,2017-01-01,female,other_citizen,4.0
Terengganu,2017-01-01,male,other_citizen,10.0
Terengganu,2017-01-01,both,other_noncitizen,34.0
Terengganu,2017-01-01,female,other_noncitizen,12.0
Terengganu,2017-01-01,male,other_noncitizen,22.0
Terengganu,2017-01-01,both,overall,7048.0
Terengganu,2017-01-01,female,overall,3018.0
Terengganu,2017-01-01,male,overall,4030.0
Terengganu,2018-01-01,both,bumi_malay,6833.0
Terengganu,2018-01-01,female,bumi_malay,2934.0
Terengganu,2018-01-01,male,bumi_malay,3899.0
Terengganu,2018-01-01,both,bumi_other,10.0
Terengganu,2018-01-01,female,bumi_other,3.0
Terengganu,2018-01-01,male,bumi_other,7.0
Terengganu,2018-01-01,both,chinese,180.0
Terengganu,2018-01-01,female,chinese,81.0
Terengganu,2018-01-01,male,chinese,99.0
Terengganu,2018-01-01,both,indian,16.0
Terengganu,2018-01-01,female,indian,1.0
Terengganu,2018-01-01,male,indian,15.0
Terengganu,2018-01-01,both,other_citizen,17.0
Terengganu,2018-01-01,female,other_citizen,7.0
Terengganu,2018-01-01,male,other_citizen,10.0
Terengganu,2018-01-01,both,other_noncitizen,43.0
Terengganu,2018-01-01,female,other_noncitizen,21.0
Terengganu,2018-01-01,male,other_noncitizen,22.0
Terengganu,2018-01-01,both,overall,7099.0
Terengganu,2018-01-01,female,overall,3047.0
Terengganu,2018-01-01,male,overall,4052.0
Terengganu,2019-01-01,both,bumi_malay,7044.0
Terengganu,2019-01-01,female,bumi_malay,3019.0
Terengganu,2019-01-01,male,bumi_malay,4025.0
Terengganu,2019-01-01,both,bumi_other,11.0
Terengganu,2019-01-01,female,bumi_other,5.0
Terengganu,2019-01-01,male,bumi_other,6.0
Terengganu,2019-01-01,both,chinese,237.0
Terengganu,2019-01-01,female,chinese,92.0
Terengganu,2019-01-01,male,chinese,145.0
Terengganu,2019-01-01,both,indian,10.0
Terengganu,2019-01-01,female,indian,1.0
Terengganu,2019-01-01,male,indian,9.0
Terengganu,2019-01-01,both,other_citizen,13.0
Terengganu,2019-01-01,female,other_citizen,7.0
Terengganu,2019-01-01,male,other_citizen,6.0
Terengganu,2019-01-01,both,other_noncitizen,26.0
Terengganu,2019-01-01,female,other_noncitizen,10.0
Terengganu,2019-01-01,male,other_noncitizen,16.0
Terengganu,2019-01-01,both,overall,7341.0
Terengganu,2019-01-01,female,overall,3134.0
Terengganu,2019-01-01,male,overall,4207.0
Terengganu,2020-01-01,both,bumi_malay,6472.0
Terengganu,2020-01-01,female,bumi_malay,2761.0
Terengganu,2020-01-01,male,bumi_malay,3711.0
Terengganu,2020-01-01,both,bumi_other,12.0
Terengganu,2020-01-01,female,bumi_other,7.0
Terengganu,2020-01-01,male,bumi_other,5.0
Terengganu,2020-01-01,both,chinese,191.0
Terengganu,2020-01-01,female,chinese,67.0
Terengganu,2020-01-01,male,chinese,124.0
Terengganu,2020-01-01,both,indian,14.0
Terengganu,2020-01-01,female,indian,5.0
Terengganu,2020-01-01,male,indian,9.0
Terengganu,2020-01-01,both,other_citizen,16.0
Terengganu,2020-01-01,female,other_citizen,5.0
Terengganu,2020-01-01,male,other_citizen,11.0
Terengganu,2020-01-01,both,other_noncitizen,31.0
Terengganu,2020-01-01,female,other_noncitizen,10.0
Terengganu,2020-01-01,male,other_noncitizen,21.0
Terengganu,2020-01-01,both,overall,6736.0
Terengganu,2020-01-01,female,overall,2855.0
Terengganu,2020-01-01,male,overall,3881.0
Terengganu,2021-01-01,both,bumi_malay,8138.0
Terengganu,2021-01-01,female,bumi_malay,3699.0
Terengganu,2021-01-01,male,bumi_malay,4439.0
Terengganu,2021-01-01,both,bumi_other,12.0
Terengganu,2021-01-01,female,bumi_other,3.0
Terengganu,2021-01-01,male,bumi_other,9.0
Terengganu,2021-01-01,both,chinese,228.0
Terengganu,2021-01-01,female,chinese,85.0
Terengganu,2021-01-01,male,chinese,143.0
Terengganu,2021-01-01,both,indian,19.0
Terengganu,2021-01-01,female,indian,4.0
Terengganu,2021-01-01,male,indian,15.0
Terengganu,2021-01-01,both,other_citizen,21.0
Terengganu,2021-01-01,female,other_citizen,13.0
Terengganu,2021-01-01,male,other_citizen,8.0
Terengganu,2021-01-01,both,other_noncitizen,51.0
Terengganu,2021-01-01,female,other_noncitizen,20.0
Terengganu,2021-01-01,male,other_noncitizen,31.0
Terengganu,2021-01-01,both,overall,8469.0
Terengganu,2021-01-01,female,overall,3824.0
Terengganu,2021-01-01,male,overall,4645.0
Terengganu,2022-01-01,both,bumi_malay,8346.0
Terengganu,2022-01-01,female,bumi_malay,3775.0
Terengganu,2022-01-01,male,bumi_malay,4571.0
Terengganu,2022-01-01,both,bumi_other,13.0
Terengganu,2022-01-01,female,bumi_other,5.0
Terengganu,2022-01-01,male,bumi_other,8.0
Terengganu,2022-01-01,both,chinese,241.0
Terengganu,2022-01-01,female,chinese,100.0
Terengganu,2022-01-01,male,chinese,141.0
Terengganu,2022-01-01,both,indian,21.0
Terengganu,2022-01-01,female,indian,11.0
Terengganu,2022-01-01,male,indian,10.0
Terengganu,2022-01-01,both,other_citizen,15.0
Terengganu,2022-01-01,female,other_citizen,6.0
Terengganu,2022-01-01,male,other_citizen,9.0
Terengganu,2022-01-01,both,other_noncitizen,50.0
Terengganu,2022-01-01,female,other_noncitizen,27.0
Terengganu,2022-01-01,male,other_noncitizen,23.0
Terengganu,2022-01-01,both,overall,8686.0
Terengganu,2022-01-01,female,overall,3924.0
Terengganu,2022-01-01,male,overall,4762.0
Terengganu,2023-01-01,both,bumi_malay,7527.0
Terengganu,2023-01-01,female,bumi_malay,3305.0
Terengganu,2023-01-01,male,bumi_malay,4222.0
Terengganu,2023-01-01,both,bumi_other,16.0
Terengganu,2023-01-01,female,bumi_other,8.0
Terengganu,2023-01-01,male,bumi_other,8.0
Terengganu,2023-01-01,both,chinese,232.0
Terengganu,2023-01-01,female,chinese,78.0
Terengganu,2023-01-01,male,chinese,154.0
Terengganu,2023-01-01,both,indian,22.0
Terengganu,2023-01-01,female,indian,4.0
Terengganu,2023-01-01,male,indian,18.0
Terengganu,2023-01-01,both,other_citizen,
Terengganu,2023-01-01,female,other_citizen,
Terengganu,2023-01-01,male,other_citizen,
Terengganu,2023-01-01,both,other_noncitizen,
Terengganu,2023-01-01,female,other_noncitizen,
Terengganu,2023-01-01,male,other_noncitizen,
Terengganu,2023-01-01,both,overall,7857.0
Terengganu,2023-01-01,female,overall,3416.0
Terengganu,2023-01-01,male,overall,4441.0
Terengganu,2024-01-01,both,bumi_malay,7334.0
Terengganu,2024-01-01,female,bumi_malay,3283.0
Terengganu,2024-01-01,male,bumi_malay,4051.0
Terengganu,2024-01-01,both,bumi_other,16.0
Terengganu,2024-01-01,female,bumi_other,7.0
Terengganu,2024-01-01,male,bumi_other,9.0
Terengganu,2024-01-01,both,chinese,228.0
Terengganu,2024-01-01,female,chinese,93.0
Terengganu,2024-01-01,male,chinese,135.0
Terengganu,2024-01-01,both,indian,17.0
Terengganu,2024-01-01,female,indian,9.0
Terengganu,2024-01-01,male,indian,8.0
Terengganu,2024-01-01,both,other_citizen,
Terengganu,2024-01-01,female,other_citizen,
Terengganu,2024-01-01,male,other_citizen,
Terengganu,2024-01-01,both,other_noncitizen,
Terengganu,2024-01-01,female,other_noncitizen,
Terengganu,2024-01-01,male,other_noncitizen,
Terengganu,2024-01-01,both,overall,7668.0
Terengganu,2024-01-01,female,overall,3420.0
Terengganu,2024-01-01,male,overall,4248.0
W.P. Kuala Lumpur,2000-01-01,both,bumi_malay,1509.0
W.P. Kuala Lumpur,2000-01-01,female,bumi_malay,630.0
W.P. Kuala Lumpur,2000-01-01,male,bumi_malay,879.0
W.P. Kuala Lumpur,2000-01-01,both,bumi_other,18.0
W.P. Kuala Lumpur,2000-01-01,female,bumi_other,6.0
W.P. Kuala Lumpur,2000-01-01,male,bumi_other,12.0
W.P. Kuala Lumpur,2000-01-01,both,chinese,2772.0
W.P. Kuala Lumpur,2000-01-01,female,chinese,1207.0
W.P. Kuala Lumpur,2000-01-01,male,chinese,1565.0
W.P. Kuala Lumpur,2000-01-01,both,indian,787.0
W.P. Kuala Lumpur,2000-01-01,female,indian,277.0
W.P. Kuala Lumpur,2000-01-01,male,indian,510.0
W.P. Kuala Lumpur,2000-01-01,both,other_citizen,57.0
W.P. Kuala Lumpur,2000-01-01,female,other_citizen,33.0
W.P. Kuala Lumpur,2000-01-01,male,other_citizen,24.0
W.P. Kuala Lumpur,2000-01-01,both,other_noncitizen,349.0
W.P. Kuala Lumpur,2000-01-01,female,other_noncitizen,170.0
W.P. Kuala Lumpur,2000-01-01,male,other_noncitizen,179.0
W.P. Kuala Lumpur,2000-01-01,both,overall,5492.0
W.P. Kuala Lumpur,2000-01-01,female,overall,2323.0
W.P. Kuala Lumpur,2000-01-01,male,overall,3169.0
W.P. Kuala Lumpur,2001-01-01,both,bumi_malay,1594.0
W.P. Kuala Lumpur,2001-01-01,female,bumi_malay,644.0
W.P. Kuala Lumpur,2001-01-01,male,bumi_malay,950.0
W.P. Kuala Lumpur,2001-01-01,both,bumi_other,13.0
W.P. Kuala Lumpur,2001-01-01,female,bumi_other,6.0
W.P. Kuala Lumpur,2001-01-01,male,bumi_other,7.0
W.P. Kuala Lumpur,2001-01-01,both,chinese,2952.0
W.P. Kuala Lumpur,2001-01-01,female,chinese,1302.0
W.P. Kuala Lumpur,2001-01-01,male,chinese,1650.0
W.P. Kuala Lumpur,2001-01-01,both,indian,797.0
W.P. Kuala Lumpur,2001-01-01,female,indian,286.0
W.P. Kuala Lumpur,2001-01-01,male,indian,511.0
W.P. Kuala Lumpur,2001-01-01,both,other_citizen,37.0
W.P. Kuala Lumpur,2001-01-01,female,other_citizen,16.0
W.P. Kuala Lumpur,2001-01-01,male,other_citizen,21.0
W.P. Kuala Lumpur,2001-01-01,both,other_noncitizen,353.0
W.P. Kuala Lumpur,2001-01-01,female,other_noncitizen,163.0
W.P. Kuala Lumpur,2001-01-01,male,other_noncitizen,190.0
W.P. Kuala Lumpur,2001-01-01,both,overall,5746.0
W.P. Kuala Lumpur,2001-01-01,female,overall,2417.0
W.P. Kuala Lumpur,2001-01-01,male,overall,3329.0
W.P. Kuala Lumpur,2002-01-01,both,bumi_malay,1801.0
W.P. Kuala Lumpur,2002-01-01,female,bumi_malay,694.0
W.P. Kuala Lumpur,2002-01-01,male,bumi_malay,1107.0
W.P. Kuala Lumpur,2002-01-01,both,bumi_other,14.0
W.P. Kuala Lumpur,2002-01-01,female,bumi_other,3.0
W.P. Kuala Lumpur,2002-01-01,male,bumi_other,11.0
W.P. Kuala Lumpur,2002-01-01,both,chinese,2988.0
W.P. Kuala Lumpur,2002-01-01,female,chinese,1348.0
W.P. Kuala Lumpur,2002-01-01,male,chinese,1640.0
W.P. Kuala Lumpur,2002-01-01,both,indian,831.0
W.P. Kuala Lumpur,2002-01-01,female,indian,292.0
W.P. Kuala Lumpur,2002-01-01,male,indian,539.0
W.P. Kuala Lumpur,2002-01-01,both,other_citizen,81.0
W.P. Kuala Lumpur,2002-01-01,female,other_citizen,34.0
W.P. Kuala Lumpur,2002-01-01,male,other_citizen,47.0
W.P. Kuala Lumpur,2002-01-01,both,other_noncitizen,343.0
W.P. Kuala Lumpur,2002-01-01,female,other_noncitizen,168.0
W.P. Kuala Lumpur,2002-01-01,male,other_noncitizen,175.0
W.P. Kuala Lumpur,2002-01-01,both,overall,6058.0
W.P. Kuala Lumpur,2002-01-01,female,overall,2539.0
W.P. Kuala Lumpur,2002-01-01,male,overall,3519.0
W.P. Kuala Lumpur,2003-01-01,both,bumi_malay,1583.0
W.P. Kuala Lumpur,2003-01-01,female,bumi_malay,644.0
W.P. Kuala Lumpur,2003-01-01,male,bumi_malay,939.0
W.P. Kuala Lumpur,2003-01-01,both,bumi_other,17.0
W.P. Kuala Lumpur,2003-01-01,female,bumi_other,5.0
W.P. Kuala Lumpur,2003-01-01,male,bumi_other,12.0
W.P. Kuala Lumpur,2003-01-01,both,chinese,3126.0
W.P. Kuala Lumpur,2003-01-01,female,chinese,1422.0
W.P. Kuala Lumpur,2003-01-01,male,chinese,1704.0
W.P. Kuala Lumpur,2003-01-01,both,indian,752.0
W.P. Kuala Lumpur,2003-01-01,female,indian,256.0
W.P. Kuala Lumpur,2003-01-01,male,indian,496.0
W.P. Kuala Lumpur,2003-01-01,both,other_citizen,55.0
W.P. Kuala Lumpur,2003-01-01,female,other_citizen,27.0
W.P. Kuala Lumpur,2003-01-01,male,other_citizen,28.0
W.P. Kuala Lumpur,2003-01-01,both,other_noncitizen,355.0
W.P. Kuala Lumpur,2003-01-01,female,other_noncitizen,168.0
W.P. Kuala Lumpur,2003-01-01,male,other_noncitizen,187.0
W.P. Kuala Lumpur,2003-01-01,both,overall,5888.0
W.P. Kuala Lumpur,2003-01-01,female,overall,2522.0
W.P. Kuala Lumpur,2003-01-01,male,overall,3366.0
W.P. Kuala Lumpur,2004-01-01,both,bumi_malay,1628.0
W.P. Kuala Lumpur,2004-01-01,female,bumi_malay,680.0
W.P. Kuala Lumpur,2004-01-01,male,bumi_malay,948.0
W.P. Kuala Lumpur,2004-01-01,both,bumi_other,18.0
W.P. Kuala Lumpur,2004-01-01,female,bumi_other,7.0
W.P. Kuala Lumpur,2004-01-01,male,bumi_other,11.0
W.P. Kuala Lumpur,2004-01-01,both,chinese,2937.0
W.P. Kuala Lumpur,2004-01-01,female,chinese,1278.0
W.P. Kuala Lumpur,2004-01-01,male,chinese,1659.0
W.P. Kuala Lumpur,2004-01-01,both,indian,781.0
W.P. Kuala Lumpur,2004-01-01,female,indian,254.0
W.P. Kuala Lumpur,2004-01-01,male,indian,527.0
W.P. Kuala Lumpur,2004-01-01,both,other_citizen,63.0
W.P. Kuala Lumpur,2004-01-01,female,other_citizen,26.0
W.P. Kuala Lumpur,2004-01-01,male,other_citizen,37.0
W.P. Kuala Lumpur,2004-01-01,both,other_noncitizen,323.0
W.P. Kuala Lumpur,2004-01-01,female,other_noncitizen,176.0
W.P. Kuala Lumpur,2004-01-01,male,other_noncitizen,147.0
W.P. Kuala Lumpur,2004-01-01,both,overall,5750.0
W.P. Kuala Lumpur,2004-01-01,female,overall,2421.0
W.P. Kuala Lumpur,2004-01-01,male,overall,3329.0
W.P. Kuala Lumpur,2005-01-01,both,bumi_malay,1540.0
W.P. Kuala Lumpur,2005-01-01,female,bumi_malay,652.0
W.P. Kuala Lumpur,2005-01-01,male,bumi_malay,888.0
W.P. Kuala Lumpur,2005-01-01,both,bumi_other,16.0
W.P. Kuala Lumpur,2005-01-01,female,bumi_other,3.0
W.P. Kuala Lumpur,2005-01-01,male,bumi_other,13.0
W.P. Kuala Lumpur,2005-01-01,both,chinese,2932.0
W.P. Kuala Lumpur,2005-01-01,female,chinese,1291.0
W.P. Kuala Lumpur,2005-01-01,male,chinese,1641.0
W.P. Kuala Lumpur,2005-01-01,both,indian,752.0
W.P. Kuala Lumpur,2005-01-01,female,indian,274.0
W.P. Kuala Lumpur,2005-01-01,male,indian,478.0
W.P. Kuala Lumpur,2005-01-01,both,other_citizen,39.0
W.P. Kuala Lumpur,2005-01-01,female,other_citizen,14.0
W.P. Kuala Lumpur,2005-01-01,male,other_citizen,25.0
W.P. Kuala Lumpur,2005-01-01,both,other_noncitizen,356.0
W.P. Kuala Lumpur,2005-01-01,female,other_noncitizen,189.0
W.P. Kuala Lumpur,2005-01-01,male,other_noncitizen,167.0
W.P. Kuala Lumpur,2005-01-01,both,overall,5635.0
W.P. Kuala Lumpur,2005-01-01,female,overall,2423.0
W.P. Kuala Lumpur,2005-01-01,male,overall,3212.0
W.P. Kuala Lumpur,2006-01-01,both,bumi_malay,1739.0
W.P. Kuala Lumpur,2006-01-01,female,bumi_malay,726.0
W.P. Kuala Lumpur,2006-01-01,male,bumi_malay,1013.0
W.P. Kuala Lumpur,2006-01-01,both,bumi_other,14.0
W.P. Kuala Lumpur,2006-01-01,female,bumi_other,3.0
W.P. Kuala Lumpur,2006-01-01,male,bumi_other,11.0
W.P. Kuala Lumpur,2006-01-01,both,chinese,2882.0
W.P. Kuala Lumpur,2006-01-01,female,chinese,1252.0
W.P. Kuala Lumpur,2006-01-01,male,chinese,1630.0
W.P. Kuala Lumpur,2006-01-01,both,indian,767.0
W.P. Kuala Lumpur,2006-01-01,female,indian,283.0
W.P. Kuala Lumpur,2006-01-01,male,indian,484.0
W.P. Kuala Lumpur,2006-01-01,both,other_citizen,56.0
W.P. Kuala Lumpur,2006-01-01,female,other_citizen,20.0
W.P. Kuala Lumpur,2006-01-01,male,other_citizen,36.0
W.P. Kuala Lumpur,2006-01-01,both,other_noncitizen,333.0
W.P. Kuala Lumpur,2006-01-01,female,other_noncitizen,171.0
W.P. Kuala Lumpur,2006-01-01,male,other_noncitizen,162.0
W.P. Kuala Lumpur,2006-01-01,both,overall,5791.0
W.P. Kuala Lumpur,2006-01-01,female,overall,2455.0
W.P. Kuala Lumpur,2006-01-01,male,overall,3336.0
W.P. Kuala Lumpur,2007-01-01,both,bumi_malay,1787.0
W.P. Kuala Lumpur,2007-01-01,female,bumi_malay,786.0
W.P. Kuala Lumpur,2007-01-01,male,bumi_malay,1001.0
W.P. Kuala Lumpur,2007-01-01,both,bumi_other,26.0
W.P. Kuala Lumpur,2007-01-01,female,bumi_other,6.0
W.P. Kuala Lumpur,2007-01-01,male,bumi_other,20.0
W.P. Kuala Lumpur,2007-01-01,both,chinese,3003.0
W.P. Kuala Lumpur,2007-01-01,female,chinese,1290.0
W.P. Kuala Lumpur,2007-01-01,male,chinese,1713.0
W.P. Kuala Lumpur,2007-01-01,both,indian,776.0
W.P. Kuala Lumpur,2007-01-01,female,indian,295.0
W.P. Kuala Lumpur,2007-01-01,male,indian,481.0
W.P. Kuala Lumpur,2007-01-01,both,other_citizen,46.0
W.P. Kuala Lumpur,2007-01-01,female,other_citizen,18.0
W.P. Kuala Lumpur,2007-01-01,male,other_citizen,28.0
W.P. Kuala Lumpur,2007-01-01,both,other_noncitizen,377.0
W.P. Kuala Lumpur,2007-01-01,female,other_noncitizen,203.0
W.P. Kuala Lumpur,2007-01-01,male,other_noncitizen,174.0
W.P. Kuala Lumpur,2007-01-01,both,overall,6015.0
W.P. Kuala Lumpur,2007-01-01,female,overall,2598.0
W.P. Kuala Lumpur,2007-01-01,male,overall,3417.0
W.P. Kuala Lumpur,2008-01-01,both,bumi_malay,1844.0
W.P. Kuala Lumpur,2008-01-01,female,bumi_malay,798.0
W.P. Kuala Lumpur,2008-01-01,male,bumi_malay,1046.0
W.P. Kuala Lumpur,2008-01-01,both,bumi_other,27.0
W.P. Kuala Lumpur,2008-01-01,female,bumi_other,9.0
W.P. Kuala Lumpur,2008-01-01,male,bumi_other,18.0
W.P. Kuala Lumpur,2008-01-01,both,chinese,3077.0
W.P. Kuala Lumpur,2008-01-01,female,chinese,1401.0
W.P. Kuala Lumpur,2008-01-01,male,chinese,1676.0
W.P. Kuala Lumpur,2008-01-01,both,indian,811.0
W.P. Kuala Lumpur,2008-01-01,female,indian,284.0
W.P. Kuala Lumpur,2008-01-01,male,indian,527.0
W.P. Kuala Lumpur,2008-01-01,both,other_citizen,74.0
W.P. Kuala Lumpur,2008-01-01,female,other_citizen,32.0
W.P. Kuala Lumpur,2008-01-01,male,other_citizen,42.0
W.P. Kuala Lumpur,2008-01-01,both,other_noncitizen,331.0
W.P. Kuala Lumpur,2008-01-01,female,other_noncitizen,167.0
W.P. Kuala Lumpur,2008-01-01,male,other_noncitizen,164.0
W.P. Kuala Lumpur,2008-01-01,both,overall,6164.0
W.P. Kuala Lumpur,2008-01-01,female,overall,2691.0
W.P. Kuala Lumpur,2008-01-01,male,overall,3473.0
W.P. Kuala Lumpur,2009-01-01,both,bumi_malay,1909.0
W.P. Kuala Lumpur,2009-01-01,female,bumi_malay,765.0
W.P. Kuala Lumpur,2009-01-01,male,bumi_malay,1144.0
W.P. Kuala Lumpur,2009-01-01,both,bumi_other,25.0
W.P. Kuala Lumpur,2009-01-01,female,bumi_other,8.0
W.P. Kuala Lumpur,2009-01-01,male,bumi_other,17.0
W.P. Kuala Lumpur,2009-01-01,both,chinese,3237.0
W.P. Kuala Lumpur,2009-01-01,female,chinese,1362.0
W.P. Kuala Lumpur,2009-01-01,male,chinese,1875.0
W.P. Kuala Lumpur,2009-01-01,both,indian,908.0
W.P. Kuala Lumpur,2009-01-01,female,indian,333.0
W.P. Kuala Lumpur,2009-01-01,male,indian,575.0
W.P. Kuala Lumpur,2009-01-01,both,other_citizen,70.0
W.P. Kuala Lumpur,2009-01-01,female,other_citizen,27.0
W.P. Kuala Lumpur,2009-01-01,male,other_citizen,43.0
W.P. Kuala Lumpur,2009-01-01,both,other_noncitizen,321.0
W.P. Kuala Lumpur,2009-01-01,female,other_noncitizen,167.0
W.P. Kuala Lumpur,2009-01-01,male,other_noncitizen,154.0
W.P. Kuala Lumpur,2009-01-01,both,overall,6470.0
W.P. Kuala Lumpur,2009-01-01,female,overall,2662.0
W.P. Kuala Lumpur,2009-01-01,male,overall,3808.0
W.P. Kuala Lumpur,2010-01-01,both,bumi_malay,1903.0
W.P. Kuala Lumpur,2010-01-01,female,bumi_malay,746.0
W.P. Kuala Lumpur,2010-01-01,male,bumi_malay,1157.0
W.P. Kuala Lumpur,2010-01-01,both,bumi_other,28.0
W.P. Kuala Lumpur,2010-01-01,female,bumi_other,6.0
W.P. Kuala Lumpur,2010-01-01,male,bumi_other,22.0
W.P. Kuala Lumpur,2010-01-01,both,chinese,3222.0
W.P. Kuala Lumpur,2010-01-01,female,chinese,1388.0
W.P. Kuala Lumpur,2010-01-01,male,chinese,1834.0
W.P. Kuala Lumpur,2010-01-01,both,indian,891.0
W.P. Kuala Lumpur,2010-01-01,female,indian,302.0
W.P. Kuala Lumpur,2010-01-01,male,indian,589.0
W.P. Kuala Lumpur,2010-01-01,both,other_citizen,62.0
W.P. Kuala Lumpur,2010-01-01,female,other_citizen,30.0
W.P. Kuala Lumpur,2010-01-01,male,other_citizen,32.0
W.P. Kuala Lumpur,2010-01-01,both,other_noncitizen,359.0
W.P. Kuala Lumpur,2010-01-01,female,other_noncitizen,167.0
W.P. Kuala Lumpur,2010-01-01,male,other_noncitizen,192.0
W.P. Kuala Lumpur,2010-01-01,both,overall,6465.0
W.P. Kuala Lumpur,2010-01-01,female,overall,2639.0
W.P. Kuala Lumpur,2010-01-01,male,overall,3826.0
W.P. Kuala Lumpur,2011-01-01,both,bumi_malay,2144.0
W.P. Kuala Lumpur,2011-01-01,female,bumi_malay,865.0
W.P. Kuala Lumpur,2011-01-01,male,bumi_malay,1279.0
W.P. Kuala Lumpur,2011-01-01,both,bumi_other,37.0
W.P. Kuala Lumpur,2011-01-01,female,bumi_other,10.0
W.P. Kuala Lumpur,2011-01-01,male,bumi_other,27.0
W.P. Kuala Lumpur,2011-01-01,both,chinese,3451.0
W.P. Kuala Lumpur,2011-01-01,female,chinese,1504.0
W.P. Kuala Lumpur,2011-01-01,male,chinese,1947.0
W.P. Kuala Lumpur,2011-01-01,both,indian,876.0
W.P. Kuala Lumpur,2011-01-01,female,indian,296.0
W.P. Kuala Lumpur,2011-01-01,male,indian,580.0
W.P. Kuala Lumpur,2011-01-01,both,other_citizen,67.0
W.P. Kuala Lumpur,2011-01-01,female,other_citizen,30.0
W.P. Kuala Lumpur,2011-01-01,male,other_citizen,37.0
W.P. Kuala Lumpur,2011-01-01,both,other_noncitizen,352.0
W.P. Kuala Lumpur,2011-01-01,female,other_noncitizen,170.0
W.P. Kuala Lumpur,2011-01-01,male,other_noncitizen,182.0
W.P. Kuala Lumpur,2011-01-01,both,overall,6927.0
W.P. Kuala Lumpur,2011-01-01,female,overall,2875.0
W.P. Kuala Lumpur,2011-01-01,male,overall,4052.0
W.P. Kuala Lumpur,2012-01-01,both,bumi_malay,2230.0
W.P. Kuala Lumpur,2012-01-01,female,bumi_malay,926.0
W.P. Kuala Lumpur,2012-01-01,male,bumi_malay,1304.0
W.P. Kuala Lumpur,2012-01-01,both,bumi_other,35.0
W.P. Kuala Lumpur,2012-01-01,female,bumi_other,11.0
W.P. Kuala Lumpur,2012-01-01,male,bumi_other,24.0
W.P. Kuala Lumpur,2012-01-01,both,chinese,3282.0
W.P. Kuala Lumpur,2012-01-01,female,chinese,1409.0
W.P. Kuala Lumpur,2012-01-01,male,chinese,1873.0
W.P. Kuala Lumpur,2012-01-01,both,indian,992.0
W.P. Kuala Lumpur,2012-01-01,female,indian,350.0
W.P. Kuala Lumpur,2012-01-01,male,indian,642.0
W.P. Kuala Lumpur,2012-01-01,both,other_citizen,79.0
W.P. Kuala Lumpur,2012-01-01,female,other_citizen,33.0
W.P. Kuala Lumpur,2012-01-01,male,other_citizen,46.0
W.P. Kuala Lumpur,2012-01-01,both,other_noncitizen,378.0
W.P. Kuala Lumpur,2012-01-01,female,other_noncitizen,175.0
W.P. Kuala Lumpur,2012-01-01,male,other_noncitizen,203.0
W.P. Kuala Lumpur,2012-01-01,both,overall,6996.0
W.P. Kuala Lumpur,2012-01-01,female,overall,2904.0
W.P. Kuala Lumpur,2012-01-01,male,overall,4092.0
W.P. Kuala Lumpur,2013-01-01,both,bumi_malay,2361.0
W.P. Kuala Lumpur,2013-01-01,female,bumi_malay,1021.0
W.P. Kuala Lumpur,2013-01-01,male,bumi_malay,1340.0
W.P. Kuala Lumpur,2013-01-01,both,bumi_other,54.0
W.P. Kuala Lumpur,2013-01-01,female,bumi_other,18.0
W.P. Kuala Lumpur,2013-01-01,male,bumi_other,36.0
W.P. Kuala Lumpur,2013-01-01,both,chinese,3412.0
W.P. Kuala Lumpur,2013-01-01,female,chinese,1485.0
W.P. Kuala Lumpur,2013-01-01,male,chinese,1927.0
W.P. Kuala Lumpur,2013-01-01,both,indian,985.0
W.P. Kuala Lumpur,2013-01-01,female,indian,376.0
W.P. Kuala Lumpur,2013-01-01,male,indian,609.0
W.P. Kuala Lumpur,2013-01-01,both,other_citizen,82.0
W.P. Kuala Lumpur,2013-01-01,female,other_citizen,29.0
W.P. Kuala Lumpur,2013-01-01,male,other_citizen,53.0
W.P. Kuala Lumpur,2013-01-01,both,other_noncitizen,289.0
W.P. Kuala Lumpur,2013-01-01,female,other_noncitizen,137.0
W.P. Kuala Lumpur,2013-01-01,male,other_noncitizen,152.0
W.P. Kuala Lumpur,2013-01-01,both,overall,7183.0
W.P. Kuala Lumpur,2013-01-01,female,overall,3066.0
W.P. Kuala Lumpur,2013-01-01,male,overall,4117.0
W.P. Kuala Lumpur,2014-01-01,both,bumi_malay,2518.0
W.P. Kuala Lumpur,2014-01-01,female,bumi_malay,1030.0
W.P. Kuala Lumpur,2014-01-01,male,bumi_malay,1488.0
W.P. Kuala Lumpur,2014-01-01,both,bumi_other,42.0
W.P. Kuala Lumpur,2014-01-01,female,bumi_other,12.0
W.P. Kuala Lumpur,2014-01-01,male,bumi_other,30.0
W.P. Kuala Lumpur,2014-01-01,both,chinese,3688.0
W.P. Kuala Lumpur,2014-01-01,female,chinese,1536.0
W.P. Kuala Lumpur,2014-01-01,male,chinese,2152.0
W.P. Kuala Lumpur,2014-01-01,both,indian,992.0
W.P. Kuala Lumpur,2014-01-01,female,indian,377.0
W.P. Kuala Lumpur,2014-01-01,male,indian,615.0
W.P. Kuala Lumpur,2014-01-01,both,other_citizen,82.0
W.P. Kuala Lumpur,2014-01-01,female,other_citizen,31.0
W.P. Kuala Lumpur,2014-01-01,male,other_citizen,51.0
W.P. Kuala Lumpur,2014-01-01,both,other_noncitizen,325.0
W.P. Kuala Lumpur,2014-01-01,female,other_noncitizen,153.0
W.P. Kuala Lumpur,2014-01-01,male,other_noncitizen,172.0
W.P. Kuala Lumpur,2014-01-01,both,overall,7647.0
W.P. Kuala Lumpur,2014-01-01,female,overall,3139.0
W.P. Kuala Lumpur,2014-01-01,male,overall,4508.0
W.P. Kuala Lumpur,2015-01-01,both,bumi_malay,2456.0
W.P. Kuala Lumpur,2015-01-01,female,bumi_malay,1043.0
W.P. Kuala Lumpur,2015-01-01,male,bumi_malay,1413.0
W.P. Kuala Lumpur,2015-01-01,both,bumi_other,38.0
W.P. Kuala Lumpur,2015-01-01,female,bumi_other,4.0
W.P. Kuala Lumpur,2015-01-01,male,bumi_other,34.0
W.P. Kuala Lumpur,2015-01-01,both,chinese,3704.0
W.P. Kuala Lumpur,2015-01-01,female,chinese,1600.0
W.P. Kuala Lumpur,2015-01-01,male,chinese,2104.0
W.P. Kuala Lumpur,2015-01-01,both,indian,1001.0
W.P. Kuala Lumpur,2015-01-01,female,indian,378.0
W.P. Kuala Lumpur,2015-01-01,male,indian,623.0
W.P. Kuala Lumpur,2015-01-01,both,other_citizen,82.0
W.P. Kuala Lumpur,2015-01-01,female,other_citizen,33.0
W.P. Kuala Lumpur,2015-01-01,male,other_citizen,49.0
W.P. Kuala Lumpur,2015-01-01,both,other_noncitizen,327.0
W.P. Kuala Lumpur,2015-01-01,female,other_noncitizen,155.0
W.P. Kuala Lumpur,2015-01-01,male,other_noncitizen,172.0
W.P. Kuala Lumpur,2015-01-01,both,overall,7608.0
W.P. Kuala Lumpur,2015-01-01,female,overall,3213.0
W.P. Kuala Lumpur,2015-01-01,male,overall,4395.0
W.P. Kuala Lumpur,2016-01-01,both,bumi_malay,2741.0
W.P. Kuala Lumpur,2016-01-01,female,bumi_malay,1120.0
W.P. Kuala Lumpur,2016-01-01,male,bumi_malay,1621.0
W.P. Kuala Lumpur,2016-01-01,both,bumi_other,45.0
W.P. Kuala Lumpur,2016-01-01,female,bumi_other,12.0
W.P. Kuala Lumpur,2016-01-01,male,bumi_other,33.0
W.P. Kuala Lumpur,2016-01-01,both,chinese,3855.0
W.P. Kuala Lumpur,2016-01-01,female,chinese,1635.0
W.P. Kuala Lumpur,2016-01-01,male,chinese,2220.0
W.P. Kuala Lumpur,2016-01-01,both,indian,1032.0
W.P. Kuala Lumpur,2016-01-01,female,indian,399.0
W.P. Kuala Lumpur,2016-01-01,male,indian,633.0
W.P. Kuala Lumpur,2016-01-01,both,other_citizen,92.0
W.P. Kuala Lumpur,2016-01-01,female,other_citizen,30.0
W.P. Kuala Lumpur,2016-01-01,male,other_citizen,62.0
W.P. Kuala Lumpur,2016-01-01,both,other_noncitizen,312.0
W.P. Kuala Lumpur,2016-01-01,female,other_noncitizen,148.0
W.P. Kuala Lumpur,2016-01-01,male,other_noncitizen,164.0
W.P. Kuala Lumpur,2016-01-01,both,overall,8077.0
W.P. Kuala Lumpur,2016-01-01,female,overall,3344.0
W.P. Kuala Lumpur,2016-01-01,male,overall,4733.0
W.P. Kuala Lumpur,2017-01-01,both,bumi_malay,2695.0
W.P. Kuala Lumpur,2017-01-01,female,bumi_malay,1117.0
W.P. Kuala Lumpur,2017-01-01,male,bumi_malay,1578.0
W.P. Kuala Lumpur,2017-01-01,both,bumi_other,42.0
W.P. Kuala Lumpur,2017-01-01,female,bumi_other,13.0
W.P. Kuala Lumpur,2017-01-01,male,bumi_other,29.0
W.P. Kuala Lumpur,2017-01-01,both,chinese,3922.0
W.P. Kuala Lumpur,2017-01-01,female,chinese,1698.0
W.P. Kuala Lumpur,2017-01-01,male,chinese,2224.0
W.P. Kuala Lumpur,2017-01-01,both,indian,1096.0
W.P. Kuala Lumpur,2017-01-01,female,indian,462.0
W.P. Kuala Lumpur,2017-01-01,male,indian,634.0
W.P. Kuala Lumpur,2017-01-01,both,other_citizen,95.0
W.P. Kuala Lumpur,2017-01-01,female,other_citizen,38.0
W.P. Kuala Lumpur,2017-01-01,male,other_citizen,57.0
W.P. Kuala Lumpur,2017-01-01,both,other_noncitizen,355.0
W.P. Kuala Lumpur,2017-01-01,female,other_noncitizen,153.0
W.P. Kuala Lumpur,2017-01-01,male,other_noncitizen,202.0
W.P. Kuala Lumpur,2017-01-01,both,overall,8205.0
W.P. Kuala Lumpur,2017-01-01,female,overall,3481.0
W.P. Kuala Lumpur,2017-01-01,male,overall,4724.0
W.P. Kuala Lumpur,2018-01-01,both,bumi_malay,2858.0
W.P. Kuala Lumpur,2018-01-01,female,bumi_malay,1200.0
W.P. Kuala Lumpur,2018-01-01,male,bumi_malay,1658.0
W.P. Kuala Lumpur,2018-01-01,both,bumi_other,45.0
W.P. Kuala Lumpur,2018-01-01,female,bumi_other,7.0
W.P. Kuala Lumpur,2018-01-01,male,bumi_other,38.0
W.P. Kuala Lumpur,2018-01-01,both,chinese,4009.0
W.P. Kuala Lumpur,2018-01-01,female,chinese,1701.0
W.P. Kuala Lumpur,2018-01-01,male,chinese,2308.0
W.P. Kuala Lumpur,2018-01-01,both,indian,1121.0
W.P. Kuala Lumpur,2018-01-01,female,indian,455.0
W.P. Kuala Lumpur,2018-01-01,male,indian,666.0
W.P. Kuala Lumpur,2018-01-01,both,other_citizen,98.0
W.P. Kuala Lumpur,2018-01-01,female,other_citizen,38.0
W.P. Kuala Lumpur,2018-01-01,male,other_citizen,60.0
W.P. Kuala Lumpur,2018-01-01,both,other_noncitizen,354.0
W.P. Kuala Lumpur,2018-01-01,female,other_noncitizen,155.0
W.P. Kuala Lumpur,2018-01-01,male,other_noncitizen,199.0
W.P. Kuala Lumpur,2018-01-01,both,overall,8485.0
W.P. Kuala Lumpur,2018-01-01,female,overall,3556.0
W.P. Kuala Lumpur,2018-01-01,male,overall,4929.0
W.P. Kuala Lumpur,2019-01-01,both,bumi_malay,3025.0
W.P. Kuala Lumpur,2019-01-01,female,bumi_malay,1238.0
W.P. Kuala Lumpur,2019-01-01,male,bumi_malay,1787.0
W.P. Kuala Lumpur,2019-01-01,both,bumi_other,47.0
W.P. Kuala Lumpur,2019-01-01,female,bumi_other,15.0
W.P. Kuala Lumpur,2019-01-01,male,bumi_other,32.0
W.P. Kuala Lumpur,2019-01-01,both,chinese,4209.0
W.P. Kuala Lumpur,2019-01-01,female,chinese,1770.0
W.P. Kuala Lumpur,2019-01-01,male,chinese,2439.0
W.P. Kuala Lumpur,2019-01-01,both,indian,1146.0
W.P. Kuala Lumpur,2019-01-01,female,indian,465.0
W.P. Kuala Lumpur,2019-01-01,male,indian,681.0
W.P. Kuala Lumpur,2019-01-01,both,other_citizen,82.0
W.P. Kuala Lumpur,2019-01-01,female,other_citizen,37.0
W.P. Kuala Lumpur,2019-01-01,male,other_citizen,45.0
W.P. Kuala Lumpur,2019-01-01,both,other_noncitizen,336.0
W.P. Kuala Lumpur,2019-01-01,female,other_noncitizen,137.0
W.P. Kuala Lumpur,2019-01-01,male,other_noncitizen,199.0
W.P. Kuala Lumpur,2019-01-01,both,overall,8845.0
W.P. Kuala Lumpur,2019-01-01,female,overall,3662.0
W.P. Kuala Lumpur,2019-01-01,male,overall,5183.0
W.P. Kuala Lumpur,2020-01-01,both,bumi_malay,2842.0
W.P. Kuala Lumpur,2020-01-01,female,bumi_malay,1158.0
W.P. Kuala Lumpur,2020-01-01,male,bumi_malay,1684.0
W.P. Kuala Lumpur,2020-01-01,both,bumi_other,44.0
W.P. Kuala Lumpur,2020-01-01,female,bumi_other,10.0
W.P. Kuala Lumpur,2020-01-01,male,bumi_other,34.0
W.P. Kuala Lumpur,2020-01-01,both,chinese,4055.0
W.P. Kuala Lumpur,2020-01-01,female,chinese,1817.0
W.P. Kuala Lumpur,2020-01-01,male,chinese,2238.0
W.P. Kuala Lumpur,2020-01-01,both,indian,1038.0
W.P. Kuala Lumpur,2020-01-01,female,indian,403.0
W.P. Kuala Lumpur,2020-01-01,male,indian,635.0
W.P. Kuala Lumpur,2020-01-01,both,other_citizen,94.0
W.P. Kuala Lumpur,2020-01-01,female,other_citizen,33.0
W.P. Kuala Lumpur,2020-01-01,male,other_citizen,61.0
W.P. Kuala Lumpur,2020-01-01,both,other_noncitizen,261.0
W.P. Kuala Lumpur,2020-01-01,female,other_noncitizen,101.0
W.P. Kuala Lumpur,2020-01-01,male,other_noncitizen,160.0
W.P. Kuala Lumpur,2020-01-01,both,overall,8334.0
W.P. Kuala Lumpur,2020-01-01,female,overall,3522.0
W.P. Kuala Lumpur,2020-01-01,male,overall,4812.0
W.P. Kuala Lumpur,2021-01-01,both,bumi_malay,4514.0
W.P. Kuala Lumpur,2021-01-01,female,bumi_malay,1966.0
W.P. Kuala Lumpur,2021-01-01,male,bumi_malay,2548.0
W.P. Kuala Lumpur,2021-01-01,both,bumi_other,93.0
W.P. Kuala Lumpur,2021-01-01,female,bumi_other,35.0
W.P. Kuala Lumpur,2021-01-01,male,bumi_other,58.0
W.P. Kuala Lumpur,2021-01-01,both,chinese,5792.0
W.P. Kuala Lumpur,2021-01-01,female,chinese,2407.0
W.P. Kuala Lumpur,2021-01-01,male,chinese,3385.0
W.P. Kuala Lumpur,2021-01-01,both,indian,1663.0
W.P. Kuala Lumpur,2021-01-01,female,indian,711.0
W.P. Kuala Lumpur,2021-01-01,male,indian,952.0
W.P. Kuala Lumpur,2021-01-01,both,other_citizen,188.0
W.P. Kuala Lumpur,2021-01-01,female,other_citizen,59.0
W.P. Kuala Lumpur,2021-01-01,male,other_citizen,129.0
W.P. Kuala Lumpur,2021-01-01,both,other_noncitizen,1084.0
W.P. Kuala Lumpur,2021-01-01,female,other_noncitizen,467.0
W.P. Kuala Lumpur,2021-01-01,male,other_noncitizen,617.0
W.P. Kuala Lumpur,2021-01-01,both,overall,13334.0
W.P. Kuala Lumpur,2021-01-01,female,overall,5645.0
W.P. Kuala Lumpur,2021-01-01,male,overall,7689.0
W.P. Kuala Lumpur,2022-01-01,both,bumi_malay,3304.0
W.P. Kuala Lumpur,2022-01-01,female,bumi_malay,1419.0
W.P. Kuala Lumpur,2022-01-01,male,bumi_malay,1885.0
W.P. Kuala Lumpur,2022-01-01,both,bumi_other,50.0
W.P. Kuala Lumpur,2022-01-01,female,bumi_other,11.0
W.P. Kuala Lumpur,2022-01-01,male,bumi_other,39.0
W.P. Kuala Lumpur,2022-01-01,both,chinese,4759.0
W.P. Kuala Lumpur,2022-01-01,female,chinese,2082.0
W.P. Kuala Lumpur,2022-01-01,male,chinese,2677.0
W.P. Kuala Lumpur,2022-01-01,both,indian,1370.0
W.P. Kuala Lumpur,2022-01-01,female,indian,542.0
W.P. Kuala Lumpur,2022-01-01,male,indian,828.0
W.P. Kuala Lumpur,2022-01-01,both,other_citizen,109.0
W.P. Kuala Lumpur,2022-01-01,female,other_citizen,44.0
W.P. Kuala Lumpur,2022-01-01,male,other_citizen,65.0
W.P. Kuala Lumpur,2022-01-01,both,other_noncitizen,370.0
W.P. Kuala Lumpur,2022-01-01,female,other_noncitizen,158.0
W.P. Kuala Lumpur,2022-01-01,male,other_noncitizen,212.0
W.P. Kuala Lumpur,2022-01-01,both,overall,9962.0
W.P. Kuala Lumpur,2022-01-01,female,overall,4256.0
W.P. Kuala Lumpur,2022-01-01,male,overall,5706.0
W.P. Kuala Lumpur,2023-01-01,both,bumi_malay,3225.0
W.P. Kuala Lumpur,2023-01-01,female,bumi_malay,1384.0
W.P. Kuala Lumpur,2023-01-01,male,bumi_malay,1841.0
W.P. Kuala Lumpur,2023-01-01,both,bumi_other,62.0
W.P. Kuala Lumpur,2023-01-01,female,bumi_other,25.0
W.P. Kuala Lumpur,2023-01-01,male,bumi_other,37.0
W.P. Kuala Lumpur,2023-01-01,both,chinese,4483.0
W.P. Kuala Lumpur,2023-01-01,female,chinese,1966.0
W.P. Kuala Lumpur,2023-01-01,male,chinese,2517.0
W.P. Kuala Lumpur,2023-01-01,both,indian,1355.0
W.P. Kuala Lumpur,2023-01-01,female,indian,552.0
W.P. Kuala Lumpur,2023-01-01,male,indian,803.0
W.P. Kuala Lumpur,2023-01-01,both,other_citizen,
W.P. Kuala Lumpur,2023-01-01,female,other_citizen,
W.P. Kuala Lumpur,2023-01-01,male,other_citizen,
W.P. Kuala Lumpur,2023-01-01,both,other_noncitizen,
W.P. Kuala Lumpur,2023-01-01,female,other_noncitizen,
W.P. Kuala Lumpur,2023-01-01,male,other_noncitizen,
W.P. Kuala Lumpur,2023-01-01,both,overall,9646.0
W.P. Kuala Lumpur,2023-01-01,female,overall,4115.0
W.P. Kuala Lumpur,2023-01-01,male,overall,5531.0
W.P. Kuala Lumpur,2024-01-01,both,bumi_malay,3311.0
W.P. Kuala Lumpur,2024-01-01,female,bumi_malay,1413.0
W.P. Kuala Lumpur,2024-01-01,male,bumi_malay,1898.0
W.P. Kuala Lumpur,2024-01-01,both,bumi_other,71.0
W.P. Kuala Lumpur,2024-01-01,female,bumi_other,23.0
W.P. Kuala Lumpur,2024-01-01,male,bumi_other,48.0
W.P. Kuala Lumpur,2024-01-01,both,chinese,4603.0
W.P. Kuala Lumpur,2024-01-01,female,chinese,2000.0
W.P. Kuala Lumpur,2024-01-01,male,chinese,2603.0
W.P. Kuala Lumpur,2024-01-01,both,indian,1248.0
W.P. Kuala Lumpur,2024-01-01,female,indian,546.0
W.P. Kuala Lumpur,2024-01-01,male,indian,702.0
W.P. Kuala Lumpur,2024-01-01,both,other_citizen,
W.P. Kuala Lumpur,2024-01-01,female,other_citizen,
W.P. Kuala Lumpur,2024-01-01,male,other_citizen,
W.P. Kuala Lumpur,2024-01-01,both,other_noncitizen,
W.P. Kuala Lumpur,2024-01-01,female,other_noncitizen,
W.P. Kuala Lumpur,2024-01-01,male,other_noncitizen,
W.P. Kuala Lumpur,2024-01-01,both,overall,9704.0
W.P. Kuala Lumpur,2024-01-01,female,overall,4154.0
W.P. Kuala Lumpur,2024-01-01,male,overall,5550.0
W.P. Labuan,2000-01-01,both,bumi_malay,70.0
W.P. Labuan,2000-01-01,female,bumi_malay,28.0
W.P. Labuan,2000-01-01,male,bumi_malay,42.0
W.P. Labuan,2000-01-01,both,bumi_other,41.0
W.P. Labuan,2000-01-01,female,bumi_other,19.0
W.P. Labuan,2000-01-01,male,bumi_other,22.0
W.P. Labuan,2000-01-01,both,chinese,44.0
W.P. Labuan,2000-01-01,female,chinese,19.0
W.P. Labuan,2000-01-01,male,chinese,25.0
W.P. Labuan,2000-01-01,both,indian,0.0
W.P. Labuan,2000-01-01,female,indian,0.0
W.P. Labuan,2000-01-01,male,indian,0.0
W.P. Labuan,2000-01-01,both,other_citizen,5.0
W.P. Labuan,2000-01-01,female,other_citizen,3.0
W.P. Labuan,2000-01-01,male,other_citizen,2.0
W.P. Labuan,2000-01-01,both,other_noncitizen,7.0
W.P. Labuan,2000-01-01,female,other_noncitizen,4.0
W.P. Labuan,2000-01-01,male,other_noncitizen,3.0
W.P. Labuan,2000-01-01,both,overall,167.0
W.P. Labuan,2000-01-01,female,overall,73.0
W.P. Labuan,2000-01-01,male,overall,94.0
W.P. Labuan,2001-01-01,both,bumi_malay,66.0
W.P. Labuan,2001-01-01,female,bumi_malay,25.0
W.P. Labuan,2001-01-01,male,bumi_malay,41.0
W.P. Labuan,2001-01-01,both,bumi_other,52.0
W.P. Labuan,2001-01-01,female,bumi_other,18.0
W.P. Labuan,2001-01-01,male,bumi_other,34.0
W.P. Labuan,2001-01-01,both,chinese,32.0
W.P. Labuan,2001-01-01,female,chinese,13.0
W.P. Labuan,2001-01-01,male,chinese,19.0
W.P. Labuan,2001-01-01,both,indian,2.0
W.P. Labuan,2001-01-01,female,indian,0.0
W.P. Labuan,2001-01-01,male,indian,2.0
W.P. Labuan,2001-01-01,both,other_citizen,4.0
W.P. Labuan,2001-01-01,female,other_citizen,1.0
W.P. Labuan,2001-01-01,male,other_citizen,3.0
W.P. Labuan,2001-01-01,both,other_noncitizen,3.0
W.P. Labuan,2001-01-01,female,other_noncitizen,1.0
W.P. Labuan,2001-01-01,male,other_noncitizen,2.0
W.P. Labuan,2001-01-01,both,overall,159.0
W.P. Labuan,2001-01-01,female,overall,58.0
W.P. Labuan,2001-01-01,male,overall,101.0
W.P. Labuan,2002-01-01,both,bumi_malay,85.0
W.P. Labuan,2002-01-01,female,bumi_malay,25.0
W.P. Labuan,2002-01-01,male,bumi_malay,60.0
W.P. Labuan,2002-01-01,both,bumi_other,48.0
W.P. Labuan,2002-01-01,female,bumi_other,17.0
W.P. Labuan,2002-01-01,male,bumi_other,31.0
W.P. Labuan,2002-01-01,both,chinese,52.0
W.P. Labuan,2002-01-01,female,chinese,24.0
W.P. Labuan,2002-01-01,male,chinese,28.0
W.P. Labuan,2002-01-01,both,indian,4.0
W.P. Labuan,2002-01-01,female,indian,0.0
W.P. Labuan,2002-01-01,male,indian,4.0
W.P. Labuan,2002-01-01,both,other_citizen,2.0
W.P. Labuan,2002-01-01,female,other_citizen,1.0
W.P. Labuan,2002-01-01,male,other_citizen,1.0
W.P. Labuan,2002-01-01,both,other_noncitizen,9.0
W.P. Labuan,2002-01-01,female,other_noncitizen,3.0
W.P. Labuan,2002-01-01,male,other_noncitizen,6.0
W.P. Labuan,2002-01-01,both,overall,200.0
W.P. Labuan,2002-01-01,female,overall,70.0
W.P. Labuan,2002-01-01,male,overall,130.0
W.P. Labuan,2003-01-01,both,bumi_malay,87.0
W.P. Labuan,2003-01-01,female,bumi_malay,37.0
W.P. Labuan,2003-01-01,male,bumi_malay,50.0
W.P. Labuan,2003-01-01,both,bumi_other,64.0
W.P. Labuan,2003-01-01,female,bumi_other,25.0
W.P. Labuan,2003-01-01,male,bumi_other,39.0
W.P. Labuan,2003-01-01,both,chinese,57.0
W.P. Labuan,2003-01-01,female,chinese,21.0
W.P. Labuan,2003-01-01,male,chinese,36.0
W.P. Labuan,2003-01-01,both,indian,2.0
W.P. Labuan,2003-01-01,female,indian,0.0
W.P. Labuan,2003-01-01,male,indian,2.0
W.P. Labuan,2003-01-01,both,other_citizen,3.0
W.P. Labuan,2003-01-01,female,other_citizen,1.0
W.P. Labuan,2003-01-01,male,other_citizen,2.0
W.P. Labuan,2003-01-01,both,other_noncitizen,7.0
W.P. Labuan,2003-01-01,female,other_noncitizen,2.0
W.P. Labuan,2003-01-01,male,other_noncitizen,5.0
W.P. Labuan,2003-01-01,both,overall,220.0
W.P. Labuan,2003-01-01,female,overall,86.0
W.P. Labuan,2003-01-01,male,overall,134.0
W.P. Labuan,2004-01-01,both,bumi_malay,103.0
W.P. Labuan,2004-01-01,female,bumi_malay,47.0
W.P. Labuan,2004-01-01,male,bumi_malay,56.0
W.P. Labuan,2004-01-01,both,bumi_other,50.0
W.P. Labuan,2004-01-01,female,bumi_other,22.0
W.P. Labuan,2004-01-01,male,bumi_other,28.0
W.P. Labuan,2004-01-01,both,chinese,48.0
W.P. Labuan,2004-01-01,female,chinese,15.0
W.P. Labuan,2004-01-01,male,chinese,33.0
W.P. Labuan,2004-01-01,both,indian,2.0
W.P. Labuan,2004-01-01,female,indian,0.0
W.P. Labuan,2004-01-01,male,indian,2.0
W.P. Labuan,2004-01-01,both,other_citizen,7.0
W.P. Labuan,2004-01-01,female,other_citizen,0.0
W.P. Labuan,2004-01-01,male,other_citizen,7.0
W.P. Labuan,2004-01-01,both,other_noncitizen,2.0
W.P. Labuan,2004-01-01,female,other_noncitizen,0.0
W.P. Labuan,2004-01-01,male,other_noncitizen,2.0
W.P. Labuan,2004-01-01,both,overall,212.0
W.P. Labuan,2004-01-01,female,overall,84.0
W.P. Labuan,2004-01-01,male,overall,128.0
W.P. Labuan,2005-01-01,both,bumi_malay,90.0
W.P. Labuan,2005-01-01,female,bumi_malay,36.0
W.P. Labuan,2005-01-01,male,bumi_malay,54.0
W.P. Labuan,2005-01-01,both,bumi_other,58.0
W.P. Labuan,2005-01-01,female,bumi_other,20.0
W.P. Labuan,2005-01-01,male,bumi_other,38.0
W.P. Labuan,2005-01-01,both,chinese,41.0
W.P. Labuan,2005-01-01,female,chinese,18.0
W.P. Labuan,2005-01-01,male,chinese,23.0
W.P. Labuan,2005-01-01,both,indian,7.0
W.P. Labuan,2005-01-01,female,indian,5.0
W.P. Labuan,2005-01-01,male,indian,2.0
W.P. Labuan,2005-01-01,both,other_citizen,8.0
W.P. Labuan,2005-01-01,female,other_citizen,2.0
W.P. Labuan,2005-01-01,male,other_citizen,6.0
W.P. Labuan,2005-01-01,both,other_noncitizen,5.0
W.P. Labuan,2005-01-01,female,other_noncitizen,0.0
W.P. Labuan,2005-01-01,male,other_noncitizen,5.0
W.P. Labuan,2005-01-01,both,overall,209.0
W.P. Labuan,2005-01-01,female,overall,81.0
W.P. Labuan,2005-01-01,male,overall,128.0
W.P. Labuan,2006-01-01,both,bumi_malay,103.0
W.P. Labuan,2006-01-01,female,bumi_malay,45.0
W.P. Labuan,2006-01-01,male,bumi_malay,58.0
W.P. Labuan,2006-01-01,both,bumi_other,46.0
W.P. Labuan,2006-01-01,female,bumi_other,15.0
W.P. Labuan,2006-01-01,male,bumi_other,31.0
W.P. Labuan,2006-01-01,both,chinese,44.0
W.P. Labuan,2006-01-01,female,chinese,23.0
W.P. Labuan,2006-01-01,male,chinese,21.0
W.P. Labuan,2006-01-01,both,indian,3.0
W.P. Labuan,2006-01-01,female,indian,2.0
W.P. Labuan,2006-01-01,male,indian,1.0
W.P. Labuan,2006-01-01,both,other_citizen,7.0
W.P. Labuan,2006-01-01,female,other_citizen,2.0
W.P. Labuan,2006-01-01,male,other_citizen,5.0
W.P. Labuan,2006-01-01,both,other_noncitizen,5.0
W.P. Labuan,2006-01-01,female,other_noncitizen,0.0
W.P. Labuan,2006-01-01,male,other_noncitizen,5.0
W.P. Labuan,2006-01-01,both,overall,208.0
W.P. Labuan,2006-01-01,female,overall,87.0
W.P. Labuan,2006-01-01,male,overall,121.0
W.P. Labuan,2007-01-01,both,bumi_malay,81.0
W.P. Labuan,2007-01-01,female,bumi_malay,36.0
W.P. Labuan,2007-01-01,male,bumi_malay,45.0
W.P. Labuan,2007-01-01,both,bumi_other,66.0
W.P. Labuan,2007-01-01,female,bumi_other,20.0
W.P. Labuan,2007-01-01,male,bumi_other,46.0
W.P. Labuan,2007-01-01,both,chinese,44.0
W.P. Labuan,2007-01-01,female,chinese,22.0
W.P. Labuan,2007-01-01,male,chinese,22.0
W.P. Labuan,2007-01-01,both,indian,1.0
W.P. Labuan,2007-01-01,female,indian,0.0
W.P. Labuan,2007-01-01,male,indian,1.0
W.P. Labuan,2007-01-01,both,other_citizen,4.0
W.P. Labuan,2007-01-01,female,other_citizen,1.0
W.P. Labuan,2007-01-01,male,other_citizen,3.0
W.P. Labuan,2007-01-01,both,other_noncitizen,8.0
W.P. Labuan,2007-01-01,female,other_noncitizen,2.0
W.P. Labuan,2007-01-01,male,other_noncitizen,6.0
W.P. Labuan,2007-01-01,both,overall,204.0
W.P. Labuan,2007-01-01,female,overall,81.0
W.P. Labuan,2007-01-01,male,overall,123.0
W.P. Labuan,2008-01-01,both,bumi_malay,120.0
W.P. Labuan,2008-01-01,female,bumi_malay,51.0
W.P. Labuan,2008-01-01,male,bumi_malay,69.0
W.P. Labuan,2008-01-01,both,bumi_other,74.0
W.P. Labuan,2008-01-01,female,bumi_other,21.0
W.P. Labuan,2008-01-01,male,bumi_other,53.0
W.P. Labuan,2008-01-01,both,chinese,36.0
W.P. Labuan,2008-01-01,female,chinese,11.0
W.P. Labuan,2008-01-01,male,chinese,25.0
W.P. Labuan,2008-01-01,both,indian,3.0
W.P. Labuan,2008-01-01,female,indian,0.0
W.P. Labuan,2008-01-01,male,indian,3.0
W.P. Labuan,2008-01-01,both,other_citizen,5.0
W.P. Labuan,2008-01-01,female,other_citizen,1.0
W.P. Labuan,2008-01-01,male,other_citizen,4.0
W.P. Labuan,2008-01-01,both,other_noncitizen,5.0
W.P. Labuan,2008-01-01,female,other_noncitizen,3.0
W.P. Labuan,2008-01-01,male,other_noncitizen,2.0
W.P. Labuan,2008-01-01,both,overall,243.0
W.P. Labuan,2008-01-01,female,overall,87.0
W.P. Labuan,2008-01-01,male,overall,156.0
W.P. Labuan,2009-01-01,both,bumi_malay,97.0
W.P. Labuan,2009-01-01,female,bumi_malay,33.0
W.P. Labuan,2009-01-01,male,bumi_malay,64.0
W.P. Labuan,2009-01-01,both,bumi_other,75.0
W.P. Labuan,2009-01-01,female,bumi_other,27.0
W.P. Labuan,2009-01-01,male,bumi_other,48.0
W.P. Labuan,2009-01-01,both,chinese,52.0
W.P. Labuan,2009-01-01,female,chinese,26.0
W.P. Labuan,2009-01-01,male,chinese,26.0
W.P. Labuan,2009-01-01,both,indian,3.0
W.P. Labuan,2009-01-01,female,indian,0.0
W.P. Labuan,2009-01-01,male,indian,3.0
W.P. Labuan,2009-01-01,both,other_citizen,9.0
W.P. Labuan,2009-01-01,female,other_citizen,3.0
W.P. Labuan,2009-01-01,male,other_citizen,6.0
W.P. Labuan,2009-01-01,both,other_noncitizen,11.0
W.P. Labuan,2009-01-01,female,other_noncitizen,5.0
W.P. Labuan,2009-01-01,male,other_noncitizen,6.0
W.P. Labuan,2009-01-01,both,overall,247.0
W.P. Labuan,2009-01-01,female,overall,94.0
W.P. Labuan,2009-01-01,male,overall,153.0
W.P. Labuan,2010-01-01,both,bumi_malay,100.0
W.P. Labuan,2010-01-01,female,bumi_malay,42.0
W.P. Labuan,2010-01-01,male,bumi_malay,58.0
W.P. Labuan,2010-01-01,both,bumi_other,72.0
W.P. Labuan,2010-01-01,female,bumi_other,35.0
W.P. Labuan,2010-01-01,male,bumi_other,37.0
W.P. Labuan,2010-01-01,both,chinese,45.0
W.P. Labuan,2010-01-01,female,chinese,12.0
W.P. Labuan,2010-01-01,male,chinese,33.0
W.P. Labuan,2010-01-01,both,indian,4.0
W.P. Labuan,2010-01-01,female,indian,1.0
W.P. Labuan,2010-01-01,male,indian,3.0
W.P. Labuan,2010-01-01,both,other_citizen,10.0
W.P. Labuan,2010-01-01,female,other_citizen,5.0
W.P. Labuan,2010-01-01,male,other_citizen,5.0
W.P. Labuan,2010-01-01,both,other_noncitizen,12.0
W.P. Labuan,2010-01-01,female,other_noncitizen,4.0
W.P. Labuan,2010-01-01,male,other_noncitizen,8.0
W.P. Labuan,2010-01-01,both,overall,243.0
W.P. Labuan,2010-01-01,female,overall,99.0
W.P. Labuan,2010-01-01,male,overall,144.0
W.P. Labuan,2011-01-01,both,bumi_malay,82.0
W.P. Labuan,2011-01-01,female,bumi_malay,27.0
W.P. Labuan,2011-01-01,male,bumi_malay,55.0
W.P. Labuan,2011-01-01,both,bumi_other,65.0
W.P. Labuan,2011-01-01,female,bumi_other,23.0
W.P. Labuan,2011-01-01,male,bumi_other,42.0
W.P. Labuan,2011-01-01,both,chinese,45.0
W.P. Labuan,2011-01-01,female,chinese,21.0
W.P. Labuan,2011-01-01,male,chinese,24.0
W.P. Labuan,2011-01-01,both,indian,5.0
W.P. Labuan,2011-01-01,female,indian,1.0
W.P. Labuan,2011-01-01,male,indian,4.0
W.P. Labuan,2011-01-01,both,other_citizen,9.0
W.P. Labuan,2011-01-01,female,other_citizen,4.0
W.P. Labuan,2011-01-01,male,other_citizen,5.0
W.P. Labuan,2011-01-01,both,other_noncitizen,12.0
W.P. Labuan,2011-01-01,female,other_noncitizen,5.0
W.P. Labuan,2011-01-01,male,other_noncitizen,7.0
W.P. Labuan,2011-01-01,both,overall,218.0
W.P. Labuan,2011-01-01,female,overall,81.0
W.P. Labuan,2011-01-01,male,overall,137.0
W.P. Labuan,2012-01-01,both,bumi_malay,87.0
W.P. Labuan,2012-01-01,female,bumi_malay,41.0
W.P. Labuan,2012-01-01,male,bumi_malay,46.0
W.P. Labuan,2012-01-01,both,bumi_other,64.0
W.P. Labuan,2012-01-01,female,bumi_other,23.0
W.P. Labuan,2012-01-01,male,bumi_other,41.0
W.P. Labuan,2012-01-01,both,chinese,60.0
W.P. Labuan,2012-01-01,female,chinese,24.0
W.P. Labuan,2012-01-01,male,chinese,36.0
W.P. Labuan,2012-01-01,both,indian,6.0
W.P. Labuan,2012-01-01,female,indian,2.0
W.P. Labuan,2012-01-01,male,indian,4.0
W.P. Labuan,2012-01-01,both,other_citizen,8.0
W.P. Labuan,2012-01-01,female,other_citizen,1.0
W.P. Labuan,2012-01-01,male,other_citizen,7.0
W.P. Labuan,2012-01-01,both,other_noncitizen,17.0
W.P. Labuan,2012-01-01,female,other_noncitizen,7.0
W.P. Labuan,2012-01-01,male,other_noncitizen,10.0
W.P. Labuan,2012-01-01,both,overall,242.0
W.P. Labuan,2012-01-01,female,overall,98.0
W.P. Labuan,2012-01-01,male,overall,144.0
W.P. Labuan,2013-01-01,both,bumi_malay,107.0
W.P. Labuan,2013-01-01,female,bumi_malay,43.0
W.P. Labuan,2013-01-01,male,bumi_malay,64.0
W.P. Labuan,2013-01-01,both,bumi_other,70.0
W.P. Labuan,2013-01-01,female,bumi_other,32.0
W.P. Labuan,2013-01-01,male,bumi_other,38.0
W.P. Labuan,2013-01-01,both,chinese,48.0
W.P. Labuan,2013-01-01,female,chinese,18.0
W.P. Labuan,2013-01-01,male,chinese,30.0
W.P. Labuan,2013-01-01,both,indian,3.0
W.P. Labuan,2013-01-01,female,indian,1.0
W.P. Labuan,2013-01-01,male,indian,2.0
W.P. Labuan,2013-01-01,both,other_citizen,7.0
W.P. Labuan,2013-01-01,female,other_citizen,4.0
W.P. Labuan,2013-01-01,male,other_citizen,3.0
W.P. Labuan,2013-01-01,both,other_noncitizen,10.0
W.P. Labuan,2013-01-01,female,other_noncitizen,2.0
W.P. Labuan,2013-01-01,male,other_noncitizen,8.0
W.P. Labuan,2013-01-01,both,overall,245.0
W.P. Labuan,2013-01-01,female,overall,100.0
W.P. Labuan,2013-01-01,male,overall,145.0
W.P. Labuan,2014-01-01,both,bumi_malay,96.0
W.P. Labuan,2014-01-01,female,bumi_malay,35.0
W.P. Labuan,2014-01-01,male,bumi_malay,61.0
W.P. Labuan,2014-01-01,both,bumi_other,91.0
W.P. Labuan,2014-01-01,female,bumi_other,36.0
W.P. Labuan,2014-01-01,male,bumi_other,55.0
W.P. Labuan,2014-01-01,both,chinese,62.0
W.P. Labuan,2014-01-01,female,chinese,30.0
W.P. Labuan,2014-01-01,male,chinese,32.0
W.P. Labuan,2014-01-01,both,indian,0.0
W.P. Labuan,2014-01-01,female,indian,0.0
W.P. Labuan,2014-01-01,male,indian,0.0
W.P. Labuan,2014-01-01,both,other_citizen,8.0
W.P. Labuan,2014-01-01,female,other_citizen,3.0
W.P. Labuan,2014-01-01,male,other_citizen,5.0
W.P. Labuan,2014-01-01,both,other_noncitizen,17.0
W.P. Labuan,2014-01-01,female,other_noncitizen,5.0
W.P. Labuan,2014-01-01,male,other_noncitizen,12.0
W.P. Labuan,2014-01-01,both,overall,274.0
W.P. Labuan,2014-01-01,female,overall,109.0
W.P. Labuan,2014-01-01,male,overall,165.0
W.P. Labuan,2015-01-01,both,bumi_malay,103.0
W.P. Labuan,2015-01-01,female,bumi_malay,42.0
W.P. Labuan,2015-01-01,male,bumi_malay,61.0
W.P. Labuan,2015-01-01,both,bumi_other,78.0
W.P. Labuan,2015-01-01,female,bumi_other,31.0
W.P. Labuan,2015-01-01,male,bumi_other,47.0
W.P. Labuan,2015-01-01,both,chinese,45.0
W.P. Labuan,2015-01-01,female,chinese,23.0
W.P. Labuan,2015-01-01,male,chinese,22.0
W.P. Labuan,2015-01-01,both,indian,3.0
W.P. Labuan,2015-01-01,female,indian,1.0
W.P. Labuan,2015-01-01,male,indian,2.0
W.P. Labuan,2015-01-01,both,other_citizen,10.0
W.P. Labuan,2015-01-01,female,other_citizen,2.0
W.P. Labuan,2015-01-01,male,other_citizen,8.0
W.P. Labuan,2015-01-01,both,other_noncitizen,7.0
W.P. Labuan,2015-01-01,female,other_noncitizen,4.0
W.P. Labuan,2015-01-01,male,other_noncitizen,3.0
W.P. Labuan,2015-01-01,both,overall,246.0
W.P. Labuan,2015-01-01,female,overall,103.0
W.P. Labuan,2015-01-01,male,overall,143.0
W.P. Labuan,2016-01-01,both,bumi_malay,107.0
W.P. Labuan,2016-01-01,female,bumi_malay,45.0
W.P. Labuan,2016-01-01,male,bumi_malay,62.0
W.P. Labuan,2016-01-01,both,bumi_other,87.0
W.P. Labuan,2016-01-01,female,bumi_other,23.0
W.P. Labuan,2016-01-01,male,bumi_other,64.0
W.P. Labuan,2016-01-01,both,chinese,50.0
W.P. Labuan,2016-01-01,female,chinese,23.0
W.P. Labuan,2016-01-01,male,chinese,27.0
W.P. Labuan,2016-01-01,both,indian,3.0
W.P. Labuan,2016-01-01,female,indian,2.0
W.P. Labuan,2016-01-01,male,indian,1.0
W.P. Labuan,2016-01-01,both,other_citizen,4.0
W.P. Labuan,2016-01-01,female,other_citizen,2.0
W.P. Labuan,2016-01-01,male,other_citizen,2.0
W.P. Labuan,2016-01-01,both,other_noncitizen,26.0
W.P. Labuan,2016-01-01,female,other_noncitizen,13.0
W.P. Labuan,2016-01-01,male,other_noncitizen,13.0
W.P. Labuan,2016-01-01,both,overall,277.0
W.P. Labuan,2016-01-01,female,overall,108.0
W.P. Labuan,2016-01-01,male,overall,169.0
W.P. Labuan,2017-01-01,both,bumi_malay,84.0
W.P. Labuan,2017-01-01,female,bumi_malay,44.0
W.P. Labuan,2017-01-01,male,bumi_malay,40.0
W.P. Labuan,2017-01-01,both,bumi_other,81.0
W.P. Labuan,2017-01-01,female,bumi_other,35.0
W.P. Labuan,2017-01-01,male,bumi_other,46.0
W.P. Labuan,2017-01-01,both,chinese,59.0
W.P. Labuan,2017-01-01,female,chinese,25.0
W.P. Labuan,2017-01-01,male,chinese,34.0
W.P. Labuan,2017-01-01,both,indian,3.0
W.P. Labuan,2017-01-01,female,indian,1.0
W.P. Labuan,2017-01-01,male,indian,2.0
W.P. Labuan,2017-01-01,both,other_citizen,10.0
W.P. Labuan,2017-01-01,female,other_citizen,4.0
W.P. Labuan,2017-01-01,male,other_citizen,6.0
W.P. Labuan,2017-01-01,both,other_noncitizen,10.0
W.P. Labuan,2017-01-01,female,other_noncitizen,6.0
W.P. Labuan,2017-01-01,male,other_noncitizen,4.0
W.P. Labuan,2017-01-01,both,overall,247.0
W.P. Labuan,2017-01-01,female,overall,115.0
W.P. Labuan,2017-01-01,male,overall,132.0
W.P. Labuan,2018-01-01,both,bumi_malay,110.0
W.P. Labuan,2018-01-01,female,bumi_malay,51.0
W.P. Labuan,2018-01-01,male,bumi_malay,59.0
W.P. Labuan,2018-01-01,both,bumi_other,84.0
W.P. Labuan,2018-01-01,female,bumi_other,29.0
W.P. Labuan,2018-01-01,male,bumi_other,55.0
W.P. Labuan,2018-01-01,both,chinese,66.0
W.P. Labuan,2018-01-01,female,chinese,25.0
W.P. Labuan,2018-01-01,male,chinese,41.0
W.P. Labuan,2018-01-01,both,indian,4.0
W.P. Labuan,2018-01-01,female,indian,1.0
W.P. Labuan,2018-01-01,male,indian,3.0
W.P. Labuan,2018-01-01,both,other_citizen,8.0
W.P. Labuan,2018-01-01,female,other_citizen,2.0
W.P. Labuan,2018-01-01,male,other_citizen,6.0
W.P. Labuan,2018-01-01,both,other_noncitizen,15.0
W.P. Labuan,2018-01-01,female,other_noncitizen,4.0
W.P. Labuan,2018-01-01,male,other_noncitizen,11.0
W.P. Labuan,2018-01-01,both,overall,287.0
W.P. Labuan,2018-01-01,female,overall,112.0
W.P. Labuan,2018-01-01,male,overall,175.0
W.P. Labuan,2019-01-01,both,bumi_malay,96.0
W.P. Labuan,2019-01-01,female,bumi_malay,37.0
W.P. Labuan,2019-01-01,male,bumi_malay,59.0
W.P. Labuan,2019-01-01,both,bumi_other,97.0
W.P. Labuan,2019-01-01,female,bumi_other,33.0
W.P. Labuan,2019-01-01,male,bumi_other,64.0
W.P. Labuan,2019-01-01,both,chinese,63.0
W.P. Labuan,2019-01-01,female,chinese,27.0
W.P. Labuan,2019-01-01,male,chinese,36.0
W.P. Labuan,2019-01-01,both,indian,2.0
W.P. Labuan,2019-01-01,female,indian,0.0
W.P. Labuan,2019-01-01,male,indian,2.0
W.P. Labuan,2019-01-01,both,other_citizen,13.0
W.P. Labuan,2019-01-01,female,other_citizen,7.0
W.P. Labuan,2019-01-01,male,other_citizen,6.0
W.P. Labuan,2019-01-01,both,other_noncitizen,27.0
W.P. Labuan,2019-01-01,female,other_noncitizen,12.0
W.P. Labuan,2019-01-01,male,other_noncitizen,15.0
W.P. Labuan,2019-01-01,both,overall,298.0
W.P. Labuan,2019-01-01,female,overall,116.0
W.P. Labuan,2019-01-01,male,overall,182.0
W.P. Labuan,2020-01-01,both,bumi_malay,113.0
W.P. Labuan,2020-01-01,female,bumi_malay,47.0
W.P. Labuan,2020-01-01,male,bumi_malay,66.0
W.P. Labuan,2020-01-01,both,bumi_other,89.0
W.P. Labuan,2020-01-01,female,bumi_other,34.0
W.P. Labuan,2020-01-01,male,bumi_other,55.0
W.P. Labuan,2020-01-01,both,chinese,72.0
W.P. Labuan,2020-01-01,female,chinese,38.0
W.P. Labuan,2020-01-01,male,chinese,34.0
W.P. Labuan,2020-01-01,both,indian,4.0
W.P. Labuan,2020-01-01,female,indian,3.0
W.P. Labuan,2020-01-01,male,indian,1.0
W.P. Labuan,2020-01-01,both,other_citizen,11.0
W.P. Labuan,2020-01-01,female,other_citizen,1.0
W.P. Labuan,2020-01-01,male,other_citizen,10.0
W.P. Labuan,2020-01-01,both,other_noncitizen,30.0
W.P. Labuan,2020-01-01,female,other_noncitizen,13.0
W.P. Labuan,2020-01-01,male,other_noncitizen,17.0
W.P. Labuan,2020-01-01,both,overall,319.0
W.P. Labuan,2020-01-01,female,overall,136.0
W.P. Labuan,2020-01-01,male,overall,183.0
W.P. Labuan,2021-01-01,both,bumi_malay,199.0
W.P. Labuan,2021-01-01,female,bumi_malay,76.0
W.P. Labuan,2021-01-01,male,bumi_malay,123.0
W.P. Labuan,2021-01-01,both,bumi_other,144.0
W.P. Labuan,2021-01-01,female,bumi_other,64.0
W.P. Labuan,2021-01-01,male,bumi_other,80.0
W.P. Labuan,2021-01-01,both,chinese,93.0
W.P. Labuan,2021-01-01,female,chinese,41.0
W.P. Labuan,2021-01-01,male,chinese,52.0
W.P. Labuan,2021-01-01,both,indian,5.0
W.P. Labuan,2021-01-01,female,indian,2.0
W.P. Labuan,2021-01-01,male,indian,3.0
W.P. Labuan,2021-01-01,both,other_citizen,17.0
W.P. Labuan,2021-01-01,female,other_citizen,7.0
W.P. Labuan,2021-01-01,male,other_citizen,10.0
W.P. Labuan,2021-01-01,both,other_noncitizen,59.0
W.P. Labuan,2021-01-01,female,other_noncitizen,27.0
W.P. Labuan,2021-01-01,male,other_noncitizen,32.0
W.P. Labuan,2021-01-01,both,overall,517.0
W.P. Labuan,2021-01-01,female,overall,217.0
W.P. Labuan,2021-01-01,male,overall,300.0
W.P. Labuan,2022-01-01,both,bumi_malay,149.0
W.P. Labuan,2022-01-01,female,bumi_malay,71.0
W.P. Labuan,2022-01-01,male,bumi_malay,78.0
W.P. Labuan,2022-01-01,both,bumi_other,122.0
W.P. Labuan,2022-01-01,female,bumi_other,59.0
W.P. Labuan,2022-01-01,male,bumi_other,63.0
W.P. Labuan,2022-01-01,both,chinese,79.0
W.P. Labuan,2022-01-01,female,chinese,28.0
W.P. Labuan,2022-01-01,male,chinese,51.0
W.P. Labuan,2022-01-01,both,indian,5.0
W.P. Labuan,2022-01-01,female,indian,2.0
W.P. Labuan,2022-01-01,male,indian,3.0
W.P. Labuan,2022-01-01,both,other_citizen,10.0
W.P. Labuan,2022-01-01,female,other_citizen,2.0
W.P. Labuan,2022-01-01,male,other_citizen,8.0
W.P. Labuan,2022-01-01,both,other_noncitizen,27.0
W.P. Labuan,2022-01-01,female,other_noncitizen,12.0
W.P. Labuan,2022-01-01,male,other_noncitizen,15.0
W.P. Labuan,2022-01-01,both,overall,392.0
W.P. Labuan,2022-01-01,female,overall,174.0
W.P. Labuan,2022-01-01,male,overall,218.0
W.P. Labuan,2023-01-01,both,bumi_malay,126.0
W.P. Labuan,2023-01-01,female,bumi_malay,54.0
W.P. Labuan,2023-01-01,male,bumi_malay,72.0
W.P. Labuan,2023-01-01,both,bumi_other,93.0
W.P. Labuan,2023-01-01,female,bumi_other,35.0
W.P. Labuan,2023-01-01,male,bumi_other,58.0
W.P. Labuan,2023-01-01,both,chinese,75.0
W.P. Labuan,2023-01-01,female,chinese,35.0
W.P. Labuan,2023-01-01,male,chinese,40.0
W.P. Labuan,2023-01-01,both,indian,2.0
W.P. Labuan,2023-01-01,female,indian,0.0
W.P. Labuan,2023-01-01,male,indian,2.0
W.P. Labuan,2023-01-01,both,other_citizen,
W.P. Labuan,2023-01-01,female,other_citizen,
W.P. Labuan,2023-01-01,male,other_citizen,
W.P. Labuan,2023-01-01,both,other_noncitizen,
W.P. Labuan,2023-01-01,female,other_noncitizen,
W.P. Labuan,2023-01-01,male,other_noncitizen,
W.P. Labuan,2023-01-01,both,overall,333.0
W.P. Labuan,2023-01-01,female,overall,139.0
W.P. Labuan,2023-01-01,male,overall,194.0
W.P. Labuan,2024-01-01,both,bumi_malay,156.0
W.P. Labuan,2024-01-01,female,bumi_malay,48.0
W.P. Labuan,2024-01-01,male,bumi_malay,108.0
W.P. Labuan,2024-01-01,both,bumi_other,118.0
W.P. Labuan,2024-01-01,female,bumi_other,43.0
W.P. Labuan,2024-01-01,male,bumi_other,75.0
W.P. Labuan,2024-01-01,both,chinese,74.0
W.P. Labuan,2024-01-01,female,chinese,28.0
W.P. Labuan,2024-01-01,male,chinese,46.0
W.P. Labuan,2024-01-01,both,indian,3.0
W.P. Labuan,2024-01-01,female,indian,0.0
W.P. Labuan,2024-01-01,male,indian,3.0
W.P. Labuan,2024-01-01,both,other_citizen,
W.P. Labuan,2024-01-01,female,other_citizen,
W.P. Labuan,2024-01-01,male,other_citizen,
W.P. Labuan,2024-01-01,both,other_noncitizen,
W.P. Labuan,2024-01-01,female,other_noncitizen,
W.P. Labuan,2024-01-01,male,other_noncitizen,
W.P. Labuan,2024-01-01,both,overall,391.0
W.P. Labuan,2024-01-01,female,overall,136.0
W.P. Labuan,2024-01-01,male,overall,255.0
W.P. Putrajaya,2010-01-01,both,bumi_malay,88.0
W.P. Putrajaya,2010-01-01,female,bumi_malay,39.0
W.P. Putrajaya,2010-01-01,male,bumi_malay,49.0
W.P. Putrajaya,2010-01-01,both,bumi_other,0.0
W.P. Putrajaya,2010-01-01,female,bumi_other,0.0
W.P. Putrajaya,2010-01-01,male,bumi_other,0.0
W.P. Putrajaya,2010-01-01,both,chinese,2.0
W.P. Putrajaya,2010-01-01,female,chinese,1.0
W.P. Putrajaya,2010-01-01,male,chinese,1.0
W.P. Putrajaya,2010-01-01,both,indian,4.0
W.P. Putrajaya,2010-01-01,female,indian,3.0
W.P. Putrajaya,2010-01-01,male,indian,1.0
W.P. Putrajaya,2010-01-01,both,other_citizen,1.0
W.P. Putrajaya,2010-01-01,female,other_citizen,0.0
W.P. Putrajaya,2010-01-01,male,other_citizen,1.0
W.P. Putrajaya,2010-01-01,both,other_noncitizen,0.0
W.P. Putrajaya,2010-01-01,female,other_noncitizen,0.0
W.P. Putrajaya,2010-01-01,male,other_noncitizen,0.0
W.P. Putrajaya,2010-01-01,both,overall,95.0
W.P. Putrajaya,2010-01-01,female,overall,43.0
W.P. Putrajaya,2010-01-01,male,overall,52.0
W.P. Putrajaya,2011-01-01,both,bumi_malay,103.0
W.P. Putrajaya,2011-01-01,female,bumi_malay,43.0
W.P. Putrajaya,2011-01-01,male,bumi_malay,60.0
W.P. Putrajaya,2011-01-01,both,bumi_other,3.0
W.P. Putrajaya,2011-01-01,female,bumi_other,2.0
W.P. Putrajaya,2011-01-01,male,bumi_other,1.0
W.P. Putrajaya,2011-01-01,both,chinese,3.0
W.P. Putrajaya,2011-01-01,female,chinese,3.0
W.P. Putrajaya,2011-01-01,male,chinese,0.0
W.P. Putrajaya,2011-01-01,both,indian,4.0
W.P. Putrajaya,2011-01-01,female,indian,2.0
W.P. Putrajaya,2011-01-01,male,indian,2.0
W.P. Putrajaya,2011-01-01,both,other_citizen,0.0
W.P. Putrajaya,2011-01-01,female,other_citizen,0.0
W.P. Putrajaya,2011-01-01,male,other_citizen,0.0
W.P. Putrajaya,2011-01-01,both,other_noncitizen,0.0
W.P. Putrajaya,2011-01-01,female,other_noncitizen,0.0
W.P. Putrajaya,2011-01-01,male,other_noncitizen,0.0
W.P. Putrajaya,2011-01-01,both,overall,113.0
W.P. Putrajaya,2011-01-01,female,overall,50.0
W.P. Putrajaya,2011-01-01,male,overall,63.0
W.P. Putrajaya,2012-01-01,both,bumi_malay,138.0
W.P. Putrajaya,2012-01-01,female,bumi_malay,70.0
W.P. Putrajaya,2012-01-01,male,bumi_malay,68.0
W.P. Putrajaya,2012-01-01,both,bumi_other,0.0
W.P. Putrajaya,2012-01-01,female,bumi_other,0.0
W.P. Putrajaya,2012-01-01,male,bumi_other,0.0
W.P. Putrajaya,2012-01-01,both,chinese,1.0
W.P. Putrajaya,2012-01-01,female,chinese,1.0
W.P. Putrajaya,2012-01-01,male,chinese,0.0
W.P. Putrajaya,2012-01-01,both,indian,2.0
W.P. Putrajaya,2012-01-01,female,indian,1.0
W.P. Putrajaya,2012-01-01,male,indian,1.0
W.P. Putrajaya,2012-01-01,both,other_citizen,0.0
W.P. Putrajaya,2012-01-01,female,other_citizen,0.0
W.P. Putrajaya,2012-01-01,male,other_citizen,0.0
W.P. Putrajaya,2012-01-01,both,other_noncitizen,1.0
W.P. Putrajaya,2012-01-01,female,other_noncitizen,1.0
W.P. Putrajaya,2012-01-01,male,other_noncitizen,0.0
W.P. Putrajaya,2012-01-01,both,overall,142.0
W.P. Putrajaya,2012-01-01,female,overall,73.0
W.P. Putrajaya,2012-01-01,male,overall,69.0
W.P. Putrajaya,2013-01-01,both,bumi_malay,149.0
W.P. Putrajaya,2013-01-01,female,bumi_malay,62.0
W.P. Putrajaya,2013-01-01,male,bumi_malay,87.0
W.P. Putrajaya,2013-01-01,both,bumi_other,3.0
W.P. Putrajaya,2013-01-01,female,bumi_other,1.0
W.P. Putrajaya,2013-01-01,male,bumi_other,2.0
W.P. Putrajaya,2013-01-01,both,chinese,6.0
W.P. Putrajaya,2013-01-01,female,chinese,5.0
W.P. Putrajaya,2013-01-01,male,chinese,1.0
W.P. Putrajaya,2013-01-01,both,indian,5.0
W.P. Putrajaya,2013-01-01,female,indian,2.0
W.P. Putrajaya,2013-01-01,male,indian,3.0
W.P. Putrajaya,2013-01-01,both,other_citizen,1.0
W.P. Putrajaya,2013-01-01,female,other_citizen,1.0
W.P. Putrajaya,2013-01-01,male,other_citizen,0.0
W.P. Putrajaya,2013-01-01,both,other_noncitizen,0.0
W.P. Putrajaya,2013-01-01,female,other_noncitizen,0.0
W.P. Putrajaya,2013-01-01,male,other_noncitizen,0.0
W.P. Putrajaya,2013-01-01,both,overall,164.0
W.P. Putrajaya,2013-01-01,female,overall,71.0
W.P. Putrajaya,2013-01-01,male,overall,93.0
W.P. Putrajaya,2014-01-01,both,bumi_malay,184.0
W.P. Putrajaya,2014-01-01,female,bumi_malay,90.0
W.P. Putrajaya,2014-01-01,male,bumi_malay,94.0
W.P. Putrajaya,2014-01-01,both,bumi_other,1.0
W.P. Putrajaya,2014-01-01,female,bumi_other,0.0
W.P. Putrajaya,2014-01-01,male,bumi_other,1.0
W.P. Putrajaya,2014-01-01,both,chinese,6.0
W.P. Putrajaya,2014-01-01,female,chinese,3.0
W.P. Putrajaya,2014-01-01,male,chinese,3.0
W.P. Putrajaya,2014-01-01,both,indian,3.0
W.P. Putrajaya,2014-01-01,female,indian,1.0
W.P. Putrajaya,2014-01-01,male,indian,2.0
W.P. Putrajaya,2014-01-01,both,other_citizen,0.0
W.P. Putrajaya,2014-01-01,female,other_citizen,0.0
W.P. Putrajaya,2014-01-01,male,other_citizen,0.0
W.P. Putrajaya,2014-01-01,both,other_noncitizen,0.0
W.P. Putrajaya,2014-01-01,female,other_noncitizen,0.0
W.P. Putrajaya,2014-01-01,male,other_noncitizen,0.0
W.P. Putrajaya,2014-01-01,both,overall,194.0
W.P. Putrajaya,2014-01-01,female,overall,94.0
W.P. Putrajaya,2014-01-01,male,overall,100.0
W.P. Putrajaya,2015-01-01,both,bumi_malay,180.0
W.P. Putrajaya,2015-01-01,female,bumi_malay,94.0
W.P. Putrajaya,2015-01-01,male,bumi_malay,86.0
W.P. Putrajaya,2015-01-01,both,bumi_other,2.0
W.P. Putrajaya,2015-01-01,female,bumi_other,0.0
W.P. Putrajaya,2015-01-01,male,bumi_other,2.0
W.P. Putrajaya,2015-01-01,both,chinese,4.0
W.P. Putrajaya,2015-01-01,female,chinese,3.0
W.P. Putrajaya,2015-01-01,male,chinese,1.0
W.P. Putrajaya,2015-01-01,both,indian,4.0
W.P. Putrajaya,2015-01-01,female,indian,0.0
W.P. Putrajaya,2015-01-01,male,indian,4.0
W.P. Putrajaya,2015-01-01,both,other_citizen,2.0
W.P. Putrajaya,2015-01-01,female,other_citizen,0.0
W.P. Putrajaya,2015-01-01,male,other_citizen,2.0
W.P. Putrajaya,2015-01-01,both,other_noncitizen,1.0
W.P. Putrajaya,2015-01-01,female,other_noncitizen,1.0
W.P. Putrajaya,2015-01-01,male,other_noncitizen,0.0
W.P. Putrajaya,2015-01-01,both,overall,193.0
W.P. Putrajaya,2015-01-01,female,overall,98.0
W.P. Putrajaya,2015-01-01,male,overall,95.0
W.P. Putrajaya,2016-01-01,both,bumi_malay,151.0
W.P. Putrajaya,2016-01-01,female,bumi_malay,71.0
W.P. Putrajaya,2016-01-01,male,bumi_malay,80.0
W.P. Putrajaya,2016-01-01,both,bumi_other,2.0
W.P. Putrajaya,2016-01-01,female,bumi_other,1.0
W.P. Putrajaya,2016-01-01,male,bumi_other,1.0
W.P. Putrajaya,2016-01-01,both,chinese,3.0
W.P. Putrajaya,2016-01-01,female,chinese,3.0
W.P. Putrajaya,2016-01-01,male,chinese,0.0
W.P. Putrajaya,2016-01-01,both,indian,5.0
W.P. Putrajaya,2016-01-01,female,indian,2.0
W.P. Putrajaya,2016-01-01,male,indian,3.0
W.P. Putrajaya,2016-01-01,both,other_citizen,1.0
W.P. Putrajaya,2016-01-01,female,other_citizen,0.0
W.P. Putrajaya,2016-01-01,male,other_citizen,1.0
W.P. Putrajaya,2016-01-01,both,other_noncitizen,1.0
W.P. Putrajaya,2016-01-01,female,other_noncitizen,0.0
W.P. Putrajaya,2016-01-01,male,other_noncitizen,1.0
W.P. Putrajaya,2016-01-01,both,overall,163.0
W.P. Putrajaya,2016-01-01,female,overall,77.0
W.P. Putrajaya,2016-01-01,male,overall,86.0
W.P. Putrajaya,2017-01-01,both,bumi_malay,212.0
W.P. Putrajaya,2017-01-01,female,bumi_malay,100.0
W.P. Putrajaya,2017-01-01,male,bumi_malay,112.0
W.P. Putrajaya,2017-01-01,both,bumi_other,4.0
W.P. Putrajaya,2017-01-01,female,bumi_other,1.0
W.P. Putrajaya,2017-01-01,male,bumi_other,3.0
W.P. Putrajaya,2017-01-01,both,chinese,2.0
W.P. Putrajaya,2017-01-01,female,chinese,0.0
W.P. Putrajaya,2017-01-01,male,chinese,2.0
W.P. Putrajaya,2017-01-01,both,indian,7.0
W.P. Putrajaya,2017-01-01,female,indian,3.0
W.P. Putrajaya,2017-01-01,male,indian,4.0
W.P. Putrajaya,2017-01-01,both,other_citizen,3.0
W.P. Putrajaya,2017-01-01,female,other_citizen,1.0
W.P. Putrajaya,2017-01-01,male,other_citizen,2.0
W.P. Putrajaya,2017-01-01,both,other_noncitizen,1.0
W.P. Putrajaya,2017-01-01,female,other_noncitizen,1.0
W.P. Putrajaya,2017-01-01,male,other_noncitizen,0.0
W.P. Putrajaya,2017-01-01,both,overall,229.0
W.P. Putrajaya,2017-01-01,female,overall,106.0
W.P. Putrajaya,2017-01-01,male,overall,123.0
W.P. Putrajaya,2018-01-01,both,bumi_malay,207.0
W.P. Putrajaya,2018-01-01,female,bumi_malay,94.0
W.P. Putrajaya,2018-01-01,male,bumi_malay,113.0
W.P. Putrajaya,2018-01-01,both,bumi_other,2.0
W.P. Putrajaya,2018-01-01,female,bumi_other,1.0
W.P. Putrajaya,2018-01-01,male,bumi_other,1.0
W.P. Putrajaya,2018-01-01,both,chinese,2.0
W.P. Putrajaya,2018-01-01,female,chinese,0.0
W.P. Putrajaya,2018-01-01,male,chinese,2.0
W.P. Putrajaya,2018-01-01,both,indian,5.0
W.P. Putrajaya,2018-01-01,female,indian,3.0
W.P. Putrajaya,2018-01-01,male,indian,2.0
W.P. Putrajaya,2018-01-01,both,other_citizen,2.0
W.P. Putrajaya,2018-01-01,female,other_citizen,0.0
W.P. Putrajaya,2018-01-01,male,other_citizen,2.0
W.P. Putrajaya,2018-01-01,both,other_noncitizen,0.0
W.P. Putrajaya,2018-01-01,female,other_noncitizen,0.0
W.P. Putrajaya,2018-01-01,male,other_noncitizen,0.0
W.P. Putrajaya,2018-01-01,both,overall,218.0
W.P. Putrajaya,2018-01-01,female,overall,98.0
W.P. Putrajaya,2018-01-01,male,overall,120.0
W.P. Putrajaya,2019-01-01,both,bumi_malay,197.0
W.P. Putrajaya,2019-01-01,female,bumi_malay,90.0
W.P. Putrajaya,2019-01-01,male,bumi_malay,107.0
W.P. Putrajaya,2019-01-01,both,bumi_other,3.0
W.P. Putrajaya,2019-01-01,female,bumi_other,2.0
W.P. Putrajaya,2019-01-01,male,bumi_other,1.0
W.P. Putrajaya,2019-01-01,both,chinese,2.0
W.P. Putrajaya,2019-01-01,female,chinese,0.0
W.P. Putrajaya,2019-01-01,male,chinese,2.0
W.P. Putrajaya,2019-01-01,both,indian,5.0
W.P. Putrajaya,2019-01-01,female,indian,2.0
W.P. Putrajaya,2019-01-01,male,indian,3.0
W.P. Putrajaya,2019-01-01,both,other_citizen,0.0
W.P. Putrajaya,2019-01-01,female,other_citizen,0.0
W.P. Putrajaya,2019-01-01,male,other_citizen,0.0
W.P. Putrajaya,2019-01-01,both,other_noncitizen,2.0
W.P. Putrajaya,2019-01-01,female,other_noncitizen,1.0
W.P. Putrajaya,2019-01-01,male,other_noncitizen,1.0
W.P. Putrajaya,2019-01-01,both,overall,209.0
W.P. Putrajaya,2019-01-01,female,overall,95.0
W.P. Putrajaya,2019-01-01,male,overall,114.0
W.P. Putrajaya,2020-01-01,both,bumi_malay,198.0
W.P. Putrajaya,2020-01-01,female,bumi_malay,86.0
W.P. Putrajaya,2020-01-01,male,bumi_malay,112.0
W.P. Putrajaya,2020-01-01,both,bumi_other,4.0
W.P. Putrajaya,2020-01-01,female,bumi_other,2.0
W.P. Putrajaya,2020-01-01,male,bumi_other,2.0
W.P. Putrajaya,2020-01-01,both,chinese,4.0
W.P. Putrajaya,2020-01-01,female,chinese,2.0
W.P. Putrajaya,2020-01-01,male,chinese,2.0
W.P. Putrajaya,2020-01-01,both,indian,4.0
W.P. Putrajaya,2020-01-01,female,indian,2.0
W.P. Putrajaya,2020-01-01,male,indian,2.0
W.P. Putrajaya,2020-01-01,both,other_citizen,0.0
W.P. Putrajaya,2020-01-01,female,other_citizen,0.0
W.P. Putrajaya,2020-01-01,male,other_citizen,0.0
W.P. Putrajaya,2020-01-01,both,other_noncitizen,1.0
W.P. Putrajaya,2020-01-01,female,other_noncitizen,1.0
W.P. Putrajaya,2020-01-01,male,other_noncitizen,0.0
W.P. Putrajaya,2020-01-01,both,overall,211.0
W.P. Putrajaya,2020-01-01,female,overall,93.0
W.P. Putrajaya,2020-01-01,male,overall,118.0
W.P. Putrajaya,2021-01-01,both,bumi_malay,246.0
W.P. Putrajaya,2021-01-01,female,bumi_malay,102.0
W.P. Putrajaya,2021-01-01,male,bumi_malay,144.0
W.P. Putrajaya,2021-01-01,both,bumi_other,3.0
W.P. Putrajaya,2021-01-01,female,bumi_other,1.0
W.P. Putrajaya,2021-01-01,male,bumi_other,2.0
W.P. Putrajaya,2021-01-01,both,chinese,4.0
W.P. Putrajaya,2021-01-01,female,chinese,2.0
W.P. Putrajaya,2021-01-01,male,chinese,2.0
W.P. Putrajaya,2021-01-01,both,indian,11.0
W.P. Putrajaya,2021-01-01,female,indian,6.0
W.P. Putrajaya,2021-01-01,male,indian,5.0
W.P. Putrajaya,2021-01-01,both,other_citizen,1.0
W.P. Putrajaya,2021-01-01,female,other_citizen,1.0
W.P. Putrajaya,2021-01-01,male,other_citizen,0.0
W.P. Putrajaya,2021-01-01,both,other_noncitizen,1.0
W.P. Putrajaya,2021-01-01,female,other_noncitizen,0.0
W.P. Putrajaya,2021-01-01,male,other_noncitizen,1.0
W.P. Putrajaya,2021-01-01,both,overall,266.0
W.P. Putrajaya,2021-01-01,female,overall,112.0
W.P. Putrajaya,2021-01-01,male,overall,154.0
W.P. Putrajaya,2022-01-01,both,bumi_malay,230.0
W.P. Putrajaya,2022-01-01,female,bumi_malay,102.0
W.P. Putrajaya,2022-01-01,male,bumi_malay,128.0
W.P. Putrajaya,2022-01-01,both,bumi_other,3.0
W.P. Putrajaya,2022-01-01,female,bumi_other,3.0
W.P. Putrajaya,2022-01-01,male,bumi_other,0.0
W.P. Putrajaya,2022-01-01,both,chinese,4.0
W.P. Putrajaya,2022-01-01,female,chinese,3.0
W.P. Putrajaya,2022-01-01,male,chinese,1.0
W.P. Putrajaya,2022-01-01,both,indian,9.0
W.P. Putrajaya,2022-01-01,female,indian,5.0
W.P. Putrajaya,2022-01-01,male,indian,4.0
W.P. Putrajaya,2022-01-01,both,other_citizen,2.0
W.P. Putrajaya,2022-01-01,female,other_citizen,1.0
W.P. Putrajaya,2022-01-01,male,other_citizen,1.0
W.P. Putrajaya,2022-01-01,both,other_noncitizen,5.0
W.P. Putrajaya,2022-01-01,female,other_noncitizen,0.0
W.P. Putrajaya,2022-01-01,male,other_noncitizen,5.0
W.P. Putrajaya,2022-01-01,both,overall,253.0
W.P. Putrajaya,2022-01-01,female,overall,114.0
W.P. Putrajaya,2022-01-01,male,overall,139.0
W.P. Putrajaya,2023-01-01,both,bumi_malay,265.0
W.P. Putrajaya,2023-01-01,female,bumi_malay,114.0
W.P. Putrajaya,2023-01-01,male,bumi_malay,151.0
W.P. Putrajaya,2023-01-01,both,bumi_other,5.0
W.P. Putrajaya,2023-01-01,female,bumi_other,1.0
W.P. Putrajaya,2023-01-01,male,bumi_other,4.0
W.P. Putrajaya,2023-01-01,both,chinese,7.0
W.P. Putrajaya,2023-01-01,female,chinese,2.0
W.P. Putrajaya,2023-01-01,male,chinese,5.0
W.P. Putrajaya,2023-01-01,both,indian,6.0
W.P. Putrajaya,2023-01-01,female,indian,2.0
W.P. Putrajaya,2023-01-01,male,indian,4.0
W.P. Putrajaya,2023-01-01,both,other_citizen,
W.P. Putrajaya,2023-01-01,female,other_citizen,
W.P. Putrajaya,2023-01-01,male,other_citizen,
W.P. Putrajaya,2023-01-01,both,other_noncitizen,
W.P. Putrajaya,2023-01-01,female,other_noncitizen,
W.P. Putrajaya,2023-01-01,male,other_noncitizen,
W.P. Putrajaya,2023-01-01,both,overall,284.0
W.P. Putrajaya,2023-01-01,female,overall,119.0
W.P. Putrajaya,2023-01-01,male,overall,165.0
W.P. Putrajaya,2024-01-01,both,bumi_malay,282.0
W.P. Putrajaya,2024-01-01,female,bumi_malay,125.0
W.P. Putrajaya,2024-01-01,male,bumi_malay,157.0
W.P. Putrajaya,2024-01-01,both,bumi_other,7.0
W.P. Putrajaya,2024-01-01,female,bumi_other,1.0
W.P. Putrajaya,2024-01-01,male,bumi_other,6.0
W.P. Putrajaya,2024-01-01,both,chinese,5.0
W.P. Putrajaya,2024-01-01,female,chinese,2.0
W.P. Putrajaya,2024-01-01,male,chinese,3.0
W.P. Putrajaya,2024-01-01,both,indian,7.0
W.P. Putrajaya,2024-01-01,female,indian,4.0
W.P. Putrajaya,2024-01-01,male,indian,3.0
W.P. Putrajaya,2024-01-01,both,other_citizen,
W.P. Putrajaya,2024-01-01,female,other_citizen,
W.P. Putrajaya,2024-01-01,male,other_citizen,
W.P. Putrajaya,2024-01-01,both,other_noncitizen,
W.P. Putrajaya,2024-01-01,female,other_noncitizen,
W.P. Putrajaya,2024-01-01,male,other_noncitizen,
W.P. Putrajaya,2024-01-01,both,overall,302.0
W.P. Putrajaya,2024-01-01,female,overall,133.0
W.P. Putrajaya,2024-01-01,male,overall,169.0
